╔═══════════════════════════════════════════════════════════╗
║         sa-tromp: Equihash 192,7 GPU Miner              ║
║    Local verification before pool integration testing    ║
╚═══════════════════════════════════════════════════════════╝

Configuration:
  Algorithm: Equihash 192,7 (Tromp bucket-based)
  Collision detection: 24-bit per stage (NBUCKETS=1M, NSLOTS=32)
  Total nonces: 20000000 (40000000 hashes)
  Memory: ~5.8GB GPU allocation

Initializing OpenCL...
✓ OpenCL ready

Mining with test header: "test_block_header_data_192_7"

Processing in 106 batch(es) of up to 189000 nonces each
(Beignet driver limitation: max ~1.1M nonces per batch)

═══ Batch 1/106: nonces 0-188999 (189000 nonces) ═══

--- Mining batch: 189000 nonces (378000 hashes) starting at nonce 0 ---
  [DEBUG] idx=0 -> nonce g=0
  [DEBUG] idx=1 -> nonce g=0
  [DEBUG] idx=2 -> nonce g=1
  [DEBUG] idx=3 -> nonce g=1
  [DEBUG] idx=377998 -> nonce g=188999
  [DEBUG] idx=377999 -> nonce g=188999
  [DEBUG] First 10 hash bucket IDs: 418708 896256 106288 379299 818725 562266 326408 965152 686695 926481 
  [DEBUG] First hash bytes: 66 39 4c 3c
Running GPU stages 1-7...
  Stage 1: 16613 collisions in 10028 buckets (max 9 per bucket)
  [DEBUG] First 5 non-empty buckets: bucket 0=1 colls, bucket 1=1 colls, bucket 3=3 colls, bucket 4=1 colls, bucket 5=2 colls, 
  [DEBUG] First collision attr=0x205cbc1b hash=003c1292
  Stage 2: 0 collisions
  [DEBUG] Stage 2 first 10 bucket_counts: 0 0 0 0 0 0 0 0 0 0 
  Stage 3: 0 collisions
  Stage 4: 0 collisions
  Stage 5: 0 collisions
  Stage 6: 0 collisions
  Stage 7: 0 solution candidates
GPU mining complete: 0.62 seconds

No solution candidates found (need more nonces)

═══ Batch 2/106: nonces 189000-377999 (189000 nonces) ═══

--- Mining batch: 189000 nonces (378000 hashes) starting at nonce 189000 ---
  [DEBUG] idx=0 -> nonce g=189000
  [DEBUG] idx=1 -> nonce g=189000
  [DEBUG] idx=2 -> nonce g=189001
  [DEBUG] idx=3 -> nonce g=189001
  [DEBUG] idx=377998 -> nonce g=377999
  [DEBUG] idx=377999 -> nonce g=377999
  [DEBUG] First 10 hash bucket IDs: 901653 493371 353512 716123 327033 468810 545270 319216 615188 647966 
  [DEBUG] First hash bytes: dc 21 5b 9b
Running GPU stages 1-7...
  Stage 1: 17019 collisions in 10218 buckets (max 9 per bucket)
  [DEBUG] First 5 non-empty buckets: bucket 0=1 colls, bucket 1=1 colls, bucket 2=1 colls, bucket 3=1 colls, bucket 5=1 colls, 
  [DEBUG] First collision attr=0x21afec0d hash=005835e4
  Stage 2: 8893 collisions
  [DEBUG] Stage 2 first 10 bucket_counts: 0 0 0 0 0 0 0 0 0 0 
  Stage 3: 2427 collisions
  Stage 4: 182 collisions
  Stage 5: 7 collisions
  Stage 6: 15 collisions
  Stage 7: 105 solution candidates
GPU mining complete: 0.72 seconds

Extracting and verifying 105 candidate(s)...
  Candidate 1: ✗ Duplicate indices (skipped)
  Candidate 2: ✗ Duplicate indices (skipped)
  Candidate 3: ✗ Duplicate indices (skipped)
  Candidate 4: ✗ Duplicate indices (skipped)
  Candidate 5: ✗ Duplicate indices (skipped)
  Candidate 6: ✗ Duplicate indices (skipped)
  Candidate 7: ✗ Duplicate indices (skipped)
  Candidate 8: ✗ Duplicate indices (skipped)
  Candidate 9: ✗ Duplicate indices (skipped)
  Candidate 10: ✗ Duplicate indices (skipped)
  Candidate 11: ✗ Duplicate indices (skipped)
  Candidate 12: ✗ Duplicate indices (skipped)
  Candidate 13: ✗ Duplicate indices (skipped)
  Candidate 14: ✗ Duplicate indices (skipped)
  Candidate 15: ✗ Duplicate indices (skipped)
  Candidate 16: ✗ Duplicate indices (skipped)
  Candidate 17: ✗ Duplicate indices (skipped)
  Candidate 18: ✗ Duplicate indices (skipped)
  Candidate 19: ✗ Duplicate indices (skipped)
  Candidate 20: ✗ Duplicate indices (skipped)
  Candidate 21: ✗ Duplicate indices (skipped)
  Candidate 22: ✗ Duplicate indices (skipped)
  Candidate 23: ✗ Duplicate indices (skipped)
  Candidate 24: ✗ Duplicate indices (skipped)
  Candidate 25: ✗ Duplicate indices (skipped)
  Candidate 26: ✗ Duplicate indices (skipped)
  Candidate 27: ✗ Duplicate indices (skipped)
  Candidate 28: ✗ Duplicate indices (skipped)
  Candidate 29: ✗ Duplicate indices (skipped)
  Candidate 30: ✗ Duplicate indices (skipped)
  Candidate 31: ✗ Duplicate indices (skipped)
  Candidate 32: ✗ Duplicate indices (skipped)

Batch results: 0 valid solution(s) from 105 candidates

═══ Batch 3/106: nonces 378000-566999 (189000 nonces) ═══

--- Mining batch: 189000 nonces (378000 hashes) starting at nonce 378000 ---
  [DEBUG] idx=0 -> nonce g=378000
  [DEBUG] idx=1 -> nonce g=378000
  [DEBUG] idx=2 -> nonce g=378001
  [DEBUG] idx=3 -> nonce g=378001
  [DEBUG] idx=377998 -> nonce g=566999
  [DEBUG] idx=377999 -> nonce g=566999
  [DEBUG] First 10 hash bucket IDs: 199309 308490 676536 278207 410931 362333 135956 935913 409668 940764 
  [DEBUG] First hash bytes: 30 a8 d9 20
Running GPU stages 1-7...
  Stage 1: 16877 collisions in 10149 buckets (max 10 per bucket)
  [DEBUG] First 5 non-empty buckets: bucket 0=2 colls, bucket 1=1 colls, bucket 5=1 colls, bucket 8=2 colls, bucket 10=1 colls, 
  [DEBUG] First collision attr=0x23d9a921 hash=0092dc6f
  Stage 2: 8756 collisions
  [DEBUG] Stage 2 first 10 bucket_counts: 0 0 0 0 0 0 0 0 0 0 
  Stage 3: 2440 collisions
  Stage 4: 179 collisions
  Stage 5: 5 collisions
  Stage 6: 3 collisions
  Stage 7: 3 solution candidates
GPU mining complete: 0.69 seconds

Extracting and verifying 3 candidate(s)...
  Candidate 1: ✗ Duplicate indices (skipped)
  Candidate 2: ✗ Duplicate indices (skipped)
  Candidate 3: ✗ Duplicate indices (skipped)

Batch results: 0 valid solution(s) from 3 candidates

═══ Batch 4/106: nonces 567000-755999 (189000 nonces) ═══

--- Mining batch: 189000 nonces (378000 hashes) starting at nonce 567000 ---
  [DEBUG] idx=0 -> nonce g=567000
  [DEBUG] idx=1 -> nonce g=567000
  [DEBUG] idx=2 -> nonce g=567001
  [DEBUG] idx=3 -> nonce g=567001
  [DEBUG] idx=377998 -> nonce g=755999
  [DEBUG] idx=377999 -> nonce g=755999
  [DEBUG] First 10 hash bucket IDs: 699269 389867 461819 1020485 313780 440570 719160 675387 167122 322245 
  [DEBUG] First hash bytes: aa b8 56 11
Running GPU stages 1-7...
  Stage 1: 11129 collisions in 6681 buckets (max 9 per bucket)
  [DEBUG] First 5 non-empty buckets: bucket 0=1 colls, bucket 1=1 colls, bucket 2=1 colls, bucket 3=1 colls, bucket 4=3 colls, 
  [DEBUG] First collision attr=0x162aedbc hash=0031b79a
  Stage 2: 0 collisions
  [DEBUG] Stage 2 first 10 bucket_counts: 0 0 0 0 0 0 0 0 0 0 
  Stage 3: 0 collisions
  Stage 4: 0 collisions
  Stage 5: 0 collisions
  Stage 6: 0 collisions
  Stage 7: 0 solution candidates
GPU mining complete: 0.61 seconds

No solution candidates found (need more nonces)

═══ Batch 5/106: nonces 756000-944999 (189000 nonces) ═══

--- Mining batch: 189000 nonces (378000 hashes) starting at nonce 756000 ---
  [DEBUG] idx=0 -> nonce g=756000
  [DEBUG] idx=1 -> nonce g=756000
  [DEBUG] idx=2 -> nonce g=756001
  [DEBUG] idx=3 -> nonce g=756001
  [DEBUG] idx=377998 -> nonce g=944999
  [DEBUG] idx=377999 -> nonce g=944999
  [DEBUG] First 10 hash bucket IDs: 87327 132079 683707 942329 284342 920961 971596 172132 796691 111888 
  [DEBUG] First hash bytes: 15 51 f4 fc
Running GPU stages 1-7...
  Stage 1: 17151 collisions in 10257 buckets (max 9 per bucket)
  [DEBUG] First 5 non-empty buckets: bucket 0=2 colls, bucket 1=1 colls, bucket 2=1 colls, bucket 5=5 colls, bucket 6=8 colls, 
  [DEBUG] First collision attr=0x274f262d hash=00de0880
  Stage 2: 8971 collisions
  [DEBUG] Stage 2 first 10 bucket_counts: 0 0 0 0 0 0 0 0 0 0 
  Stage 3: 2415 collisions
  Stage 4: 192 collisions
  Stage 5: 0 collisions
  Stage 6: 0 collisions
  Stage 7: 0 solution candidates
GPU mining complete: 0.69 seconds

No solution candidates found (need more nonces)

═══ Batch 6/106: nonces 945000-1133999 (189000 nonces) ═══

--- Mining batch: 189000 nonces (378000 hashes) starting at nonce 945000 ---
  [DEBUG] idx=0 -> nonce g=945000
  [DEBUG] idx=1 -> nonce g=945000
  [DEBUG] idx=2 -> nonce g=945001
  [DEBUG] idx=3 -> nonce g=945001
  [DEBUG] idx=377998 -> nonce g=1133999
  [DEBUG] idx=377999 -> nonce g=1133999
  [DEBUG] First 10 hash bucket IDs: 163083 1030165 205311 885855 264319 649740 342498 728857 506660 377674 
  [DEBUG] First hash bytes: 27 d0 b6 5b
Running GPU stages 1-7...
  Stage 1: 17024 collisions in 10236 buckets (max 9 per bucket)
  [DEBUG] First 5 non-empty buckets: bucket 1=1 colls, bucket 2=2 colls, bucket 4=1 colls, bucket 7=2 colls, bucket 8=1 colls, 
  [DEBUG] First collision attr=0x00000000 hash=00000000
  Stage 2: 8845 collisions
  [DEBUG] Stage 2 first 10 bucket_counts: 0 0 0 0 0 0 0 0 0 0 
  Stage 3: 2420 collisions
  Stage 4: 168 collisions
  Stage 5: 1 collisions
  Stage 6: 0 collisions
  Stage 7: 0 solution candidates
GPU mining complete: 0.68 seconds

No solution candidates found (need more nonces)

═══ Batch 7/106: nonces 1134000-1322999 (189000 nonces) ═══

--- Mining batch: 189000 nonces (378000 hashes) starting at nonce 1134000 ---
  [DEBUG] idx=0 -> nonce g=1134000
  [DEBUG] idx=1 -> nonce g=1134000
  [DEBUG] idx=2 -> nonce g=1134001
  [DEBUG] idx=3 -> nonce g=1134001
  [DEBUG] idx=377998 -> nonce g=1322999
  [DEBUG] idx=377999 -> nonce g=1322999
  [DEBUG] First 10 hash bucket IDs: 125523 170142 493481 272394 608430 1021637 12265 929701 591252 523114 
  [DEBUG] First hash bytes: 1e a5 32 62
Running GPU stages 1-7...
  Stage 1: 16685 collisions in 10113 buckets (max 10 per bucket)
  [DEBUG] First 5 non-empty buckets: bucket 0=2 colls, bucket 1=1 colls, bucket 2=1 colls, bucket 3=1 colls, bucket 4=2 colls, 
  [DEBUG] First collision attr=0x060f9d5b hash=0074be7d
  Stage 2: 0 collisions
  [DEBUG] Stage 2 first 10 bucket_counts: 0 0 0 0 0 0 0 0 0 0 
  Stage 3: 0 collisions
  Stage 4: 0 collisions
  Stage 5: 0 collisions
  Stage 6: 0 collisions
  Stage 7: 0 solution candidates
GPU mining complete: 0.61 seconds

No solution candidates found (need more nonces)

═══ Batch 8/106: nonces 1323000-1511999 (189000 nonces) ═══

--- Mining batch: 189000 nonces (378000 hashes) starting at nonce 1323000 ---
  [DEBUG] idx=0 -> nonce g=1323000
  [DEBUG] idx=1 -> nonce g=1323000
  [DEBUG] idx=2 -> nonce g=1323001
  [DEBUG] idx=3 -> nonce g=1323001
  [DEBUG] idx=377998 -> nonce g=1511999
  [DEBUG] idx=377999 -> nonce g=1511999
  [DEBUG] First 10 hash bucket IDs: 371085 721512 29363 971560 902652 496737 88194 421421 595540 707666 
  [DEBUG] First hash bytes: 5a 98 d8 1c
Running GPU stages 1-7...
  Stage 1: 17132 collisions in 10363 buckets (max 9 per bucket)
  [DEBUG] First 5 non-empty buckets: bucket 0=2 colls, bucket 1=3 colls, bucket 2=2 colls, bucket 3=1 colls, bucket 5=2 colls, 
  [DEBUG] First collision attr=0x01f375f5 hash=006995c1
  Stage 2: 9004 collisions
  [DEBUG] Stage 2 first 10 bucket_counts: 0 0 0 0 0 0 0 0 0 0 
  Stage 3: 2492 collisions
  Stage 4: 184 collisions
  Stage 5: 1 collisions
  Stage 6: 0 collisions
  Stage 7: 0 solution candidates
GPU mining complete: 0.68 seconds

No solution candidates found (need more nonces)

═══ Batch 9/106: nonces 1512000-1700999 (189000 nonces) ═══

--- Mining batch: 189000 nonces (378000 hashes) starting at nonce 1512000 ---
  [DEBUG] idx=0 -> nonce g=1512000
  [DEBUG] idx=1 -> nonce g=1512000
  [DEBUG] idx=2 -> nonce g=1512001
  [DEBUG] idx=3 -> nonce g=1512001
  [DEBUG] idx=377998 -> nonce g=1700999
  [DEBUG] idx=377999 -> nonce g=1700999
  [DEBUG] First 10 hash bucket IDs: 884793 889933 789470 72978 733251 522909 330948 293276 1041217 153421 
  [DEBUG] First hash bytes: d8 03 9a 18
Running GPU stages 1-7...
  Stage 1: 16809 collisions in 10074 buckets (max 9 per bucket)
  [DEBUG] First 5 non-empty buckets: bucket 1=1 colls, bucket 4=1 colls, bucket 5=1 colls, bucket 6=2 colls, bucket 8=1 colls, 
  [DEBUG] First collision attr=0x00000000 hash=00000000
  Stage 2: 0 collisions
  [DEBUG] Stage 2 first 10 bucket_counts: 0 0 0 0 0 0 0 0 0 0 
  Stage 3: 0 collisions
  Stage 4: 0 collisions
  Stage 5: 0 collisions
  Stage 6: 0 collisions
  Stage 7: 0 solution candidates
GPU mining complete: 0.61 seconds

No solution candidates found (need more nonces)

═══ Batch 10/106: nonces 1701000-1889999 (189000 nonces) ═══

--- Mining batch: 189000 nonces (378000 hashes) starting at nonce 1701000 ---
  [DEBUG] idx=0 -> nonce g=1701000
  [DEBUG] idx=1 -> nonce g=1701000
  [DEBUG] idx=2 -> nonce g=1701001
  [DEBUG] idx=3 -> nonce g=1701001
  [DEBUG] idx=377998 -> nonce g=1889999
  [DEBUG] idx=377999 -> nonce g=1889999
  [DEBUG] First 10 hash bucket IDs: 742788 808465 635632 201180 21512 825812 78283 697075 20775 194025 
  [DEBUG] First hash bytes: b5 58 4c ea
Running GPU stages 1-7...
  Stage 1: 17278 collisions in 10345 buckets (max 11 per bucket)
  [DEBUG] First 5 non-empty buckets: bucket 2=2 colls, bucket 3=2 colls, bucket 5=1 colls, bucket 6=1 colls, bucket 7=2 colls, 
  [DEBUG] First collision attr=0x00000000 hash=00000000
  Stage 2: 9060 collisions
  [DEBUG] Stage 2 first 10 bucket_counts: 0 0 0 0 0 0 0 0 0 0 
  Stage 3: 2427 collisions
  Stage 4: 182 collisions
  Stage 5: 0 collisions
  Stage 6: 0 collisions
  Stage 7: 0 solution candidates
GPU mining complete: 0.68 seconds

No solution candidates found (need more nonces)

═══ Batch 11/106: nonces 1890000-2078999 (189000 nonces) ═══

--- Mining batch: 189000 nonces (378000 hashes) starting at nonce 1890000 ---
  [DEBUG] idx=0 -> nonce g=1890000
  [DEBUG] idx=1 -> nonce g=1890000
  [DEBUG] idx=2 -> nonce g=1890001
  [DEBUG] idx=3 -> nonce g=1890001
  [DEBUG] idx=377998 -> nonce g=2078999
  [DEBUG] idx=377999 -> nonce g=2078999
  [DEBUG] First 10 hash bucket IDs: 1039420 965162 615156 297100 106872 681491 23141 490247 325794 404137 
  [DEBUG] First hash bytes: fd c3 c4 97
Running GPU stages 1-7...
  Stage 1: 16880 collisions in 10128 buckets (max 11 per bucket)
  [DEBUG] First 5 non-empty buckets: bucket 1=1 colls, bucket 5=1 colls, bucket 6=1 colls, bucket 7=3 colls, bucket 8=1 colls, 
  [DEBUG] First collision attr=0x00000000 hash=00000000
  Stage 2: 8790 collisions
  [DEBUG] Stage 2 first 10 bucket_counts: 0 0 0 0 0 0 0 0 0 0 
  Stage 3: 2361 collisions
  Stage 4: 148 collisions
  Stage 5: 0 collisions
  Stage 6: 0 collisions
  Stage 7: 0 solution candidates
GPU mining complete: 0.67 seconds

No solution candidates found (need more nonces)

═══ Batch 12/106: nonces 2079000-2267999 (189000 nonces) ═══

--- Mining batch: 189000 nonces (378000 hashes) starting at nonce 2079000 ---
  [DEBUG] idx=0 -> nonce g=2079000
  [DEBUG] idx=1 -> nonce g=2079000
  [DEBUG] idx=2 -> nonce g=2079001
  [DEBUG] idx=3 -> nonce g=2079001
  [DEBUG] idx=377998 -> nonce g=2267999
  [DEBUG] idx=377999 -> nonce g=2267999
  [DEBUG] First 10 hash bucket IDs: 609513 174491 767690 657783 235901 887086 875868 1019170 63438 774714 
  [DEBUG] First hash bytes: 94 ce 98 cd
Running GPU stages 1-7...
  Stage 1: 16811 collisions in 10127 buckets (max 11 per bucket)
  [DEBUG] First 5 non-empty buckets: bucket 0=1 colls, bucket 1=1 colls, bucket 2=1 colls, bucket 4=3 colls, bucket 5=1 colls, 
  [DEBUG] First collision attr=0x0927cc2c hash=00ea79de
  Stage 2: 0 collisions
  [DEBUG] Stage 2 first 10 bucket_counts: 0 0 0 0 0 0 0 0 0 0 
  Stage 3: 0 collisions
  Stage 4: 0 collisions
  Stage 5: 0 collisions
  Stage 6: 0 collisions
  Stage 7: 0 solution candidates
GPU mining complete: 0.61 seconds

No solution candidates found (need more nonces)

═══ Batch 13/106: nonces 2268000-2456999 (189000 nonces) ═══

--- Mining batch: 189000 nonces (378000 hashes) starting at nonce 2268000 ---
  [DEBUG] idx=0 -> nonce g=2268000
  [DEBUG] idx=1 -> nonce g=2268000
  [DEBUG] idx=2 -> nonce g=2268001
  [DEBUG] idx=3 -> nonce g=2268001
  [DEBUG] idx=377998 -> nonce g=2456999
  [DEBUG] idx=377999 -> nonce g=2456999
  [DEBUG] First 10 hash bucket IDs: 184188 195023 921036 801600 751729 579122 718566 565149 531728 495985 
  [DEBUG] First hash bytes: 2c f7 cc fd
Running GPU stages 1-7...
  Stage 1: 16943 collisions in 10217 buckets (max 10 per bucket)
  [DEBUG] First 5 non-empty buckets: bucket 1=2 colls, bucket 4=1 colls, bucket 6=3 colls, bucket 10=1 colls, bucket 11=1 colls, 
  [DEBUG] First collision attr=0x00000000 hash=00000000
  Stage 2: 8869 collisions
  [DEBUG] Stage 2 first 10 bucket_counts: 0 0 0 0 0 0 0 0 0 0 
  Stage 3: 2449 collisions
  Stage 4: 183 collisions
  Stage 5: 0 collisions
  Stage 6: 0 collisions
  Stage 7: 0 solution candidates
GPU mining complete: 0.68 seconds

No solution candidates found (need more nonces)

═══ Batch 14/106: nonces 2457000-2645999 (189000 nonces) ═══

--- Mining batch: 189000 nonces (378000 hashes) starting at nonce 2457000 ---
  [DEBUG] idx=0 -> nonce g=2457000
  [DEBUG] idx=1 -> nonce g=2457000
  [DEBUG] idx=2 -> nonce g=2457001
  [DEBUG] idx=3 -> nonce g=2457001
  [DEBUG] idx=377998 -> nonce g=2645999
  [DEBUG] idx=377999 -> nonce g=2645999
  [DEBUG] First 10 hash bucket IDs: 958455 605440 718079 378438 1041311 612945 1006113 351113 138146 571840 
  [DEBUG] First hash bytes: e9 ff 70 47
Running GPU stages 1-7...
  Stage 1: 17192 collisions in 10377 buckets (max 11 per bucket)
  [DEBUG] First 5 non-empty buckets: bucket 2=2 colls, bucket 3=1 colls, bucket 8=3 colls, bucket 10=2 colls, bucket 12=1 colls, 
  [DEBUG] First collision attr=0x00000000 hash=00000000
  Stage 2: 9335 collisions
  [DEBUG] Stage 2 first 10 bucket_counts: 0 0 0 0 0 0 0 0 0 0 
  Stage 3: 2646 collisions
  Stage 4: 241 collisions
  Stage 5: 0 collisions
  Stage 6: 0 collisions
  Stage 7: 0 solution candidates
GPU mining complete: 0.68 seconds

No solution candidates found (need more nonces)

═══ Batch 15/106: nonces 2646000-2834999 (189000 nonces) ═══

--- Mining batch: 189000 nonces (378000 hashes) starting at nonce 2646000 ---
  [DEBUG] idx=0 -> nonce g=2646000
  [DEBUG] idx=1 -> nonce g=2646000
  [DEBUG] idx=2 -> nonce g=2646001
  [DEBUG] idx=3 -> nonce g=2646001
  [DEBUG] idx=377998 -> nonce g=2834999
  [DEBUG] idx=377999 -> nonce g=2834999
  [DEBUG] First 10 hash bucket IDs: 600445 403979 577542 271349 834872 420799 725944 595681 95648 775263 
  [DEBUG] First hash bytes: 92 97 da 16
Running GPU stages 1-7...
  Stage 1: 16750 collisions in 10074 buckets (max 9 per bucket)
  [DEBUG] First 5 non-empty buckets: bucket 0=1 colls, bucket 2=1 colls, bucket 3=1 colls, bucket 4=2 colls, bucket 6=2 colls, 
  [DEBUG] First collision attr=0x00cba9af hash=0039ea1d
  Stage 2: 0 collisions
  [DEBUG] Stage 2 first 10 bucket_counts: 0 0 0 0 0 0 0 0 0 0 
  Stage 3: 0 collisions
  Stage 4: 0 collisions
  Stage 5: 0 collisions
  Stage 6: 0 collisions
  Stage 7: 0 solution candidates
GPU mining complete: 0.61 seconds

No solution candidates found (need more nonces)

═══ Batch 16/106: nonces 2835000-3023999 (189000 nonces) ═══

--- Mining batch: 189000 nonces (378000 hashes) starting at nonce 2835000 ---
  [DEBUG] idx=0 -> nonce g=2835000
  [DEBUG] idx=1 -> nonce g=2835000
  [DEBUG] idx=2 -> nonce g=2835001
  [DEBUG] idx=3 -> nonce g=2835001
  [DEBUG] idx=377998 -> nonce g=3023999
  [DEBUG] idx=377999 -> nonce g=3023999
  [DEBUG] First 10 hash bucket IDs: 266084 942286 436254 571165 208573 504671 560643 866534 955975 734412 
  [DEBUG] First hash bytes: 40 f6 45 86
Running GPU stages 1-7...
  Stage 1: 16999 collisions in 10223 buckets (max 11 per bucket)
  [DEBUG] First 5 non-empty buckets: bucket 0=1 colls, bucket 1=1 colls, bucket 2=3 colls, bucket 3=1 colls, bucket 4=1 colls, 
  [DEBUG] First collision attr=0x02b850d9 hash=00100636
  Stage 2: 8888 collisions
  [DEBUG] Stage 2 first 10 bucket_counts: 0 0 0 0 0 0 0 0 0 0 
  Stage 3: 2432 collisions
  Stage 4: 179 collisions
  Stage 5: 1 collisions
  Stage 6: 0 collisions
  Stage 7: 0 solution candidates
GPU mining complete: 0.70 seconds

No solution candidates found (need more nonces)

═══ Batch 17/106: nonces 3024000-3212999 (189000 nonces) ═══

--- Mining batch: 189000 nonces (378000 hashes) starting at nonce 3024000 ---
  [DEBUG] idx=0 -> nonce g=3024000
  [DEBUG] idx=1 -> nonce g=3024000
  [DEBUG] idx=2 -> nonce g=3024001
  [DEBUG] idx=3 -> nonce g=3024001
  [DEBUG] idx=377998 -> nonce g=3212999
  [DEBUG] idx=377999 -> nonce g=3212999
  [DEBUG] First 10 hash bucket IDs: 211946 162110 754261 727113 1003451 348680 636353 579760 527304 315415 
  [DEBUG] First hash bytes: 33 be a5 91
Running GPU stages 1-7...
  Stage 1: 16741 collisions in 10113 buckets (max 11 per bucket)
  [DEBUG] First 5 non-empty buckets: bucket 0=1 colls, bucket 1=2 colls, bucket 2=1 colls, bucket 5=2 colls, bucket 6=1 colls, 
  [DEBUG] First collision attr=0x3f1ce347 hash=00f4b3f3
  Stage 2: 0 collisions
  [DEBUG] Stage 2 first 10 bucket_counts: 0 0 0 0 0 0 0 0 0 0 
  Stage 3: 0 collisions
  Stage 4: 0 collisions
  Stage 5: 0 collisions
  Stage 6: 0 collisions
  Stage 7: 0 solution candidates
GPU mining complete: 0.61 seconds

No solution candidates found (need more nonces)

═══ Batch 18/106: nonces 3213000-3401999 (189000 nonces) ═══

--- Mining batch: 189000 nonces (378000 hashes) starting at nonce 3213000 ---
  [DEBUG] idx=0 -> nonce g=3213000
  [DEBUG] idx=1 -> nonce g=3213000
  [DEBUG] idx=2 -> nonce g=3213001
  [DEBUG] idx=3 -> nonce g=3213001
  [DEBUG] idx=377998 -> nonce g=3401999
  [DEBUG] idx=377999 -> nonce g=3401999
  [DEBUG] First 10 hash bucket IDs: 134392 453226 287203 841406 396654 427435 245789 845436 35855 958780 
  [DEBUG] First hash bytes: 20 cf 8a fc
Running GPU stages 1-7...
  Stage 1: 16997 collisions in 10260 buckets (max 10 per bucket)
  [DEBUG] First 5 non-empty buckets: bucket 0=2 colls, bucket 1=1 colls, bucket 5=1 colls, bucket 6=2 colls, bucket 7=1 colls, 
  [DEBUG] First collision attr=0x0351b6ab hash=004ab1d7
  Stage 2: 8845 collisions
  [DEBUG] Stage 2 first 10 bucket_counts: 0 0 0 0 0 0 0 0 0 0 
  Stage 3: 2382 collisions
  Stage 4: 173 collisions
  Stage 5: 0 collisions
  Stage 6: 0 collisions
  Stage 7: 0 solution candidates
GPU mining complete: 0.68 seconds

No solution candidates found (need more nonces)

═══ Batch 19/106: nonces 3402000-3590999 (189000 nonces) ═══

--- Mining batch: 189000 nonces (378000 hashes) starting at nonce 3402000 ---
  [DEBUG] idx=0 -> nonce g=3402000
  [DEBUG] idx=1 -> nonce g=3402000
  [DEBUG] idx=2 -> nonce g=3402001
  [DEBUG] idx=3 -> nonce g=3402001
  [DEBUG] idx=377998 -> nonce g=3590999
  [DEBUG] idx=377999 -> nonce g=3590999
  [DEBUG] First 10 hash bucket IDs: 346901 1038620 435001 102702 84613 381667 211822 222835 190667 769015 
  [DEBUG] First hash bytes: 54 b1 55 24
Running GPU stages 1-7...
  Stage 1: 16945 collisions in 10260 buckets (max 8 per bucket)
  [DEBUG] First 5 non-empty buckets: bucket 0=1 colls, bucket 1=2 colls, bucket 2=1 colls, bucket 3=1 colls, bucket 6=2 colls, 
  [DEBUG] First collision attr=0x26e23603 hash=005f3d9d
  Stage 2: 8594 collisions
  [DEBUG] Stage 2 first 10 bucket_counts: 0 0 0 0 0 0 0 0 0 0 
  Stage 3: 2325 collisions
  Stage 4: 155 collisions
  Stage 5: 0 collisions
  Stage 6: 0 collisions
  Stage 7: 0 solution candidates
GPU mining complete: 0.67 seconds

No solution candidates found (need more nonces)

═══ Batch 20/106: nonces 3591000-3779999 (189000 nonces) ═══

--- Mining batch: 189000 nonces (378000 hashes) starting at nonce 3591000 ---
  [DEBUG] idx=0 -> nonce g=3591000
  [DEBUG] idx=1 -> nonce g=3591000
  [DEBUG] idx=2 -> nonce g=3591001
  [DEBUG] idx=3 -> nonce g=3591001
  [DEBUG] idx=377998 -> nonce g=3779999
  [DEBUG] idx=377999 -> nonce g=3779999
  [DEBUG] First 10 hash bucket IDs: 714273 1014033 182487 970584 305227 542113 415361 878661 517880 421213 
  [DEBUG] First hash bytes: ae 62 19 98
Running GPU stages 1-7...
  Stage 1: 16987 collisions in 10167 buckets (max 9 per bucket)
  [DEBUG] First 5 non-empty buckets: bucket 0=1 colls, bucket 1=4 colls, bucket 2=1 colls, bucket 3=2 colls, bucket 5=2 colls, 
  [DEBUG] First collision attr=0x063ce69f hash=00ee4dc1
  Stage 2: 0 collisions
  [DEBUG] Stage 2 first 10 bucket_counts: 0 0 0 0 0 0 0 0 0 0 
  Stage 3: 0 collisions
  Stage 4: 0 collisions
  Stage 5: 0 collisions
  Stage 6: 0 collisions
  Stage 7: 0 solution candidates
GPU mining complete: 0.61 seconds

No solution candidates found (need more nonces)

═══ Batch 21/106: nonces 3780000-3968999 (189000 nonces) ═══

--- Mining batch: 189000 nonces (378000 hashes) starting at nonce 3780000 ---
  [DEBUG] idx=0 -> nonce g=3780000
  [DEBUG] idx=1 -> nonce g=3780000
  [DEBUG] idx=2 -> nonce g=3780001
  [DEBUG] idx=3 -> nonce g=3780001
  [DEBUG] idx=377998 -> nonce g=3968999
  [DEBUG] idx=377999 -> nonce g=3968999
  [DEBUG] First 10 hash bucket IDs: 676780 365303 820796 879600 951080 659481 729326 599540 392425 864066 
  [DEBUG] First hash bytes: a5 3a c7 03
Running GPU stages 1-7...
  Stage 1: 16964 collisions in 10272 buckets (max 8 per bucket)
  [DEBUG] First 5 non-empty buckets: bucket 2=1 colls, bucket 5=1 colls, bucket 6=2 colls, bucket 7=1 colls, bucket 8=1 colls, 
  [DEBUG] First collision attr=0x00000000 hash=00000000
  Stage 2: 8690 collisions
  [DEBUG] Stage 2 first 10 bucket_counts: 0 0 0 0 0 0 0 0 0 0 
  Stage 3: 2400 collisions
  Stage 4: 187 collisions
  Stage 5: 2 collisions
  Stage 6: 0 collisions
  Stage 7: 0 solution candidates
GPU mining complete: 0.68 seconds

No solution candidates found (need more nonces)

═══ Batch 22/106: nonces 3969000-4157999 (189000 nonces) ═══

--- Mining batch: 189000 nonces (378000 hashes) starting at nonce 3969000 ---
  [DEBUG] idx=0 -> nonce g=3969000
  [DEBUG] idx=1 -> nonce g=3969000
  [DEBUG] idx=2 -> nonce g=3969001
  [DEBUG] idx=3 -> nonce g=3969001
  [DEBUG] idx=377998 -> nonce g=4157999
  [DEBUG] idx=377999 -> nonce g=4157999
  [DEBUG] First 10 hash bucket IDs: 1045506 256020 317916 750706 620313 588069 596230 67648 219629 346284 
  [DEBUG] First hash bytes: ff 40 22 5a
Running GPU stages 1-7...
  Stage 1: 16974 collisions in 10218 buckets (max 12 per bucket)
  [DEBUG] First 5 non-empty buckets: bucket 1=1 colls, bucket 2=2 colls, bucket 3=1 colls, bucket 6=4 colls, bucket 7=3 colls, 
  [DEBUG] First collision attr=0x00000000 hash=00000000
  Stage 2: 9055 collisions
  [DEBUG] Stage 2 first 10 bucket_counts: 0 0 0 0 0 0 0 0 0 0 
  Stage 3: 2502 collisions
  Stage 4: 186 collisions
  Stage 5: 0 collisions
  Stage 6: 0 collisions
  Stage 7: 0 solution candidates
GPU mining complete: 0.68 seconds

No solution candidates found (need more nonces)

═══ Batch 23/106: nonces 4158000-4346999 (189000 nonces) ═══

--- Mining batch: 189000 nonces (378000 hashes) starting at nonce 4158000 ---
  [DEBUG] idx=0 -> nonce g=4158000
  [DEBUG] idx=1 -> nonce g=4158000
  [DEBUG] idx=2 -> nonce g=4158001
  [DEBUG] idx=3 -> nonce g=4158001
  [DEBUG] idx=377998 -> nonce g=4346999
  [DEBUG] idx=377999 -> nonce g=4346999
  [DEBUG] First 10 hash bucket IDs: 353045 276090 153338 245992 997091 490932 912311 451370 549083 918066 
  [DEBUG] First hash bytes: 56 31 53 4f
Running GPU stages 1-7...
  Stage 1: 17017 collisions in 10187 buckets (max 9 per bucket)
  [DEBUG] First 5 non-empty buckets: bucket 0=4 colls, bucket 1=1 colls, bucket 2=2 colls, bucket 4=1 colls, bucket 7=1 colls, 
  [DEBUG] First collision attr=0x014c9cb3 hash=006b72e8
  Stage 2: 0 collisions
  [DEBUG] Stage 2 first 10 bucket_counts: 0 0 0 0 0 0 0 0 0 0 
  Stage 3: 0 collisions
  Stage 4: 0 collisions
  Stage 5: 0 collisions
  Stage 6: 0 collisions
  Stage 7: 0 solution candidates
GPU mining complete: 0.61 seconds

No solution candidates found (need more nonces)

═══ Batch 24/106: nonces 4347000-4535999 (189000 nonces) ═══

--- Mining batch: 189000 nonces (378000 hashes) starting at nonce 4347000 ---
  [DEBUG] idx=0 -> nonce g=4347000
  [DEBUG] idx=1 -> nonce g=4347000
  [DEBUG] idx=2 -> nonce g=4347001
  [DEBUG] idx=3 -> nonce g=4347001
  [DEBUG] idx=377998 -> nonce g=4535999
  [DEBUG] idx=377999 -> nonce g=4535999
  [DEBUG] First 10 hash bucket IDs: 1021441 735060 277199 587589 1021387 386084 778043 817768 168468 323900 
  [DEBUG] First hash bytes: f9 60 13 78
Running GPU stages 1-7...
  Stage 1: 17203 collisions in 10294 buckets (max 9 per bucket)
  [DEBUG] First 5 non-empty buckets: bucket 1=1 colls, bucket 3=2 colls, bucket 4=2 colls, bucket 7=1 colls, bucket 8=2 colls, 
  [DEBUG] First collision attr=0x00000000 hash=00000000
  Stage 2: 9054 collisions
  [DEBUG] Stage 2 first 10 bucket_counts: 0 0 0 0 0 0 0 0 0 0 
  Stage 3: 2461 collisions
  Stage 4: 177 collisions
  Stage 5: 5 collisions
  Stage 6: 3 collisions
  Stage 7: 3 solution candidates
GPU mining complete: 0.68 seconds

Extracting and verifying 3 candidate(s)...
  Candidate 1: ✗ Duplicate indices (skipped)
  Candidate 2: ✗ Duplicate indices (skipped)
  Candidate 3: ✗ Duplicate indices (skipped)

Batch results: 0 valid solution(s) from 3 candidates

═══ Batch 25/106: nonces 4536000-4724999 (189000 nonces) ═══

--- Mining batch: 189000 nonces (378000 hashes) starting at nonce 4536000 ---
  [DEBUG] idx=0 -> nonce g=4536000
  [DEBUG] idx=1 -> nonce g=4536000
  [DEBUG] idx=2 -> nonce g=4536001
  [DEBUG] idx=3 -> nonce g=4536001
  [DEBUG] idx=377998 -> nonce g=4724999
  [DEBUG] idx=377999 -> nonce g=4724999
  [DEBUG] First 10 hash bucket IDs: 245689 537595 1025040 321649 609836 45008 798982 957439 903256 269627 
  [DEBUG] First hash bytes: 3b fb 94 0d
Running GPU stages 1-7...
  Stage 1: 17001 collisions in 10247 buckets (max 9 per bucket)
  [DEBUG] First 5 non-empty buckets: bucket 0=1 colls, bucket 4=2 colls, bucket 5=1 colls, bucket 6=2 colls, bucket 9=1 colls, 
  [DEBUG] First collision attr=0x2a0135d5 hash=00dc992e
  Stage 2: 0 collisions
  [DEBUG] Stage 2 first 10 bucket_counts: 0 0 0 0 0 0 0 0 0 0 
  Stage 3: 0 collisions
  Stage 4: 0 collisions
  Stage 5: 0 collisions
  Stage 6: 0 collisions
  Stage 7: 0 solution candidates
GPU mining complete: 0.62 seconds

No solution candidates found (need more nonces)

═══ Batch 26/106: nonces 4725000-4913999 (189000 nonces) ═══

--- Mining batch: 189000 nonces (378000 hashes) starting at nonce 4725000 ---
  [DEBUG] idx=0 -> nonce g=4725000
  [DEBUG] idx=1 -> nonce g=4725000
  [DEBUG] idx=2 -> nonce g=4725001
  [DEBUG] idx=3 -> nonce g=4725001
  [DEBUG] idx=377998 -> nonce g=4913999
  [DEBUG] idx=377999 -> nonce g=4913999
  [DEBUG] First 10 hash bucket IDs: 187844 512251 743565 482073 351926 1014719 21861 31087 122168 59584 
  [DEBUG] First hash bytes: 2d dc 4a 7c
Running GPU stages 1-7...
  Stage 1: 16877 collisions in 10178 buckets (max 9 per bucket)
  [DEBUG] First 5 non-empty buckets: bucket 0=1 colls, bucket 1=1 colls, bucket 2=1 colls, bucket 3=1 colls, bucket 4=2 colls, 
  [DEBUG] First collision attr=0x0435ebe8 hash=003048ff
  Stage 2: 8861 collisions
  [DEBUG] Stage 2 first 10 bucket_counts: 0 0 0 0 0 0 0 0 0 0 
  Stage 3: 2273 collisions
  Stage 4: 153 collisions
  Stage 5: 1 collisions
  Stage 6: 0 collisions
  Stage 7: 0 solution candidates
GPU mining complete: 0.68 seconds

No solution candidates found (need more nonces)

═══ Batch 27/106: nonces 4914000-5102999 (189000 nonces) ═══

--- Mining batch: 189000 nonces (378000 hashes) starting at nonce 4914000 ---
  [DEBUG] idx=0 -> nonce g=4914000
  [DEBUG] idx=1 -> nonce g=4914000
  [DEBUG] idx=2 -> nonce g=4914001
  [DEBUG] idx=3 -> nonce g=4914001
  [DEBUG] idx=377998 -> nonce g=5102999
  [DEBUG] idx=377999 -> nonce g=5102999
  [DEBUG] First 10 hash bucket IDs: 581350 435014 711244 71430 34715 691151 877879 904575 898664 599462 
  [DEBUG] First hash bytes: 8d ee 64 7c
Running GPU stages 1-7...
  Stage 1: 17014 collisions in 10260 buckets (max 11 per bucket)
  [DEBUG] First 5 non-empty buckets: bucket 0=2 colls, bucket 1=1 colls, bucket 2=1 colls, bucket 5=1 colls, bucket 7=1 colls, 
  [DEBUG] First collision attr=0x04bb0970 hash=00a74f90
  Stage 2: 8781 collisions
  [DEBUG] Stage 2 first 10 bucket_counts: 0 0 0 0 0 0 0 0 0 0 
  Stage 3: 2349 collisions
  Stage 4: 163 collisions
  Stage 5: 0 collisions
  Stage 6: 0 collisions
  Stage 7: 0 solution candidates
GPU mining complete: 0.68 seconds

No solution candidates found (need more nonces)

═══ Batch 28/106: nonces 5103000-5291999 (189000 nonces) ═══

--- Mining batch: 189000 nonces (378000 hashes) starting at nonce 5103000 ---
  [DEBUG] idx=0 -> nonce g=5103000
  [DEBUG] idx=1 -> nonce g=5103000
  [DEBUG] idx=2 -> nonce g=5103001
  [DEBUG] idx=3 -> nonce g=5103001
  [DEBUG] idx=377998 -> nonce g=5291999
  [DEBUG] idx=377999 -> nonce g=5291999
  [DEBUG] First 10 hash bucket IDs: 741560 1006326 120085 1028124 67754 838536 393309 452974 796103 776088 
  [DEBUG] First hash bytes: b5 0b 8d 95
Running GPU stages 1-7...
  Stage 1: 16876 collisions in 10050 buckets (max 10 per bucket)
  [DEBUG] First 5 non-empty buckets: bucket 1=1 colls, bucket 2=4 colls, bucket 3=1 colls, bucket 5=1 colls, bucket 6=2 colls, 
  [DEBUG] First collision attr=0x00000000 hash=00000000
  Stage 2: 0 collisions
  [DEBUG] Stage 2 first 10 bucket_counts: 0 0 0 0 0 0 0 0 0 0 
  Stage 3: 0 collisions
  Stage 4: 0 collisions
  Stage 5: 0 collisions
  Stage 6: 0 collisions
  Stage 7: 0 solution candidates
GPU mining complete: 0.61 seconds

No solution candidates found (need more nonces)

═══ Batch 29/106: nonces 5292000-5480999 (189000 nonces) ═══

--- Mining batch: 189000 nonces (378000 hashes) starting at nonce 5292000 ---
  [DEBUG] idx=0 -> nonce g=5292000
  [DEBUG] idx=1 -> nonce g=5292000
  [DEBUG] idx=2 -> nonce g=5292001
  [DEBUG] idx=3 -> nonce g=5292001
  [DEBUG] idx=377998 -> nonce g=5480999
  [DEBUG] idx=377999 -> nonce g=5480999
  [DEBUG] First 10 hash bucket IDs: 217711 695694 349750 215808 1040607 502770 578314 787194 562726 425900 
  [DEBUG] First hash bytes: 35 26 fd 29
Running GPU stages 1-7...
  Stage 1: 17197 collisions in 10301 buckets (max 10 per bucket)
  [DEBUG] First 5 non-empty buckets: bucket 0=1 colls, bucket 1=1 colls, bucket 2=1 colls, bucket 3=1 colls, bucket 5=3 colls, 
  [DEBUG] First collision attr=0x216e0c1a hash=0022185a
  Stage 2: 8896 collisions
  [DEBUG] Stage 2 first 10 bucket_counts: 0 0 0 0 0 0 0 0 0 0 
  Stage 3: 2424 collisions
  Stage 4: 172 collisions
  Stage 5: 0 collisions
  Stage 6: 0 collisions
  Stage 7: 0 solution candidates
GPU mining complete: 0.68 seconds

No solution candidates found (need more nonces)

═══ Batch 30/106: nonces 5481000-5669999 (189000 nonces) ═══

--- Mining batch: 189000 nonces (378000 hashes) starting at nonce 5481000 ---
  [DEBUG] idx=0 -> nonce g=5481000
  [DEBUG] idx=1 -> nonce g=5481000
  [DEBUG] idx=2 -> nonce g=5481001
  [DEBUG] idx=3 -> nonce g=5481001
  [DEBUG] idx=377998 -> nonce g=5669999
  [DEBUG] idx=377999 -> nonce g=5669999
  [DEBUG] First 10 hash bucket IDs: 1043832 223255 849065 834518 468215 522676 43823 182398 776222 478977 
  [DEBUG] First hash bytes: fe d7 85 1e
Running GPU stages 1-7...
  Stage 1: 16820 collisions in 10146 buckets (max 12 per bucket)
  [DEBUG] First 5 non-empty buckets: bucket 0=1 colls, bucket 1=1 colls, bucket 5=4 colls, bucket 7=3 colls, bucket 8=1 colls, 
  [DEBUG] First collision attr=0x36880beb hash=00e75d26
  Stage 2: 8716 collisions
  [DEBUG] Stage 2 first 10 bucket_counts: 0 0 0 0 0 0 0 0 0 0 
  Stage 3: 2310 collisions
  Stage 4: 162 collisions
  Stage 5: 15 collisions
  Stage 6: 105 collisions
  Stage 7: 512 solution candidates
GPU mining complete: 0.70 seconds

Extracting and verifying 512 candidate(s)...
  Candidate 1: ✗ Duplicate indices (skipped)
  Candidate 2: ✗ Duplicate indices (skipped)
  Candidate 3: ✗ Duplicate indices (skipped)
  Candidate 4: ✗ Duplicate indices (skipped)
  Candidate 5: ✗ Duplicate indices (skipped)
  Candidate 6: ✗ Duplicate indices (skipped)
  Candidate 7: ✗ Duplicate indices (skipped)
  Candidate 8: ✗ Duplicate indices (skipped)
  Candidate 9: ✗ Duplicate indices (skipped)
  Candidate 10: ✗ Duplicate indices (skipped)
  Candidate 11: ✗ Duplicate indices (skipped)
  Candidate 12: ✗ Duplicate indices (skipped)
  Candidate 13: ✗ Duplicate indices (skipped)
  Candidate 14: ✗ Duplicate indices (skipped)
  Candidate 15: ✗ Duplicate indices (skipped)
  Candidate 16: ✗ Duplicate indices (skipped)
  Candidate 17: ✗ Duplicate indices (skipped)
  Candidate 18: ✗ Duplicate indices (skipped)
  Candidate 19: ✗ Duplicate indices (skipped)
  Candidate 20: ✗ Duplicate indices (skipped)
  Candidate 21: ✗ Duplicate indices (skipped)
  Candidate 22: ✗ Duplicate indices (skipped)
  Candidate 23: ✗ Duplicate indices (skipped)
  Candidate 24: ✗ Duplicate indices (skipped)
  Candidate 25: ✗ Duplicate indices (skipped)
  Candidate 26: ✗ Duplicate indices (skipped)
  Candidate 27: ✗ Duplicate indices (skipped)
  Candidate 28: ✗ Duplicate indices (skipped)
  Candidate 29: ✗ Duplicate indices (skipped)
  Candidate 30: ✗ Duplicate indices (skipped)
  Candidate 31: ✗ Duplicate indices (skipped)
  Candidate 32: ✗ Duplicate indices (skipped)

Batch results: 0 valid solution(s) from 512 candidates

═══ Batch 31/106: nonces 5670000-5858999 (189000 nonces) ═══

--- Mining batch: 189000 nonces (378000 hashes) starting at nonce 5670000 ---
  [DEBUG] idx=0 -> nonce g=5670000
  [DEBUG] idx=1 -> nonce g=5670000
  [DEBUG] idx=2 -> nonce g=5670001
  [DEBUG] idx=3 -> nonce g=5670001
  [DEBUG] idx=377998 -> nonce g=5858999
  [DEBUG] idx=377999 -> nonce g=5858999
  [DEBUG] First 10 hash bucket IDs: 20102 257523 14486 922454 281279 226611 264676 138970 47858 42430 
  [DEBUG] First hash bytes: 04 e8 68 ec
Running GPU stages 1-7...
  Stage 1: 13981 collisions in 8344 buckets (max 9 per bucket)
  [DEBUG] First 5 non-empty buckets: bucket 0=1 colls, bucket 1=3 colls, bucket 2=2 colls, bucket 4=1 colls, bucket 5=3 colls, 
  [DEBUG] First collision attr=0x18392c56 hash=00edc5b6
  Stage 2: 0 collisions
  [DEBUG] Stage 2 first 10 bucket_counts: 0 0 0 0 0 0 0 0 0 0 
  Stage 3: 0 collisions
  Stage 4: 0 collisions
  Stage 5: 0 collisions
  Stage 6: 0 collisions
  Stage 7: 0 solution candidates
GPU mining complete: 0.61 seconds

No solution candidates found (need more nonces)

═══ Batch 32/106: nonces 5859000-6047999 (189000 nonces) ═══

--- Mining batch: 189000 nonces (378000 hashes) starting at nonce 5859000 ---
  [DEBUG] idx=0 -> nonce g=5859000
  [DEBUG] idx=1 -> nonce g=5859000
  [DEBUG] idx=2 -> nonce g=5859001
  [DEBUG] idx=3 -> nonce g=5859001
  [DEBUG] idx=377998 -> nonce g=6047999
  [DEBUG] idx=377999 -> nonce g=6047999
  [DEBUG] First 10 hash bucket IDs: 121599 25395 185028 768516 687941 871233 586835 309481 454416 564796 
  [DEBUG] First hash bytes: 1d af f2 c4
Running GPU stages 1-7...
  Stage 1: 17223 collisions in 10323 buckets (max 10 per bucket)
  [DEBUG] First 5 non-empty buckets: bucket 1=3 colls, bucket 2=2 colls, bucket 3=2 colls, bucket 5=2 colls, bucket 6=2 colls, 
  [DEBUG] First collision attr=0x00000000 hash=00000000
  Stage 2: 9082 collisions
  [DEBUG] Stage 2 first 10 bucket_counts: 0 0 0 0 0 0 0 0 0 0 
  Stage 3: 2548 collisions
  Stage 4: 189 collisions
  Stage 5: 16 collisions
  Stage 6: 105 collisions
  Stage 7: 512 solution candidates
GPU mining complete: 0.70 seconds

Extracting and verifying 512 candidate(s)...
  Candidate 1: ✗ Duplicate indices (skipped)
  Candidate 2: ✗ Duplicate indices (skipped)
  Candidate 3: ✗ Duplicate indices (skipped)
  Candidate 4: ✗ Duplicate indices (skipped)
  Candidate 5: ✗ Duplicate indices (skipped)
  Candidate 6: ✗ Duplicate indices (skipped)
  Candidate 7: ✗ Duplicate indices (skipped)
  Candidate 8: ✗ Duplicate indices (skipped)
  Candidate 9: ✗ Duplicate indices (skipped)
  Candidate 10: ✗ Duplicate indices (skipped)
  Candidate 11: ✗ Duplicate indices (skipped)
  Candidate 12: ✗ Duplicate indices (skipped)
  Candidate 13: ✗ Duplicate indices (skipped)
  Candidate 14: ✗ Duplicate indices (skipped)
  Candidate 15: ✗ Duplicate indices (skipped)
  Candidate 16: ✗ Duplicate indices (skipped)
  Candidate 17: ✗ Duplicate indices (skipped)
  Candidate 18: ✗ Duplicate indices (skipped)
  Candidate 19: ✗ Duplicate indices (skipped)
  Candidate 20: ✗ Duplicate indices (skipped)
  Candidate 21: ✗ Duplicate indices (skipped)
  Candidate 22: ✗ Duplicate indices (skipped)
  Candidate 23: ✗ Duplicate indices (skipped)
  Candidate 24: ✗ Duplicate indices (skipped)
  Candidate 25: ✗ Duplicate indices (skipped)
  Candidate 26: ✗ Duplicate indices (skipped)
  Candidate 27: ✗ Duplicate indices (skipped)
  Candidate 28: ✗ Duplicate indices (skipped)
  Candidate 29: ✗ Duplicate indices (skipped)
  Candidate 30: ✗ Duplicate indices (skipped)
  Candidate 31: ✗ Duplicate indices (skipped)
  Candidate 32: ✗ Duplicate indices (skipped)

Batch results: 0 valid solution(s) from 512 candidates

═══ Batch 33/106: nonces 6048000-6236999 (189000 nonces) ═══

--- Mining batch: 189000 nonces (378000 hashes) starting at nonce 6048000 ---
  [DEBUG] idx=0 -> nonce g=6048000
  [DEBUG] idx=1 -> nonce g=6048000
  [DEBUG] idx=2 -> nonce g=6048001
  [DEBUG] idx=3 -> nonce g=6048001
  [DEBUG] idx=377998 -> nonce g=6236999
  [DEBUG] idx=377999 -> nonce g=6236999
  [DEBUG] First 10 hash bucket IDs: 49962 247148 798325 706418 789769 193925 630475 195138 1020529 690048 
  [DEBUG] First hash bytes: 0c 32 a3 6c
Running GPU stages 1-7...
  Stage 1: 16570 collisions in 10094 buckets (max 8 per bucket)
  [DEBUG] First 5 non-empty buckets: bucket 0=1 colls, bucket 1=2 colls, bucket 3=1 colls, bucket 4=1 colls, bucket 5=1 colls, 
  [DEBUG] First collision attr=0x3c45485a hash=00ff9ea4
  Stage 2: 0 collisions
  [DEBUG] Stage 2 first 10 bucket_counts: 0 0 0 0 0 0 0 0 0 0 
  Stage 3: 0 collisions
  Stage 4: 0 collisions
  Stage 5: 0 collisions
  Stage 6: 0 collisions
  Stage 7: 0 solution candidates
GPU mining complete: 0.61 seconds

No solution candidates found (need more nonces)

═══ Batch 34/106: nonces 6237000-6425999 (189000 nonces) ═══

--- Mining batch: 189000 nonces (378000 hashes) starting at nonce 6237000 ---
  [DEBUG] idx=0 -> nonce g=6237000
  [DEBUG] idx=1 -> nonce g=6237000
  [DEBUG] idx=2 -> nonce g=6237001
  [DEBUG] idx=3 -> nonce g=6237001
  [DEBUG] idx=377998 -> nonce g=6425999
  [DEBUG] idx=377999 -> nonce g=6425999
  [DEBUG] First 10 hash bucket IDs: 471691 428301 889984 981852 209587 72712 342555 898619 306937 562300 
  [DEBUG] First hash bytes: 73 28 b1 1b
Running GPU stages 1-7...
  Stage 1: 17078 collisions in 10265 buckets (max 9 per bucket)
  [DEBUG] First 5 non-empty buckets: bucket 1=1 colls, bucket 2=1 colls, bucket 3=2 colls, bucket 6=1 colls, bucket 7=1 colls, 
  [DEBUG] First collision attr=0x00000000 hash=00000000
  Stage 2: 8956 collisions
  [DEBUG] Stage 2 first 10 bucket_counts: 0 0 0 0 0 0 0 0 0 0 
  Stage 3: 2466 collisions
  Stage 4: 195 collisions
  Stage 5: 1 collisions
  Stage 6: 0 collisions
  Stage 7: 0 solution candidates
GPU mining complete: 0.68 seconds

No solution candidates found (need more nonces)

═══ Batch 35/106: nonces 6426000-6614999 (189000 nonces) ═══

--- Mining batch: 189000 nonces (378000 hashes) starting at nonce 6426000 ---
  [DEBUG] idx=0 -> nonce g=6426000
  [DEBUG] idx=1 -> nonce g=6426000
  [DEBUG] idx=2 -> nonce g=6426001
  [DEBUG] idx=3 -> nonce g=6426001
  [DEBUG] idx=377998 -> nonce g=6614999
  [DEBUG] idx=377999 -> nonce g=6614999
  [DEBUG] First 10 hash bucket IDs: 11632 1005556 998965 567846 337893 1032770 248851 716864 371558 847395 
  [DEBUG] First hash bytes: 02 d7 0a dc
Running GPU stages 1-7...
  Stage 1: 16831 collisions in 10189 buckets (max 12 per bucket)
  [DEBUG] First 5 non-empty buckets: bucket 0=2 colls, bucket 2=1 colls, bucket 4=2 colls, bucket 5=1 colls, bucket 7=5 colls, 
  [DEBUG] First collision attr=0x04d3fe96 hash=0026b36b
  Stage 2: 8781 collisions
  [DEBUG] Stage 2 first 10 bucket_counts: 0 0 0 0 0 0 0 0 0 0 
  Stage 3: 2407 collisions
  Stage 4: 172 collisions
  Stage 5: 3 collisions
  Stage 6: 0 collisions
  Stage 7: 0 solution candidates
GPU mining complete: 0.67 seconds

No solution candidates found (need more nonces)

═══ Batch 36/106: nonces 6615000-6803999 (189000 nonces) ═══

--- Mining batch: 189000 nonces (378000 hashes) starting at nonce 6615000 ---
  [DEBUG] idx=0 -> nonce g=6615000
  [DEBUG] idx=1 -> nonce g=6615000
  [DEBUG] idx=2 -> nonce g=6615001
  [DEBUG] idx=3 -> nonce g=6615001
  [DEBUG] idx=377998 -> nonce g=6803999
  [DEBUG] idx=377999 -> nonce g=6803999
  [DEBUG] First 10 hash bucket IDs: 943533 312777 877952 73173 835318 65798 947432 359230 500323 240424 
  [DEBUG] First hash bytes: e6 5a d0 be
Running GPU stages 1-7...
  Stage 1: 16738 collisions in 10046 buckets (max 14 per bucket)
  [DEBUG] First 5 non-empty buckets: bucket 0=4 colls, bucket 1=2 colls, bucket 4=2 colls, bucket 5=1 colls, bucket 7=1 colls, 
  [DEBUG] First collision attr=0x1675714a hash=00652178
  Stage 2: 0 collisions
  [DEBUG] Stage 2 first 10 bucket_counts: 0 0 0 0 0 0 0 0 0 0 
  Stage 3: 0 collisions
  Stage 4: 0 collisions
  Stage 5: 0 collisions
  Stage 6: 0 collisions
  Stage 7: 0 solution candidates
GPU mining complete: 0.61 seconds

No solution candidates found (need more nonces)

═══ Batch 37/106: nonces 6804000-6992999 (189000 nonces) ═══

--- Mining batch: 189000 nonces (378000 hashes) starting at nonce 6804000 ---
  [DEBUG] idx=0 -> nonce g=6804000
  [DEBUG] idx=1 -> nonce g=6804000
  [DEBUG] idx=2 -> nonce g=6804001
  [DEBUG] idx=3 -> nonce g=6804001
  [DEBUG] idx=377998 -> nonce g=6992999
  [DEBUG] idx=377999 -> nonce g=6992999
  [DEBUG] First 10 hash bucket IDs: 832094 543844 624759 642204 840686 524928 937463 806474 391667 5818 
  [DEBUG] First hash bytes: cb 25 e2 89
Running GPU stages 1-7...
  Stage 1: 17273 collisions in 10268 buckets (max 9 per bucket)
  [DEBUG] First 5 non-empty buckets: bucket 0=1 colls, bucket 1=1 colls, bucket 8=2 colls, bucket 10=3 colls, bucket 11=1 colls, 
  [DEBUG] First collision attr=0x49ed3193 hash=007e97da
  Stage 2: 9049 collisions
  [DEBUG] Stage 2 first 10 bucket_counts: 0 0 0 0 0 0 0 0 0 0 
  Stage 3: 2436 collisions
  Stage 4: 187 collisions
  Stage 5: 1 collisions
  Stage 6: 0 collisions
  Stage 7: 0 solution candidates
GPU mining complete: 0.68 seconds

No solution candidates found (need more nonces)

═══ Batch 38/106: nonces 6993000-7181999 (189000 nonces) ═══

--- Mining batch: 189000 nonces (378000 hashes) starting at nonce 6993000 ---
  [DEBUG] idx=0 -> nonce g=6993000
  [DEBUG] idx=1 -> nonce g=6993000
  [DEBUG] idx=2 -> nonce g=6993001
  [DEBUG] idx=3 -> nonce g=6993001
  [DEBUG] idx=377998 -> nonce g=7181999
  [DEBUG] idx=377999 -> nonce g=7181999
  [DEBUG] First 10 hash bucket IDs: 239580 211079 742836 325604 487584 70945 725980 79416 161084 822926 
  [DEBUG] First hash bytes: 3a 7d cf 71
Running GPU stages 1-7...
  Stage 1: 17180 collisions in 10293 buckets (max 11 per bucket)
  [DEBUG] First 5 non-empty buckets: bucket 0=1 colls, bucket 2=1 colls, bucket 6=2 colls, bucket 7=1 colls, bucket 8=2 colls, 
  [DEBUG] First collision attr=0x1c12fd6b hash=00324a23
  Stage 2: 9108 collisions
  [DEBUG] Stage 2 first 10 bucket_counts: 0 0 0 0 0 0 0 0 0 0 
  Stage 3: 2551 collisions
  Stage 4: 194 collisions
  Stage 5: 3 collisions
  Stage 6: 0 collisions
  Stage 7: 0 solution candidates
GPU mining complete: 0.71 seconds

No solution candidates found (need more nonces)

═══ Batch 39/106: nonces 7182000-7370999 (189000 nonces) ═══

--- Mining batch: 189000 nonces (378000 hashes) starting at nonce 7182000 ---
  [DEBUG] idx=0 -> nonce g=7182000
  [DEBUG] idx=1 -> nonce g=7182000
  [DEBUG] idx=2 -> nonce g=7182001
  [DEBUG] idx=3 -> nonce g=7182001
  [DEBUG] idx=377998 -> nonce g=7370999
  [DEBUG] idx=377999 -> nonce g=7370999
  [DEBUG] First 10 hash bucket IDs: 720927 440067 148851 622833 334547 925780 83811 783164 956411 395681 
  [DEBUG] First hash bytes: b0 01 fe c3
Running GPU stages 1-7...
  Stage 1: 16699 collisions in 10074 buckets (max 9 per bucket)
  [DEBUG] First 5 non-empty buckets: bucket 0=1 colls, bucket 3=1 colls, bucket 4=1 colls, bucket 6=1 colls, bucket 7=1 colls, 
  [DEBUG] First collision attr=0x13f9d13c hash=002a97a7
  Stage 2: 0 collisions
  [DEBUG] Stage 2 first 10 bucket_counts: 0 0 0 0 0 0 0 0 0 0 
  Stage 3: 0 collisions
  Stage 4: 0 collisions
  Stage 5: 0 collisions
  Stage 6: 0 collisions
  Stage 7: 0 solution candidates
GPU mining complete: 0.60 seconds

No solution candidates found (need more nonces)

═══ Batch 40/106: nonces 7371000-7559999 (189000 nonces) ═══

--- Mining batch: 189000 nonces (378000 hashes) starting at nonce 7371000 ---
  [DEBUG] idx=0 -> nonce g=7371000
  [DEBUG] idx=1 -> nonce g=7371000
  [DEBUG] idx=2 -> nonce g=7371001
  [DEBUG] idx=3 -> nonce g=7371001
  [DEBUG] idx=377998 -> nonce g=7559999
  [DEBUG] idx=377999 -> nonce g=7559999
  [DEBUG] First 10 hash bucket IDs: 566757 444426 1011294 550398 503392 877145 464788 54519 446249 359634 
  [DEBUG] First hash bytes: 8a 5e 56 ac
Running GPU stages 1-7...
  Stage 1: 16974 collisions in 10273 buckets (max 9 per bucket)
  [DEBUG] First 5 non-empty buckets: bucket 0=3 colls, bucket 3=3 colls, bucket 4=1 colls, bucket 5=1 colls, bucket 6=1 colls, 
  [DEBUG] First collision attr=0x02a9c0dc hash=00f37b8a
  Stage 2: 8713 collisions
  [DEBUG] Stage 2 first 10 bucket_counts: 0 0 0 0 0 0 0 0 0 0 
  Stage 3: 2346 collisions
  Stage 4: 154 collisions
  Stage 5: 0 collisions
  Stage 6: 0 collisions
  Stage 7: 0 solution candidates
GPU mining complete: 0.66 seconds

No solution candidates found (need more nonces)

═══ Batch 41/106: nonces 7560000-7748999 (189000 nonces) ═══

--- Mining batch: 189000 nonces (378000 hashes) starting at nonce 7560000 ---
  [DEBUG] idx=0 -> nonce g=7560000
  [DEBUG] idx=1 -> nonce g=7560000
  [DEBUG] idx=2 -> nonce g=7560001
  [DEBUG] idx=3 -> nonce g=7560001
  [DEBUG] idx=377998 -> nonce g=7748999
  [DEBUG] idx=377999 -> nonce g=7748999
  [DEBUG] First 10 hash bucket IDs: 330663 496765 273998 96639 521123 824879 776640 209792 946124 555456 
  [DEBUG] First hash bytes: 50 ba 74 9c
Running GPU stages 1-7...
  Stage 1: 17107 collisions in 10250 buckets (max 10 per bucket)
  [DEBUG] First 5 non-empty buckets: bucket 0=2 colls, bucket 1=1 colls, bucket 2=1 colls, bucket 3=1 colls, bucket 4=1 colls, 
  [DEBUG] First collision attr=0x26ff2291 hash=00bd1207
  Stage 2: 9069 collisions
  [DEBUG] Stage 2 first 10 bucket_counts: 0 0 0 0 0 0 0 0 0 0 
  Stage 3: 2522 collisions
  Stage 4: 198 collisions
  Stage 5: 0 collisions
  Stage 6: 0 collisions
  Stage 7: 0 solution candidates
GPU mining complete: 0.67 seconds

No solution candidates found (need more nonces)

═══ Batch 42/106: nonces 7749000-7937999 (189000 nonces) ═══

--- Mining batch: 189000 nonces (378000 hashes) starting at nonce 7749000 ---
  [DEBUG] idx=0 -> nonce g=7749000
  [DEBUG] idx=1 -> nonce g=7749000
  [DEBUG] idx=2 -> nonce g=7749001
  [DEBUG] idx=3 -> nonce g=7749001
  [DEBUG] idx=377998 -> nonce g=7937999
  [DEBUG] idx=377999 -> nonce g=7937999
  [DEBUG] First 10 hash bucket IDs: 61302 525269 449209 195478 122407 958654 548197 1013381 275502 658249 
  [DEBUG] First hash bytes: 0e f7 6d 76
Running GPU stages 1-7...
  Stage 1: 16873 collisions in 10118 buckets (max 9 per bucket)
  [DEBUG] First 5 non-empty buckets: bucket 1=1 colls, bucket 2=1 colls, bucket 3=3 colls, bucket 5=4 colls, bucket 6=1 colls, 
  [DEBUG] First collision attr=0x00000000 hash=00000000
  Stage 2: 0 collisions
  [DEBUG] Stage 2 first 10 bucket_counts: 0 0 0 0 0 0 0 0 0 0 
  Stage 3: 0 collisions
  Stage 4: 0 collisions
  Stage 5: 0 collisions
  Stage 6: 0 collisions
  Stage 7: 0 solution candidates
GPU mining complete: 0.60 seconds

No solution candidates found (need more nonces)

═══ Batch 43/106: nonces 7938000-8126999 (189000 nonces) ═══

--- Mining batch: 189000 nonces (378000 hashes) starting at nonce 7938000 ---
  [DEBUG] idx=0 -> nonce g=7938000
  [DEBUG] idx=1 -> nonce g=7938000
  [DEBUG] idx=2 -> nonce g=7938001
  [DEBUG] idx=3 -> nonce g=7938001
  [DEBUG] idx=377998 -> nonce g=8126999
  [DEBUG] idx=377999 -> nonce g=8126999
  [DEBUG] First 10 hash bucket IDs: 700207 730388 9294 621157 55706 767325 886716 1045431 5289 1011189 
  [DEBUG] First hash bytes: aa f2 f4 01
Running GPU stages 1-7...
  Stage 1: 17319 collisions in 10331 buckets (max 10 per bucket)
  [DEBUG] First 5 non-empty buckets: bucket 0=2 colls, bucket 1=3 colls, bucket 2=1 colls, bucket 3=1 colls, bucket 4=2 colls, 
  [DEBUG] First collision attr=0x012ab03e hash=0041f7be
  Stage 2: 9354 collisions
  [DEBUG] Stage 2 first 10 bucket_counts: 0 0 0 0 0 0 0 0 0 0 
  Stage 3: 2656 collisions
  Stage 4: 213 collisions
  Stage 5: 1 collisions
  Stage 6: 0 collisions
  Stage 7: 0 solution candidates
GPU mining complete: 0.67 seconds

No solution candidates found (need more nonces)

═══ Batch 44/106: nonces 8127000-8315999 (189000 nonces) ═══

--- Mining batch: 189000 nonces (378000 hashes) starting at nonce 8127000 ---
  [DEBUG] idx=0 -> nonce g=8127000
  [DEBUG] idx=1 -> nonce g=8127000
  [DEBUG] idx=2 -> nonce g=8127001
  [DEBUG] idx=3 -> nonce g=8127001
  [DEBUG] idx=377998 -> nonce g=8315999
  [DEBUG] idx=377999 -> nonce g=8315999
  [DEBUG] First 10 hash bucket IDs: 359234 1044134 310572 954041 835088 177223 183510 364483 845906 543854 
  [DEBUG] First hash bytes: 57 b4 23 29
Running GPU stages 1-7...
  Stage 1: 17124 collisions in 10256 buckets (max 9 per bucket)
  [DEBUG] First 5 non-empty buckets: bucket 4=2 colls, bucket 5=1 colls, bucket 7=2 colls, bucket 8=4 colls, bucket 9=2 colls, 
  [DEBUG] First collision attr=0x00000000 hash=00000000
  Stage 2: 8849 collisions
  [DEBUG] Stage 2 first 10 bucket_counts: 0 0 0 0 0 0 0 0 0 0 
  Stage 3: 2417 collisions
  Stage 4: 171 collisions
  Stage 5: 1 collisions
  Stage 6: 0 collisions
  Stage 7: 0 solution candidates
GPU mining complete: 0.67 seconds

No solution candidates found (need more nonces)

═══ Batch 45/106: nonces 8316000-8504999 (189000 nonces) ═══

--- Mining batch: 189000 nonces (378000 hashes) starting at nonce 8316000 ---
  [DEBUG] idx=0 -> nonce g=8316000
  [DEBUG] idx=1 -> nonce g=8316000
  [DEBUG] idx=2 -> nonce g=8316001
  [DEBUG] idx=3 -> nonce g=8316001
  [DEBUG] idx=377998 -> nonce g=8504999
  [DEBUG] idx=377999 -> nonce g=8504999
  [DEBUG] First 10 hash bucket IDs: 230285 590235 1045080 939469 196058 62140 463398 938204 33294 982969 
  [DEBUG] First hash bytes: 38 38 d7 79
Running GPU stages 1-7...
  Stage 1: 16654 collisions in 10026 buckets (max 9 per bucket)
  [DEBUG] First 5 non-empty buckets: bucket 0=1 colls, bucket 2=3 colls, bucket 3=5 colls, bucket 4=2 colls, bucket 6=4 colls, 
  [DEBUG] First collision attr=0x2a82f8dc hash=00d27e1b
  Stage 2: 0 collisions
  [DEBUG] Stage 2 first 10 bucket_counts: 0 0 0 0 0 0 0 0 0 0 
  Stage 3: 0 collisions
  Stage 4: 0 collisions
  Stage 5: 0 collisions
  Stage 6: 0 collisions
  Stage 7: 0 solution candidates
GPU mining complete: 0.60 seconds

No solution candidates found (need more nonces)

═══ Batch 46/106: nonces 8505000-8693999 (189000 nonces) ═══

--- Mining batch: 189000 nonces (378000 hashes) starting at nonce 8505000 ---
  [DEBUG] idx=0 -> nonce g=8505000
  [DEBUG] idx=1 -> nonce g=8505000
  [DEBUG] idx=2 -> nonce g=8505001
  [DEBUG] idx=3 -> nonce g=8505001
  [DEBUG] idx=377998 -> nonce g=8693999
  [DEBUG] idx=377999 -> nonce g=8693999
  [DEBUG] First 10 hash bucket IDs: 721660 860425 809276 843155 58742 677575 894663 211088 732365 918308 
  [DEBUG] First hash bytes: b0 2f c8 7c
Running GPU stages 1-7...
  Stage 1: 16845 collisions in 10244 buckets (max 8 per bucket)
  [DEBUG] First 5 non-empty buckets: bucket 1=1 colls, bucket 3=2 colls, bucket 4=1 colls, bucket 6=1 colls, bucket 10=1 colls, 
  [DEBUG] First collision attr=0x00000000 hash=00000000
  Stage 2: 8637 collisions
  [DEBUG] Stage 2 first 10 bucket_counts: 0 0 0 0 0 0 0 0 0 0 
  Stage 3: 2258 collisions
  Stage 4: 153 collisions
  Stage 5: 2 collisions
  Stage 6: 0 collisions
  Stage 7: 0 solution candidates
GPU mining complete: 0.68 seconds

No solution candidates found (need more nonces)

═══ Batch 47/106: nonces 8694000-8882999 (189000 nonces) ═══

--- Mining batch: 189000 nonces (378000 hashes) starting at nonce 8694000 ---
  [DEBUG] idx=0 -> nonce g=8694000
  [DEBUG] idx=1 -> nonce g=8694000
  [DEBUG] idx=2 -> nonce g=8694001
  [DEBUG] idx=3 -> nonce g=8694001
  [DEBUG] idx=377998 -> nonce g=8882999
  [DEBUG] idx=377999 -> nonce g=8882999
  [DEBUG] First 10 hash bucket IDs: 795610 361020 13861 2221 883703 881564 154618 409748 891183 612237 
  [DEBUG] First hash bytes: c2 3d a6 8e
Running GPU stages 1-7...
  Stage 1: 17166 collisions in 10279 buckets (max 10 per bucket)
  [DEBUG] First 5 non-empty buckets: bucket 2=1 colls, bucket 5=2 colls, bucket 7=2 colls, bucket 8=1 colls, bucket 9=2 colls, 
  [DEBUG] First collision attr=0x00000000 hash=00000000
  Stage 2: 9130 collisions
  [DEBUG] Stage 2 first 10 bucket_counts: 0 0 0 0 0 0 0 0 0 0 
  Stage 3: 2537 collisions
  Stage 4: 205 collisions
  Stage 5: 3 collisions
  Stage 6: 0 collisions
  Stage 7: 0 solution candidates
GPU mining complete: 0.68 seconds

No solution candidates found (need more nonces)

═══ Batch 48/106: nonces 8883000-9071999 (189000 nonces) ═══

--- Mining batch: 189000 nonces (378000 hashes) starting at nonce 8883000 ---
  [DEBUG] idx=0 -> nonce g=8883000
  [DEBUG] idx=1 -> nonce g=8883000
  [DEBUG] idx=2 -> nonce g=8883001
  [DEBUG] idx=3 -> nonce g=8883001
  [DEBUG] idx=377998 -> nonce g=9071999
  [DEBUG] idx=377999 -> nonce g=9071999
  [DEBUG] First 10 hash bucket IDs: 351474 63374 29760 523575 601445 55859 416708 432607 997195 211520 
  [DEBUG] First hash bytes: 55 cf 28 8f
Running GPU stages 1-7...
  Stage 1: 16794 collisions in 10070 buckets (max 9 per bucket)
  [DEBUG] First 5 non-empty buckets: bucket 0=1 colls, bucket 1=2 colls, bucket 2=2 colls, bucket 3=2 colls, bucket 4=2 colls, 
  [DEBUG] First collision attr=0x3fbd970d hash=0009703e
  Stage 2: 0 collisions
  [DEBUG] Stage 2 first 10 bucket_counts: 0 0 0 0 0 0 0 0 0 0 
  Stage 3: 0 collisions
  Stage 4: 0 collisions
  Stage 5: 0 collisions
  Stage 6: 0 collisions
  Stage 7: 0 solution candidates
GPU mining complete: 0.60 seconds

No solution candidates found (need more nonces)

═══ Batch 49/106: nonces 9072000-9260999 (189000 nonces) ═══

--- Mining batch: 189000 nonces (378000 hashes) starting at nonce 9072000 ---
  [DEBUG] idx=0 -> nonce g=9072000
  [DEBUG] idx=1 -> nonce g=9072000
  [DEBUG] idx=2 -> nonce g=9072001
  [DEBUG] idx=3 -> nonce g=9072001
  [DEBUG] idx=377998 -> nonce g=9260999
  [DEBUG] idx=377999 -> nonce g=9260999
  [DEBUG] First 10 hash bucket IDs: 181884 813086 873101 591473 497670 407415 960474 661236 544088 794353 
  [DEBUG] First hash bytes: 2c 67 c0 14
Running GPU stages 1-7...
  Stage 1: 17225 collisions in 10349 buckets (max 11 per bucket)
  [DEBUG] First 5 non-empty buckets: bucket 0=1 colls, bucket 1=1 colls, bucket 3=1 colls, bucket 6=1 colls, bucket 7=3 colls, 
  [DEBUG] First collision attr=0x06f12da3 hash=0080fe4f
  Stage 2: 8946 collisions
  [DEBUG] Stage 2 first 10 bucket_counts: 0 0 0 0 0 0 0 0 0 0 
  Stage 3: 2412 collisions
  Stage 4: 183 collisions
  Stage 5: 3 collisions
  Stage 6: 3 collisions
  Stage 7: 3 solution candidates
GPU mining complete: 0.68 seconds

Extracting and verifying 3 candidate(s)...
  Candidate 1: ✗ Duplicate indices (skipped)
  Candidate 2: ✗ Duplicate indices (skipped)
  Candidate 3: ✗ Duplicate indices (skipped)

Batch results: 0 valid solution(s) from 3 candidates

═══ Batch 50/106: nonces 9261000-9449999 (189000 nonces) ═══

--- Mining batch: 189000 nonces (378000 hashes) starting at nonce 9261000 ---
  [DEBUG] idx=0 -> nonce g=9261000
  [DEBUG] idx=1 -> nonce g=9261000
  [DEBUG] idx=2 -> nonce g=9261001
  [DEBUG] idx=3 -> nonce g=9261001
  [DEBUG] idx=377998 -> nonce g=9449999
  [DEBUG] idx=377999 -> nonce g=9449999
  [DEBUG] First 10 hash bucket IDs: 870876 767902 826116 361370 1001134 661616 320303 599938 391185 907837 
  [DEBUG] First hash bytes: d4 9d cd da
Running GPU stages 1-7...
  Stage 1: 16687 collisions in 9969 buckets (max 10 per bucket)
  [DEBUG] First 5 non-empty buckets: bucket 0=1 colls, bucket 6=1 colls, bucket 8=1 colls, bucket 9=1 colls, bucket 11=1 colls, 
  [DEBUG] First collision attr=0x26142dee hash=000a21ad
  Stage 2: 0 collisions
  [DEBUG] Stage 2 first 10 bucket_counts: 0 0 0 0 0 0 0 0 0 0 
  Stage 3: 0 collisions
  Stage 4: 0 collisions
  Stage 5: 0 collisions
  Stage 6: 0 collisions
  Stage 7: 0 solution candidates
GPU mining complete: 0.63 seconds

No solution candidates found (need more nonces)

═══ Batch 51/106: nonces 9450000-9638999 (189000 nonces) ═══

--- Mining batch: 189000 nonces (378000 hashes) starting at nonce 9450000 ---
  [DEBUG] idx=0 -> nonce g=9450000
  [DEBUG] idx=1 -> nonce g=9450000
  [DEBUG] idx=2 -> nonce g=9450001
  [DEBUG] idx=3 -> nonce g=9450001
  [DEBUG] idx=377998 -> nonce g=9638999
  [DEBUG] idx=377999 -> nonce g=9638999
  [DEBUG] First 10 hash bucket IDs: 838361 766579 847783 596870 380310 932139 1004795 991459 320895 628202 
  [DEBUG] First hash bytes: cc ad 9c 98
Running GPU stages 1-7...
  Stage 1: 16996 collisions in 10227 buckets (max 8 per bucket)
  [DEBUG] First 5 non-empty buckets: bucket 2=1 colls, bucket 3=1 colls, bucket 7=2 colls, bucket 10=1 colls, bucket 12=3 colls, 
  [DEBUG] First collision attr=0x00000000 hash=00000000
  Stage 2: 8808 collisions
  [DEBUG] Stage 2 first 10 bucket_counts: 0 0 0 0 0 0 0 0 0 0 
  Stage 3: 2419 collisions
  Stage 4: 191 collisions
  Stage 5: 0 collisions
  Stage 6: 0 collisions
  Stage 7: 0 solution candidates
GPU mining complete: 0.71 seconds

No solution candidates found (need more nonces)

═══ Batch 52/106: nonces 9639000-9827999 (189000 nonces) ═══

--- Mining batch: 189000 nonces (378000 hashes) starting at nonce 9639000 ---
  [DEBUG] idx=0 -> nonce g=9639000
  [DEBUG] idx=1 -> nonce g=9639000
  [DEBUG] idx=2 -> nonce g=9639001
  [DEBUG] idx=3 -> nonce g=9639001
  [DEBUG] idx=377998 -> nonce g=9827999
  [DEBUG] idx=377999 -> nonce g=9827999
  [DEBUG] First 10 hash bucket IDs: 290565 792653 465182 193033 487996 745623 644049 798783 309446 80023 
  [DEBUG] First hash bytes: 46 f0 5f ba
Running GPU stages 1-7...
  Stage 1: 16903 collisions in 10158 buckets (max 8 per bucket)
  [DEBUG] First 5 non-empty buckets: bucket 0=4 colls, bucket 1=1 colls, bucket 3=1 colls, bucket 5=2 colls, bucket 6=1 colls, 
  [DEBUG] First collision attr=0x0dceb7ee hash=00cd757f
  Stage 2: 8739 collisions
  [DEBUG] Stage 2 first 10 bucket_counts: 0 0 0 0 0 0 0 0 0 0 
  Stage 3: 2380 collisions
  Stage 4: 177 collisions
  Stage 5: 2 collisions
  Stage 6: 0 collisions
  Stage 7: 0 solution candidates
GPU mining complete: 0.67 seconds

No solution candidates found (need more nonces)

═══ Batch 53/106: nonces 9828000-10016999 (189000 nonces) ═══

--- Mining batch: 189000 nonces (378000 hashes) starting at nonce 9828000 ---
  [DEBUG] idx=0 -> nonce g=9828000
  [DEBUG] idx=1 -> nonce g=9828000
  [DEBUG] idx=2 -> nonce g=9828001
  [DEBUG] idx=3 -> nonce g=9828001
  [DEBUG] idx=377998 -> nonce g=10016999
  [DEBUG] idx=377999 -> nonce g=10016999
  [DEBUG] First 10 hash bucket IDs: 66794 110682 91515 738478 79994 843690 530774 399721 939626 243157 
  [DEBUG] First hash bytes: 10 4e a2 df
Running GPU stages 1-7...
  Stage 1: 13940 collisions in 8437 buckets (max 10 per bucket)
  [DEBUG] First 5 non-empty buckets: bucket 1=1 colls, bucket 3=1 colls, bucket 5=1 colls, bucket 7=1 colls, bucket 8=1 colls, 
  [DEBUG] First collision attr=0x00000000 hash=00000000
  Stage 2: 0 collisions
  [DEBUG] Stage 2 first 10 bucket_counts: 0 0 0 0 0 0 0 0 0 0 
  Stage 3: 0 collisions
  Stage 4: 0 collisions
  Stage 5: 0 collisions
  Stage 6: 0 collisions
  Stage 7: 0 solution candidates
GPU mining complete: 0.61 seconds

No solution candidates found (need more nonces)

═══ Batch 54/106: nonces 10017000-10205999 (189000 nonces) ═══

--- Mining batch: 189000 nonces (378000 hashes) starting at nonce 10017000 ---
  [DEBUG] idx=0 -> nonce g=10017000
  [DEBUG] idx=1 -> nonce g=10017000
  [DEBUG] idx=2 -> nonce g=10017001
  [DEBUG] idx=3 -> nonce g=10017001
  [DEBUG] idx=377998 -> nonce g=10205999
  [DEBUG] idx=377999 -> nonce g=10205999
  [DEBUG] First 10 hash bucket IDs: 898032 98848 601432 552168 325037 292312 71433 997419 1037265 406495 
  [DEBUG] First hash bytes: db 3f 0c 67
Running GPU stages 1-7...
  Stage 1: 17015 collisions in 10167 buckets (max 10 per bucket)
  [DEBUG] First 5 non-empty buckets: bucket 1=1 colls, bucket 2=1 colls, bucket 4=4 colls, bucket 6=1 colls, bucket 7=1 colls, 
  [DEBUG] First collision attr=0x00000000 hash=00000000
  Stage 2: 8760 collisions
  [DEBUG] Stage 2 first 10 bucket_counts: 0 0 0 0 0 0 0 0 0 0 
  Stage 3: 2340 collisions
  Stage 4: 163 collisions
  Stage 5: 4 collisions
  Stage 6: 3 collisions
  Stage 7: 3 solution candidates
GPU mining complete: 0.68 seconds

Extracting and verifying 3 candidate(s)...
  Candidate 1: ✗ Duplicate indices (skipped)
  Candidate 2: ✗ Duplicate indices (skipped)
  Candidate 3: ✗ Duplicate indices (skipped)

Batch results: 0 valid solution(s) from 3 candidates

═══ Batch 55/106: nonces 10206000-10394999 (189000 nonces) ═══

--- Mining batch: 189000 nonces (378000 hashes) starting at nonce 10206000 ---
  [DEBUG] idx=0 -> nonce g=10206000
  [DEBUG] idx=1 -> nonce g=10206000
  [DEBUG] idx=2 -> nonce g=10206001
  [DEBUG] idx=3 -> nonce g=10206001
  [DEBUG] idx=377998 -> nonce g=10394999
  [DEBUG] idx=377999 -> nonce g=10394999
  [DEBUG] First 10 hash bucket IDs: 344968 474972 786596 163712 87486 550775 570765 644102 218301 747896 
  [DEBUG] First hash bytes: 54 38 82 f5
Running GPU stages 1-7...
  Stage 1: 16878 collisions in 10108 buckets (max 9 per bucket)
  [DEBUG] First 5 non-empty buckets: bucket 0=1 colls, bucket 1=1 colls, bucket 2=1 colls, bucket 4=1 colls, bucket 6=2 colls, 
  [DEBUG] First collision attr=0x0660eacb hash=00654643
  Stage 2: 0 collisions
  [DEBUG] Stage 2 first 10 bucket_counts: 0 0 0 0 0 0 0 0 0 0 
  Stage 3: 0 collisions
  Stage 4: 0 collisions
  Stage 5: 0 collisions
  Stage 6: 0 collisions
  Stage 7: 0 solution candidates
GPU mining complete: 0.61 seconds

No solution candidates found (need more nonces)

═══ Batch 56/106: nonces 10395000-10583999 (189000 nonces) ═══

--- Mining batch: 189000 nonces (378000 hashes) starting at nonce 10395000 ---
  [DEBUG] idx=0 -> nonce g=10395000
  [DEBUG] idx=1 -> nonce g=10395000
  [DEBUG] idx=2 -> nonce g=10395001
  [DEBUG] idx=3 -> nonce g=10395001
  [DEBUG] idx=377998 -> nonce g=10583999
  [DEBUG] idx=377999 -> nonce g=10583999
  [DEBUG] First 10 hash bucket IDs: 850836 358575 620441 571203 1046922 599208 313182 237064 820628 239318 
  [DEBUG] First hash bytes: cf b9 43 5b
Running GPU stages 1-7...
  Stage 1: 16933 collisions in 10190 buckets (max 10 per bucket)
  [DEBUG] First 5 non-empty buckets: bucket 0=3 colls, bucket 2=1 colls, bucket 6=3 colls, bucket 7=1 colls, bucket 8=1 colls, 
  [DEBUG] First collision attr=0x0701b173 hash=000a1bdd
  Stage 2: 8637 collisions
  [DEBUG] Stage 2 first 10 bucket_counts: 0 0 0 0 0 0 0 0 0 0 
  Stage 3: 2301 collisions
  Stage 4: 176 collisions
  Stage 5: 0 collisions
  Stage 6: 0 collisions
  Stage 7: 0 solution candidates
GPU mining complete: 0.69 seconds

No solution candidates found (need more nonces)

═══ Batch 57/106: nonces 10584000-10772999 (189000 nonces) ═══

--- Mining batch: 189000 nonces (378000 hashes) starting at nonce 10584000 ---
  [DEBUG] idx=0 -> nonce g=10584000
  [DEBUG] idx=1 -> nonce g=10584000
  [DEBUG] idx=2 -> nonce g=10584001
  [DEBUG] idx=3 -> nonce g=10584001
  [DEBUG] idx=377998 -> nonce g=10772999
  [DEBUG] idx=377999 -> nonce g=10772999
  [DEBUG] First 10 hash bucket IDs: 582518 408663 1018441 530921 474768 703227 108060 998261 926099 201562 
  [DEBUG] First hash bytes: 8e 37 64 02
Running GPU stages 1-7...
  Stage 1: 17017 collisions in 10156 buckets (max 8 per bucket)
  [DEBUG] First 5 non-empty buckets: bucket 1=2 colls, bucket 2=1 colls, bucket 4=1 colls, bucket 5=1 colls, bucket 6=1 colls, 
  [DEBUG] First collision attr=0x00000000 hash=00000000
  Stage 2: 0 collisions
  [DEBUG] Stage 2 first 10 bucket_counts: 0 0 0 0 0 0 0 0 0 0 
  Stage 3: 0 collisions
  Stage 4: 0 collisions
  Stage 5: 0 collisions
  Stage 6: 0 collisions
  Stage 7: 0 solution candidates
GPU mining complete: 0.61 seconds

No solution candidates found (need more nonces)

═══ Batch 58/106: nonces 10773000-10961999 (189000 nonces) ═══

--- Mining batch: 189000 nonces (378000 hashes) starting at nonce 10773000 ---
  [DEBUG] idx=0 -> nonce g=10773000
  [DEBUG] idx=1 -> nonce g=10773000
  [DEBUG] idx=2 -> nonce g=10773001
  [DEBUG] idx=3 -> nonce g=10773001
  [DEBUG] idx=377998 -> nonce g=10961999
  [DEBUG] idx=377999 -> nonce g=10961999
  [DEBUG] First 10 hash bucket IDs: 756018 535588 815508 63419 581876 741247 861431 575083 232446 264630 
  [DEBUG] First hash bytes: b8 93 29 88
Running GPU stages 1-7...
  Stage 1: 17063 collisions in 10224 buckets (max 11 per bucket)
  [DEBUG] First 5 non-empty buckets: bucket 1=3 colls, bucket 2=1 colls, bucket 3=1 colls, bucket 4=1 colls, bucket 5=1 colls, 
  [DEBUG] First collision attr=0x00000000 hash=00000000
  Stage 2: 8864 collisions
  [DEBUG] Stage 2 first 10 bucket_counts: 0 0 0 0 0 0 0 0 0 0 
  Stage 3: 2292 collisions
  Stage 4: 161 collisions
  Stage 5: 0 collisions
  Stage 6: 0 collisions
  Stage 7: 0 solution candidates
GPU mining complete: 0.68 seconds

No solution candidates found (need more nonces)

═══ Batch 59/106: nonces 10962000-11150999 (189000 nonces) ═══

--- Mining batch: 189000 nonces (378000 hashes) starting at nonce 10962000 ---
  [DEBUG] idx=0 -> nonce g=10962000
  [DEBUG] idx=1 -> nonce g=10962000
  [DEBUG] idx=2 -> nonce g=10962001
  [DEBUG] idx=3 -> nonce g=10962001
  [DEBUG] idx=377998 -> nonce g=11150999
  [DEBUG] idx=377999 -> nonce g=11150999
  [DEBUG] First 10 hash bucket IDs: 351971 613467 577436 421874 570559 68610 509331 750214 202021 609093 
  [DEBUG] First hash bytes: 55 ee 30 13
Running GPU stages 1-7...
  Stage 1: 17158 collisions in 10259 buckets (max 10 per bucket)
  [DEBUG] First 5 non-empty buckets: bucket 1=1 colls, bucket 2=1 colls, bucket 4=2 colls, bucket 8=1 colls, bucket 10=1 colls, 
  [DEBUG] First collision attr=0x00000000 hash=00000000
  Stage 2: 8851 collisions
  [DEBUG] Stage 2 first 10 bucket_counts: 0 0 0 0 0 0 0 0 0 0 
  Stage 3: 2420 collisions
  Stage 4: 157 collisions
  Stage 5: 0 collisions
  Stage 6: 0 collisions
  Stage 7: 0 solution candidates
GPU mining complete: 0.66 seconds

No solution candidates found (need more nonces)

═══ Batch 60/106: nonces 11151000-11339999 (189000 nonces) ═══

--- Mining batch: 189000 nonces (378000 hashes) starting at nonce 11151000 ---
  [DEBUG] idx=0 -> nonce g=11151000
  [DEBUG] idx=1 -> nonce g=11151000
  [DEBUG] idx=2 -> nonce g=11151001
  [DEBUG] idx=3 -> nonce g=11151001
  [DEBUG] idx=377998 -> nonce g=11339999
  [DEBUG] idx=377999 -> nonce g=11339999
  [DEBUG] First 10 hash bucket IDs: 160149 783228 94640 334976 218869 278239 830667 316078 557380 497123 
  [DEBUG] First hash bytes: 27 19 51 f0
Running GPU stages 1-7...
  Stage 1: 16760 collisions in 10003 buckets (max 11 per bucket)
  [DEBUG] First 5 non-empty buckets: bucket 1=1 colls, bucket 4=1 colls, bucket 9=2 colls, bucket 10=1 colls, bucket 11=1 colls, 
  [DEBUG] First collision attr=0x00000000 hash=00000000
  Stage 2: 0 collisions
  [DEBUG] Stage 2 first 10 bucket_counts: 0 0 0 0 0 0 0 0 0 0 
  Stage 3: 0 collisions
  Stage 4: 0 collisions
  Stage 5: 0 collisions
  Stage 6: 0 collisions
  Stage 7: 0 solution candidates
GPU mining complete: 0.61 seconds

No solution candidates found (need more nonces)

═══ Batch 61/106: nonces 11340000-11528999 (189000 nonces) ═══

--- Mining batch: 189000 nonces (378000 hashes) starting at nonce 11340000 ---
  [DEBUG] idx=0 -> nonce g=11340000
  [DEBUG] idx=1 -> nonce g=11340000
  [DEBUG] idx=2 -> nonce g=11340001
  [DEBUG] idx=3 -> nonce g=11340001
  [DEBUG] idx=377998 -> nonce g=11528999
  [DEBUG] idx=377999 -> nonce g=11528999
  [DEBUG] First 10 hash bucket IDs: 425850 87512 889807 668621 414195 257380 505806 91193 1043203 299678 
  [DEBUG] First hash bytes: 67 f7 a3 8e
Running GPU stages 1-7...
  Stage 1: 17213 collisions in 10308 buckets (max 11 per bucket)
  [DEBUG] First 5 non-empty buckets: bucket 0=2 colls, bucket 2=1 colls, bucket 3=3 colls, bucket 4=1 colls, bucket 6=1 colls, 
  [DEBUG] First collision attr=0x0f6b0d33 hash=00da5d49
  Stage 2: 8923 collisions
  [DEBUG] Stage 2 first 10 bucket_counts: 0 0 0 0 0 0 0 0 0 0 
  Stage 3: 2571 collisions
  Stage 4: 229 collisions
  Stage 5: 0 collisions
  Stage 6: 0 collisions
  Stage 7: 0 solution candidates
GPU mining complete: 0.69 seconds

No solution candidates found (need more nonces)

═══ Batch 62/106: nonces 11529000-11717999 (189000 nonces) ═══

--- Mining batch: 189000 nonces (378000 hashes) starting at nonce 11529000 ---
  [DEBUG] idx=0 -> nonce g=11529000
  [DEBUG] idx=1 -> nonce g=11529000
  [DEBUG] idx=2 -> nonce g=11529001
  [DEBUG] idx=3 -> nonce g=11529001
  [DEBUG] idx=377998 -> nonce g=11717999
  [DEBUG] idx=377999 -> nonce g=11717999
  [DEBUG] First 10 hash bucket IDs: 523996 107291 621802 415303 708328 979991 10331 143705 78759 529980 
  [DEBUG] First hash bytes: 7f ed c7 5f
Running GPU stages 1-7...
  Stage 1: 16950 collisions in 10223 buckets (max 9 per bucket)
  [DEBUG] First 5 non-empty buckets: bucket 2=1 colls, bucket 3=2 colls, bucket 4=1 colls, bucket 7=1 colls, bucket 8=2 colls, 
  [DEBUG] First collision attr=0x00000000 hash=00000000
  Stage 2: 8782 collisions
  [DEBUG] Stage 2 first 10 bucket_counts: 0 0 0 0 0 0 0 0 0 0 
  Stage 3: 2355 collisions
  Stage 4: 182 collisions
  Stage 5: 4 collisions
  Stage 6: 1 collisions
  Stage 7: 0 solution candidates
GPU mining complete: 0.67 seconds

No solution candidates found (need more nonces)

═══ Batch 63/106: nonces 11718000-11906999 (189000 nonces) ═══

--- Mining batch: 189000 nonces (378000 hashes) starting at nonce 11718000 ---
  [DEBUG] idx=0 -> nonce g=11718000
  [DEBUG] idx=1 -> nonce g=11718000
  [DEBUG] idx=2 -> nonce g=11718001
  [DEBUG] idx=3 -> nonce g=11718001
  [DEBUG] idx=377998 -> nonce g=11906999
  [DEBUG] idx=377999 -> nonce g=11906999
  [DEBUG] First 10 hash bucket IDs: 321121 891271 78034 164977 939011 1040489 246287 906727 774740 197068 
  [DEBUG] First hash bytes: 4e 66 13 9c
Running GPU stages 1-7...
  Stage 1: 14121 collisions in 8403 buckets (max 10 per bucket)
  [DEBUG] First 5 non-empty buckets: bucket 0=2 colls, bucket 1=2 colls, bucket 2=2 colls, bucket 3=1 colls, bucket 4=1 colls, 
  [DEBUG] First collision attr=0x09bd03da hash=00d62703
  Stage 2: 0 collisions
  [DEBUG] Stage 2 first 10 bucket_counts: 0 0 0 0 0 0 0 0 0 0 
  Stage 3: 0 collisions
  Stage 4: 0 collisions
  Stage 5: 0 collisions
  Stage 6: 0 collisions
  Stage 7: 0 solution candidates
GPU mining complete: 0.61 seconds

No solution candidates found (need more nonces)

═══ Batch 64/106: nonces 11907000-12095999 (189000 nonces) ═══

--- Mining batch: 189000 nonces (378000 hashes) starting at nonce 11907000 ---
  [DEBUG] idx=0 -> nonce g=11907000
  [DEBUG] idx=1 -> nonce g=11907000
  [DEBUG] idx=2 -> nonce g=11907001
  [DEBUG] idx=3 -> nonce g=11907001
  [DEBUG] idx=377998 -> nonce g=12095999
  [DEBUG] idx=377999 -> nonce g=12095999
  [DEBUG] First 10 hash bucket IDs: 337961 866287 785074 183653 712489 844357 632347 911412 519870 788275 
  [DEBUG] First hash bytes: 52 82 9c c3
Running GPU stages 1-7...
  Stage 1: 17050 collisions in 10303 buckets (max 9 per bucket)
  [DEBUG] First 5 non-empty buckets: bucket 5=1 colls, bucket 7=3 colls, bucket 8=2 colls, bucket 9=1 colls, bucket 11=1 colls, 
  [DEBUG] First collision attr=0x00000000 hash=00000000
  Stage 2: 8809 collisions
  [DEBUG] Stage 2 first 10 bucket_counts: 0 0 0 0 0 0 0 0 0 0 
  Stage 3: 2358 collisions
  Stage 4: 163 collisions
  Stage 5: 0 collisions
  Stage 6: 0 collisions
  Stage 7: 0 solution candidates
GPU mining complete: 0.68 seconds

No solution candidates found (need more nonces)

═══ Batch 65/106: nonces 12096000-12284999 (189000 nonces) ═══

--- Mining batch: 189000 nonces (378000 hashes) starting at nonce 12096000 ---
  [DEBUG] idx=0 -> nonce g=12096000
  [DEBUG] idx=1 -> nonce g=12096000
  [DEBUG] idx=2 -> nonce g=12096001
  [DEBUG] idx=3 -> nonce g=12096001
  [DEBUG] idx=377998 -> nonce g=12284999
  [DEBUG] idx=377999 -> nonce g=12284999
  [DEBUG] First 10 hash bucket IDs: 935533 1029448 480059 855200 465649 1001482 688911 474764 280877 469530 
  [DEBUG] First hash bytes: e4 66 dd 9c
Running GPU stages 1-7...
  Stage 1: 17143 collisions in 10242 buckets (max 11 per bucket)
  [DEBUG] First 5 non-empty buckets: bucket 0=1 colls, bucket 3=3 colls, bucket 4=2 colls, bucket 5=1 colls, bucket 10=1 colls, 
  [DEBUG] First collision attr=0x160224aa hash=008da901
  Stage 2: 8903 collisions
  [DEBUG] Stage 2 first 10 bucket_counts: 0 0 0 0 0 0 0 0 0 0 
  Stage 3: 2387 collisions
  Stage 4: 168 collisions
  Stage 5: 1 collisions
  Stage 6: 0 collisions
  Stage 7: 0 solution candidates
GPU mining complete: 0.68 seconds

No solution candidates found (need more nonces)

═══ Batch 66/106: nonces 12285000-12473999 (189000 nonces) ═══

--- Mining batch: 189000 nonces (378000 hashes) starting at nonce 12285000 ---
  [DEBUG] idx=0 -> nonce g=12285000
  [DEBUG] idx=1 -> nonce g=12285000
  [DEBUG] idx=2 -> nonce g=12285001
  [DEBUG] idx=3 -> nonce g=12285001
  [DEBUG] idx=377998 -> nonce g=12473999
  [DEBUG] idx=377999 -> nonce g=12473999
  [DEBUG] First 10 hash bucket IDs: 424058 268823 572910 970768 192311 28105 251630 437576 328710 348713 
  [DEBUG] First hash bytes: 67 87 aa f8
Running GPU stages 1-7...
  Stage 1: 16619 collisions in 9966 buckets (max 11 per bucket)
  [DEBUG] First 5 non-empty buckets: bucket 0=2 colls, bucket 1=2 colls, bucket 2=1 colls, bucket 3=1 colls, bucket 5=1 colls, 
  [DEBUG] First collision attr=0x09c5c45a hash=007ec9c9
  Stage 2: 0 collisions
  [DEBUG] Stage 2 first 10 bucket_counts: 0 0 0 0 0 0 0 0 0 0 
  Stage 3: 0 collisions
  Stage 4: 0 collisions
  Stage 5: 0 collisions
  Stage 6: 0 collisions
  Stage 7: 0 solution candidates
GPU mining complete: 0.60 seconds

No solution candidates found (need more nonces)

═══ Batch 67/106: nonces 12474000-12662999 (189000 nonces) ═══

--- Mining batch: 189000 nonces (378000 hashes) starting at nonce 12474000 ---
  [DEBUG] idx=0 -> nonce g=12474000
  [DEBUG] idx=1 -> nonce g=12474000
  [DEBUG] idx=2 -> nonce g=12474001
  [DEBUG] idx=3 -> nonce g=12474001
  [DEBUG] idx=377998 -> nonce g=12662999
  [DEBUG] idx=377999 -> nonce g=12662999
  [DEBUG] First 10 hash bucket IDs: 824397 603716 49881 192613 44687 622232 517678 967478 802182 108120 
  [DEBUG] First hash bytes: c9 44 d8 c8
Running GPU stages 1-7...
  Stage 1: 16790 collisions in 10120 buckets (max 9 per bucket)
  [DEBUG] First 5 non-empty buckets: bucket 0=2 colls, bucket 1=2 colls, bucket 2=1 colls, bucket 7=2 colls, bucket 8=1 colls, 
  [DEBUG] First collision attr=0x21639cdc hash=006a3919
  Stage 2: 8580 collisions
  [DEBUG] Stage 2 first 10 bucket_counts: 0 0 0 0 0 0 0 0 0 0 
  Stage 3: 2207 collisions
  Stage 4: 168 collisions
  Stage 5: 3 collisions
  Stage 6: 0 collisions
  Stage 7: 0 solution candidates
GPU mining complete: 0.68 seconds

No solution candidates found (need more nonces)

═══ Batch 68/106: nonces 12663000-12851999 (189000 nonces) ═══

--- Mining batch: 189000 nonces (378000 hashes) starting at nonce 12663000 ---
  [DEBUG] idx=0 -> nonce g=12663000
  [DEBUG] idx=1 -> nonce g=12663000
  [DEBUG] idx=2 -> nonce g=12663001
  [DEBUG] idx=3 -> nonce g=12663001
  [DEBUG] idx=377998 -> nonce g=12851999
  [DEBUG] idx=377999 -> nonce g=12851999
  [DEBUG] First 10 hash bucket IDs: 41863 831314 630408 524581 426512 628394 918393 594487 902725 354409 
  [DEBUG] First hash bytes: 0a 38 71 2d
Running GPU stages 1-7...
  Stage 1: 17044 collisions in 10252 buckets (max 8 per bucket)
  [DEBUG] First 5 non-empty buckets: bucket 1=1 colls, bucket 2=1 colls, bucket 3=1 colls, bucket 5=1 colls, bucket 6=1 colls, 
  [DEBUG] First collision attr=0x00000000 hash=00000000
  Stage 2: 8885 collisions
  [DEBUG] Stage 2 first 10 bucket_counts: 0 0 0 0 0 0 0 0 0 0 
  Stage 3: 2397 collisions
  Stage 4: 162 collisions
  Stage 5: 1 collisions
  Stage 6: 0 collisions
  Stage 7: 0 solution candidates
GPU mining complete: 0.68 seconds

No solution candidates found (need more nonces)

═══ Batch 69/106: nonces 12852000-13040999 (189000 nonces) ═══

--- Mining batch: 189000 nonces (378000 hashes) starting at nonce 12852000 ---
  [DEBUG] idx=0 -> nonce g=12852000
  [DEBUG] idx=1 -> nonce g=12852000
  [DEBUG] idx=2 -> nonce g=12852001
  [DEBUG] idx=3 -> nonce g=12852001
  [DEBUG] idx=377998 -> nonce g=13040999
  [DEBUG] idx=377999 -> nonce g=13040999
  [DEBUG] First 10 hash bucket IDs: 588454 949146 52983 85831 452257 560256 805442 42062 123514 397021 
  [DEBUG] First hash bytes: 8f aa 6b 8b
Running GPU stages 1-7...
  Stage 1: 16973 collisions in 10174 buckets (max 11 per bucket)
  [DEBUG] First 5 non-empty buckets: bucket 2=2 colls, bucket 3=1 colls, bucket 4=1 colls, bucket 7=1 colls, bucket 8=1 colls, 
  [DEBUG] First collision attr=0x00000000 hash=00000000
  Stage 2: 0 collisions
  [DEBUG] Stage 2 first 10 bucket_counts: 0 0 0 0 0 0 0 0 0 0 
  Stage 3: 0 collisions
  Stage 4: 0 collisions
  Stage 5: 0 collisions
  Stage 6: 0 collisions
  Stage 7: 0 solution candidates
GPU mining complete: 0.61 seconds

No solution candidates found (need more nonces)

═══ Batch 70/106: nonces 13041000-13229999 (189000 nonces) ═══

--- Mining batch: 189000 nonces (378000 hashes) starting at nonce 13041000 ---
  [DEBUG] idx=0 -> nonce g=13041000
  [DEBUG] idx=1 -> nonce g=13041000
  [DEBUG] idx=2 -> nonce g=13041001
  [DEBUG] idx=3 -> nonce g=13041001
  [DEBUG] idx=377998 -> nonce g=13229999
  [DEBUG] idx=377999 -> nonce g=13229999
  [DEBUG] First 10 hash bucket IDs: 380613 174525 182509 182921 117691 48969 295191 892567 823088 575609 
  [DEBUG] First hash bytes: 5c ec 5c ee
Running GPU stages 1-7...
  Stage 1: 17229 collisions in 10339 buckets (max 9 per bucket)
  [DEBUG] First 5 non-empty buckets: bucket 0=1 colls, bucket 1=3 colls, bucket 2=3 colls, bucket 4=2 colls, bucket 5=1 colls, 
  [DEBUG] First collision attr=0x0a23ff1a hash=00731e7b
  Stage 2: 9016 collisions
  [DEBUG] Stage 2 first 10 bucket_counts: 0 0 0 0 0 0 0 0 0 0 
  Stage 3: 2492 collisions
  Stage 4: 189 collisions
  Stage 5: 0 collisions
  Stage 6: 0 collisions
  Stage 7: 0 solution candidates
GPU mining complete: 0.68 seconds

No solution candidates found (need more nonces)

═══ Batch 71/106: nonces 13230000-13418999 (189000 nonces) ═══

--- Mining batch: 189000 nonces (378000 hashes) starting at nonce 13230000 ---
  [DEBUG] idx=0 -> nonce g=13230000
  [DEBUG] idx=1 -> nonce g=13230000
  [DEBUG] idx=2 -> nonce g=13230001
  [DEBUG] idx=3 -> nonce g=13230001
  [DEBUG] idx=377998 -> nonce g=13418999
  [DEBUG] idx=377999 -> nonce g=13418999
  [DEBUG] First 10 hash bucket IDs: 630581 205249 9382 287525 891639 231843 90478 844986 893284 1005733 
  [DEBUG] First hash bytes: 99 f3 52 fe
Running GPU stages 1-7...
  Stage 1: 16713 collisions in 10012 buckets (max 10 per bucket)
  [DEBUG] First 5 non-empty buckets: bucket 0=2 colls, bucket 1=1 colls, bucket 4=5 colls, bucket 6=1 colls, bucket 7=1 colls, 
  [DEBUG] First collision attr=0x19f057f5 hash=0000fc3f
  Stage 2: 0 collisions
  [DEBUG] Stage 2 first 10 bucket_counts: 0 0 0 0 0 0 0 0 0 0 
  Stage 3: 0 collisions
  Stage 4: 0 collisions
  Stage 5: 0 collisions
  Stage 6: 0 collisions
  Stage 7: 0 solution candidates
GPU mining complete: 0.61 seconds

No solution candidates found (need more nonces)

═══ Batch 72/106: nonces 13419000-13607999 (189000 nonces) ═══

--- Mining batch: 189000 nonces (378000 hashes) starting at nonce 13419000 ---
  [DEBUG] idx=0 -> nonce g=13419000
  [DEBUG] idx=1 -> nonce g=13419000
  [DEBUG] idx=2 -> nonce g=13419001
  [DEBUG] idx=3 -> nonce g=13419001
  [DEBUG] idx=377998 -> nonce g=13607999
  [DEBUG] idx=377999 -> nonce g=13607999
  [DEBUG] First 10 hash bucket IDs: 970634 560260 481775 497716 728662 651469 799465 3539 428494 101363 
  [DEBUG] First hash bytes: ec f8 ac 72
Running GPU stages 1-7...
  Stage 1: 17082 collisions in 10266 buckets (max 10 per bucket)
  [DEBUG] First 5 non-empty buckets: bucket 0=1 colls, bucket 1=1 colls, bucket 5=6 colls, bucket 6=2 colls, bucket 7=1 colls, 
  [DEBUG] First collision attr=0x2d1dcabf hash=0032638e
  Stage 2: 9097 collisions
  [DEBUG] Stage 2 first 10 bucket_counts: 0 0 0 0 0 0 0 0 0 0 
  Stage 3: 2528 collisions
  Stage 4: 192 collisions
  Stage 5: 2 collisions
  Stage 6: 0 collisions
  Stage 7: 0 solution candidates
GPU mining complete: 0.66 seconds

No solution candidates found (need more nonces)

═══ Batch 73/106: nonces 13608000-13796999 (189000 nonces) ═══

--- Mining batch: 189000 nonces (378000 hashes) starting at nonce 13608000 ---
  [DEBUG] idx=0 -> nonce g=13608000
  [DEBUG] idx=1 -> nonce g=13608000
  [DEBUG] idx=2 -> nonce g=13608001
  [DEBUG] idx=3 -> nonce g=13608001
  [DEBUG] idx=377998 -> nonce g=13796999
  [DEBUG] idx=377999 -> nonce g=13796999
  [DEBUG] First 10 hash bucket IDs: 564217 102848 920617 895291 253853 19982 120811 635075 591135 475617 
  [DEBUG] First hash bytes: 89 bf 92 9e
Running GPU stages 1-7...
  Stage 1: 16968 collisions in 10230 buckets (max 10 per bucket)
  [DEBUG] First 5 non-empty buckets: bucket 0=1 colls, bucket 2=1 colls, bucket 3=2 colls, bucket 4=3 colls, bucket 5=2 colls, 
  [DEBUG] First collision attr=0x2e58194b hash=00d765f9
  Stage 2: 8798 collisions
  [DEBUG] Stage 2 first 10 bucket_counts: 0 0 0 0 0 0 0 0 0 0 
  Stage 3: 2263 collisions
  Stage 4: 148 collisions
  Stage 5: 0 collisions
  Stage 6: 0 collisions
  Stage 7: 0 solution candidates
GPU mining complete: 0.67 seconds

No solution candidates found (need more nonces)

═══ Batch 74/106: nonces 13797000-13985999 (189000 nonces) ═══

--- Mining batch: 189000 nonces (378000 hashes) starting at nonce 13797000 ---
  [DEBUG] idx=0 -> nonce g=13797000
  [DEBUG] idx=1 -> nonce g=13797000
  [DEBUG] idx=2 -> nonce g=13797001
  [DEBUG] idx=3 -> nonce g=13797001
  [DEBUG] idx=377998 -> nonce g=13985999
  [DEBUG] idx=377999 -> nonce g=13985999
  [DEBUG] First 10 hash bucket IDs: 883989 854980 226433 117341 61266 388584 43834 377182 534138 543354 
  [DEBUG] First hash bytes: d7 d1 5d df
Running GPU stages 1-7...
  Stage 1: 16849 collisions in 10033 buckets (max 11 per bucket)
  [DEBUG] First 5 non-empty buckets: bucket 0=1 colls, bucket 3=2 colls, bucket 4=2 colls, bucket 5=1 colls, bucket 7=2 colls, 
  [DEBUG] First collision attr=0x217e518d hash=007fd1f6
  Stage 2: 0 collisions
  [DEBUG] Stage 2 first 10 bucket_counts: 0 0 0 0 0 0 0 0 0 0 
  Stage 3: 0 collisions
  Stage 4: 0 collisions
  Stage 5: 0 collisions
  Stage 6: 0 collisions
  Stage 7: 0 solution candidates
GPU mining complete: 0.61 seconds

No solution candidates found (need more nonces)

═══ Batch 75/106: nonces 13986000-14174999 (189000 nonces) ═══

--- Mining batch: 189000 nonces (378000 hashes) starting at nonce 13986000 ---
  [DEBUG] idx=0 -> nonce g=13986000
  [DEBUG] idx=1 -> nonce g=13986000
  [DEBUG] idx=2 -> nonce g=13986001
  [DEBUG] idx=3 -> nonce g=13986001
  [DEBUG] idx=377998 -> nonce g=14174999
  [DEBUG] idx=377999 -> nonce g=14174999
  [DEBUG] First 10 hash bucket IDs: 84762 919960 670639 548071 14721 420886 914008 521867 838728 430025 
  [DEBUG] First hash bytes: 14 b1 a0 4f
Running GPU stages 1-7...
  Stage 1: 17133 collisions in 10169 buckets (max 10 per bucket)
  [DEBUG] First 5 non-empty buckets: bucket 0=1 colls, bucket 1=2 colls, bucket 3=1 colls, bucket 4=1 colls, bucket 5=4 colls, 
  [DEBUG] First collision attr=0x3b6329ea hash=0026995d
  Stage 2: 8985 collisions
  [DEBUG] Stage 2 first 10 bucket_counts: 0 0 0 0 0 0 0 0 0 0 
  Stage 3: 2474 collisions
  Stage 4: 181 collisions
  Stage 5: 0 collisions
  Stage 6: 0 collisions
  Stage 7: 0 solution candidates
GPU mining complete: 0.68 seconds

No solution candidates found (need more nonces)

═══ Batch 76/106: nonces 14175000-14363999 (189000 nonces) ═══

--- Mining batch: 189000 nonces (378000 hashes) starting at nonce 14175000 ---
  [DEBUG] idx=0 -> nonce g=14175000
  [DEBUG] idx=1 -> nonce g=14175000
  [DEBUG] idx=2 -> nonce g=14175001
  [DEBUG] idx=3 -> nonce g=14175001
  [DEBUG] idx=377998 -> nonce g=14363999
  [DEBUG] idx=377999 -> nonce g=14363999
  [DEBUG] First 10 hash bucket IDs: 964917 737041 294834 409721 7739 204235 323748 569103 634240 716831 
  [DEBUG] First hash bytes: eb 93 51 d5
Running GPU stages 1-7...
  Stage 1: 17025 collisions in 10214 buckets (max 8 per bucket)
  [DEBUG] First 5 non-empty buckets: bucket 2=1 colls, bucket 3=2 colls, bucket 4=2 colls, bucket 5=1 colls, bucket 6=1 colls, 
  [DEBUG] First collision attr=0x00000000 hash=00000000
  Stage 2: 8855 collisions
  [DEBUG] Stage 2 first 10 bucket_counts: 0 0 0 0 0 0 0 0 0 0 
  Stage 3: 2396 collisions
  Stage 4: 173 collisions
  Stage 5: 1 collisions
  Stage 6: 0 collisions
  Stage 7: 0 solution candidates
GPU mining complete: 0.68 seconds

No solution candidates found (need more nonces)

═══ Batch 77/106: nonces 14364000-14552999 (189000 nonces) ═══

--- Mining batch: 189000 nonces (378000 hashes) starting at nonce 14364000 ---
  [DEBUG] idx=0 -> nonce g=14364000
  [DEBUG] idx=1 -> nonce g=14364000
  [DEBUG] idx=2 -> nonce g=14364001
  [DEBUG] idx=3 -> nonce g=14364001
  [DEBUG] idx=377998 -> nonce g=14552999
  [DEBUG] idx=377999 -> nonce g=14552999
  [DEBUG] First 10 hash bucket IDs: 403017 521486 280730 1029248 696003 884562 275202 486740 71887 411362 
  [DEBUG] First hash bytes: 62 64 90 b6
Running GPU stages 1-7...
  Stage 1: 16412 collisions in 9956 buckets (max 11 per bucket)
  [DEBUG] First 5 non-empty buckets: bucket 0=1 colls, bucket 3=2 colls, bucket 4=7 colls, bucket 5=1 colls, bucket 6=1 colls, 
  [DEBUG] First collision attr=0x56739cb5 hash=006642fb
  Stage 2: 0 collisions
  [DEBUG] Stage 2 first 10 bucket_counts: 0 0 0 0 0 0 0 0 0 0 
  Stage 3: 0 collisions
  Stage 4: 0 collisions
  Stage 5: 0 collisions
  Stage 6: 0 collisions
  Stage 7: 0 solution candidates
GPU mining complete: 0.61 seconds

No solution candidates found (need more nonces)

═══ Batch 78/106: nonces 14553000-14741999 (189000 nonces) ═══

--- Mining batch: 189000 nonces (378000 hashes) starting at nonce 14553000 ---
  [DEBUG] idx=0 -> nonce g=14553000
  [DEBUG] idx=1 -> nonce g=14553000
  [DEBUG] idx=2 -> nonce g=14553001
  [DEBUG] idx=3 -> nonce g=14553001
  [DEBUG] idx=377998 -> nonce g=14741999
  [DEBUG] idx=377999 -> nonce g=14741999
  [DEBUG] First 10 hash bucket IDs: 937284 896750 357334 817356 976511 581626 609368 99577 626373 918364 
  [DEBUG] First hash bytes: e4 d4 43 33
Running GPU stages 1-7...
  Stage 1: 17095 collisions in 10253 buckets (max 10 per bucket)
  [DEBUG] First 5 non-empty buckets: bucket 0=1 colls, bucket 2=4 colls, bucket 4=1 colls, bucket 7=3 colls, bucket 11=4 colls, 
  [DEBUG] First collision attr=0x22b329b3 hash=002bd20d
  Stage 2: 8799 collisions
  [DEBUG] Stage 2 first 10 bucket_counts: 0 0 0 0 0 0 0 0 0 0 
  Stage 3: 2343 collisions
  Stage 4: 162 collisions
  Stage 5: 0 collisions
  Stage 6: 0 collisions
  Stage 7: 0 solution candidates
GPU mining complete: 0.70 seconds

No solution candidates found (need more nonces)

═══ Batch 79/106: nonces 14742000-14930999 (189000 nonces) ═══

--- Mining batch: 189000 nonces (378000 hashes) starting at nonce 14742000 ---
  [DEBUG] idx=0 -> nonce g=14742000
  [DEBUG] idx=1 -> nonce g=14742000
  [DEBUG] idx=2 -> nonce g=14742001
  [DEBUG] idx=3 -> nonce g=14742001
  [DEBUG] idx=377998 -> nonce g=14930999
  [DEBUG] idx=377999 -> nonce g=14930999
  [DEBUG] First 10 hash bucket IDs: 852815 794789 18356 177039 950636 212232 1011483 148173 745081 767892 
  [DEBUG] First hash bytes: d0 34 fb 11
Running GPU stages 1-7...
  Stage 1: 17044 collisions in 10233 buckets (max 9 per bucket)
  [DEBUG] First 5 non-empty buckets: bucket 2=2 colls, bucket 3=1 colls, bucket 8=2 colls, bucket 9=1 colls, bucket 12=1 colls, 
  [DEBUG] First collision attr=0x00000000 hash=00000000
  Stage 2: 9064 collisions
  [DEBUG] Stage 2 first 10 bucket_counts: 0 0 0 0 0 0 0 0 0 0 
  Stage 3: 2430 collisions
  Stage 4: 205 collisions
  Stage 5: 4 collisions
  Stage 6: 3 collisions
  Stage 7: 3 solution candidates
GPU mining complete: 0.65 seconds

Extracting and verifying 3 candidate(s)...
  Candidate 1: ✗ Duplicate indices (skipped)
  Candidate 2: ✗ Duplicate indices (skipped)
  Candidate 3: ✗ Duplicate indices (skipped)

Batch results: 0 valid solution(s) from 3 candidates

═══ Batch 80/106: nonces 14931000-15119999 (189000 nonces) ═══

--- Mining batch: 189000 nonces (378000 hashes) starting at nonce 14931000 ---
  [DEBUG] idx=0 -> nonce g=14931000
  [DEBUG] idx=1 -> nonce g=14931000
  [DEBUG] idx=2 -> nonce g=14931001
  [DEBUG] idx=3 -> nonce g=14931001
  [DEBUG] idx=377998 -> nonce g=15119999
  [DEBUG] idx=377999 -> nonce g=15119999
  [DEBUG] First 10 hash bucket IDs: 545132 955146 311520 446150 77401 721824 780860 67858 673771 775064 
  [DEBUG] First hash bytes: 85 16 c7 e8
Running GPU stages 1-7...
  Stage 1: 13862 collisions in 8347 buckets (max 8 per bucket)
  [DEBUG] First 5 non-empty buckets: bucket 1=1 colls, bucket 2=2 colls, bucket 3=1 colls, bucket 5=6 colls, bucket 6=1 colls, 
  [DEBUG] First collision attr=0x00000000 hash=00000000
  Stage 2: 0 collisions
  [DEBUG] Stage 2 first 10 bucket_counts: 0 0 0 0 0 0 0 0 0 0 
  Stage 3: 0 collisions
  Stage 4: 0 collisions
  Stage 5: 0 collisions
  Stage 6: 0 collisions
  Stage 7: 0 solution candidates
GPU mining complete: 0.61 seconds

No solution candidates found (need more nonces)

═══ Batch 81/106: nonces 15120000-15308999 (189000 nonces) ═══

--- Mining batch: 189000 nonces (378000 hashes) starting at nonce 15120000 ---
  [DEBUG] idx=0 -> nonce g=15120000
  [DEBUG] idx=1 -> nonce g=15120000
  [DEBUG] idx=2 -> nonce g=15120001
  [DEBUG] idx=3 -> nonce g=15120001
  [DEBUG] idx=377998 -> nonce g=15308999
  [DEBUG] idx=377999 -> nonce g=15308999
  [DEBUG] First 10 hash bucket IDs: 993325 864895 70990 407463 668736 698173 130941 887038 596642 1015800 
  [DEBUG] First hash bytes: f2 82 da a8
Running GPU stages 1-7...
  Stage 1: 17130 collisions in 10236 buckets (max 13 per bucket)
  [DEBUG] First 5 non-empty buckets: bucket 0=1 colls, bucket 2=1 colls, bucket 5=2 colls, bucket 6=2 colls, bucket 8=2 colls, 
  [DEBUG] First collision attr=0x4029d2a7 hash=004f3653
  Stage 2: 8775 collisions
  [DEBUG] Stage 2 first 10 bucket_counts: 0 0 0 0 0 0 0 0 0 0 
  Stage 3: 2267 collisions
  Stage 4: 146 collisions
  Stage 5: 3 collisions
  Stage 6: 0 collisions
  Stage 7: 0 solution candidates
GPU mining complete: 0.67 seconds

No solution candidates found (need more nonces)

═══ Batch 82/106: nonces 15309000-15497999 (189000 nonces) ═══

--- Mining batch: 189000 nonces (378000 hashes) starting at nonce 15309000 ---
  [DEBUG] idx=0 -> nonce g=15309000
  [DEBUG] idx=1 -> nonce g=15309000
  [DEBUG] idx=2 -> nonce g=15309001
  [DEBUG] idx=3 -> nonce g=15309001
  [DEBUG] idx=377998 -> nonce g=15497999
  [DEBUG] idx=377999 -> nonce g=15497999
  [DEBUG] First 10 hash bucket IDs: 144193 270317 806871 385723 599352 878581 1021003 843069 131161 107042 
  [DEBUG] First hash bytes: 23 34 1f 92
Running GPU stages 1-7...
  Stage 1: 16514 collisions in 9995 buckets (max 9 per bucket)
  [DEBUG] First 5 non-empty buckets: bucket 0=2 colls, bucket 2=1 colls, bucket 3=2 colls, bucket 4=3 colls, bucket 5=1 colls, 
  [DEBUG] First collision attr=0x2d57f19e hash=0095d24c
  Stage 2: 0 collisions
  [DEBUG] Stage 2 first 10 bucket_counts: 0 0 0 0 0 0 0 0 0 0 
  Stage 3: 0 collisions
  Stage 4: 0 collisions
  Stage 5: 0 collisions
  Stage 6: 0 collisions
  Stage 7: 0 solution candidates
GPU mining complete: 0.60 seconds

No solution candidates found (need more nonces)

═══ Batch 83/106: nonces 15498000-15686999 (189000 nonces) ═══

--- Mining batch: 189000 nonces (378000 hashes) starting at nonce 15498000 ---
  [DEBUG] idx=0 -> nonce g=15498000
  [DEBUG] idx=1 -> nonce g=15498000
  [DEBUG] idx=2 -> nonce g=15498001
  [DEBUG] idx=3 -> nonce g=15498001
  [DEBUG] idx=377998 -> nonce g=15686999
  [DEBUG] idx=377999 -> nonce g=15686999
  [DEBUG] First 10 hash bucket IDs: 1027358 341110 794113 577866 920812 459205 690926 78927 957534 351562 
  [DEBUG] First hash bytes: fa d1 ee 86
Running GPU stages 1-7...
  Stage 1: 16920 collisions in 10170 buckets (max 9 per bucket)
  [DEBUG] First 5 non-empty buckets: bucket 2=3 colls, bucket 3=3 colls, bucket 4=1 colls, bucket 6=2 colls, bucket 8=2 colls, 
  [DEBUG] First collision attr=0x00000000 hash=00000000
  Stage 2: 8723 collisions
  [DEBUG] Stage 2 first 10 bucket_counts: 0 0 0 0 0 0 0 0 0 0 
  Stage 3: 2352 collisions
  Stage 4: 168 collisions
  Stage 5: 2 collisions
  Stage 6: 0 collisions
  Stage 7: 0 solution candidates
GPU mining complete: 0.67 seconds

No solution candidates found (need more nonces)

═══ Batch 84/106: nonces 15687000-15875999 (189000 nonces) ═══

--- Mining batch: 189000 nonces (378000 hashes) starting at nonce 15687000 ---
  [DEBUG] idx=0 -> nonce g=15687000
  [DEBUG] idx=1 -> nonce g=15687000
  [DEBUG] idx=2 -> nonce g=15687001
  [DEBUG] idx=3 -> nonce g=15687001
  [DEBUG] idx=377998 -> nonce g=15875999
  [DEBUG] idx=377999 -> nonce g=15875999
  [DEBUG] First 10 hash bucket IDs: 1018804 618042 938738 585377 181574 656308 977172 979964 528989 439541 
  [DEBUG] First hash bytes: f8 bb 48 f3
Running GPU stages 1-7...
  Stage 1: 16959 collisions in 10178 buckets (max 11 per bucket)
  [DEBUG] First 5 non-empty buckets: bucket 0=1 colls, bucket 1=1 colls, bucket 2=1 colls, bucket 4=1 colls, bucket 7=1 colls, 
  [DEBUG] First collision attr=0x2ab660ff hash=00c269f1
  Stage 2: 0 collisions
  [DEBUG] Stage 2 first 10 bucket_counts: 0 0 0 0 0 0 0 0 0 0 
  Stage 3: 0 collisions
  Stage 4: 0 collisions
  Stage 5: 0 collisions
  Stage 6: 0 collisions
  Stage 7: 0 solution candidates
GPU mining complete: 0.60 seconds

No solution candidates found (need more nonces)

═══ Batch 85/106: nonces 15876000-16064999 (189000 nonces) ═══

--- Mining batch: 189000 nonces (378000 hashes) starting at nonce 15876000 ---
  [DEBUG] idx=0 -> nonce g=15876000
  [DEBUG] idx=1 -> nonce g=15876000
  [DEBUG] idx=2 -> nonce g=15876001
  [DEBUG] idx=3 -> nonce g=15876001
  [DEBUG] idx=377998 -> nonce g=16064999
  [DEBUG] idx=377999 -> nonce g=16064999
  [DEBUG] First 10 hash bucket IDs: 736787 242422 136275 106104 587944 191046 174416 781345 24318 899101 
  [DEBUG] First hash bytes: b3 e1 3a f1
Running GPU stages 1-7...
  Stage 1: 17057 collisions in 10304 buckets (max 9 per bucket)
  [DEBUG] First 5 non-empty buckets: bucket 1=1 colls, bucket 5=1 colls, bucket 6=2 colls, bucket 7=3 colls, bucket 8=2 colls, 
  [DEBUG] First collision attr=0x00000000 hash=00000000
  Stage 2: 8984 collisions
  [DEBUG] Stage 2 first 10 bucket_counts: 0 0 0 0 0 0 0 0 0 0 
  Stage 3: 2414 collisions
  Stage 4: 168 collisions
  Stage 5: 1 collisions
  Stage 6: 0 collisions
  Stage 7: 0 solution candidates
GPU mining complete: 0.68 seconds

No solution candidates found (need more nonces)

═══ Batch 86/106: nonces 16065000-16253999 (189000 nonces) ═══

--- Mining batch: 189000 nonces (378000 hashes) starting at nonce 16065000 ---
  [DEBUG] idx=0 -> nonce g=16065000
  [DEBUG] idx=1 -> nonce g=16065000
  [DEBUG] idx=2 -> nonce g=16065001
  [DEBUG] idx=3 -> nonce g=16065001
  [DEBUG] idx=377998 -> nonce g=16253999
  [DEBUG] idx=377999 -> nonce g=16253999
  [DEBUG] First 10 hash bucket IDs: 765865 598779 783984 840521 386380 45262 432635 289287 353549 879977 
  [DEBUG] First hash bytes: ba fa 96 d2
Running GPU stages 1-7...
  Stage 1: 16826 collisions in 10126 buckets (max 9 per bucket)
  [DEBUG] First 5 non-empty buckets: bucket 0=2 colls, bucket 1=2 colls, bucket 2=1 colls, bucket 3=4 colls, bucket 4=1 colls, 
  [DEBUG] First collision attr=0x2698d101 hash=008cdb14
  Stage 2: 8654 collisions
  [DEBUG] Stage 2 first 10 bucket_counts: 0 0 0 0 0 0 0 0 0 0 
  Stage 3: 2311 collisions
  Stage 4: 153 collisions
  Stage 5: 3 collisions
  Stage 6: 1 collisions
  Stage 7: 0 solution candidates
GPU mining complete: 0.67 seconds

No solution candidates found (need more nonces)

═══ Batch 87/106: nonces 16254000-16442999 (189000 nonces) ═══

--- Mining batch: 189000 nonces (378000 hashes) starting at nonce 16254000 ---
  [DEBUG] idx=0 -> nonce g=16254000
  [DEBUG] idx=1 -> nonce g=16254000
  [DEBUG] idx=2 -> nonce g=16254001
  [DEBUG] idx=3 -> nonce g=16254001
  [DEBUG] idx=377998 -> nonce g=16442999
  [DEBUG] idx=377999 -> nonce g=16442999
  [DEBUG] First 10 hash bucket IDs: 396181 131687 349795 714651 390839 115678 120119 32749 674681 228601 
  [DEBUG] First hash bytes: 60 b9 5a b6
Running GPU stages 1-7...
  Stage 1: 17003 collisions in 10170 buckets (max 12 per bucket)
  [DEBUG] First 5 non-empty buckets: bucket 1=1 colls, bucket 2=2 colls, bucket 6=1 colls, bucket 7=1 colls, bucket 10=2 colls, 
  [DEBUG] First collision attr=0x00000000 hash=00000000
  Stage 2: 0 collisions
  [DEBUG] Stage 2 first 10 bucket_counts: 0 0 0 0 0 0 0 0 0 0 
  Stage 3: 0 collisions
  Stage 4: 0 collisions
  Stage 5: 0 collisions
  Stage 6: 0 collisions
  Stage 7: 0 solution candidates
GPU mining complete: 0.60 seconds

No solution candidates found (need more nonces)

═══ Batch 88/106: nonces 16443000-16631999 (189000 nonces) ═══

--- Mining batch: 189000 nonces (378000 hashes) starting at nonce 16443000 ---
  [DEBUG] idx=0 -> nonce g=16443000
  [DEBUG] idx=1 -> nonce g=16443000
  [DEBUG] idx=2 -> nonce g=16443001
  [DEBUG] idx=3 -> nonce g=16443001
  [DEBUG] idx=377998 -> nonce g=16631999
  [DEBUG] idx=377999 -> nonce g=16631999
  [DEBUG] First 10 hash bucket IDs: 658378 157894 409588 35397 659503 358505 8659 148060 610268 375888 
  [DEBUG] First hash bytes: a0 bc a3 80
Running GPU stages 1-7...
  Stage 1: 17046 collisions in 10218 buckets (max 8 per bucket)
  [DEBUG] First 5 non-empty buckets: bucket 1=1 colls, bucket 2=1 colls, bucket 3=2 colls, bucket 4=3 colls, bucket 5=2 colls, 
  [DEBUG] First collision attr=0x00000000 hash=00000000
  Stage 2: 9034 collisions
  [DEBUG] Stage 2 first 10 bucket_counts: 0 0 0 0 0 0 0 0 0 0 
  Stage 3: 2433 collisions
  Stage 4: 205 collisions
  Stage 5: 2 collisions
  Stage 6: 0 collisions
  Stage 7: 0 solution candidates
GPU mining complete: 0.68 seconds

No solution candidates found (need more nonces)

═══ Batch 89/106: nonces 16632000-16820999 (189000 nonces) ═══

--- Mining batch: 189000 nonces (378000 hashes) starting at nonce 16632000 ---
  [DEBUG] idx=0 -> nonce g=16632000
  [DEBUG] idx=1 -> nonce g=16632000
  [DEBUG] idx=2 -> nonce g=16632001
  [DEBUG] idx=3 -> nonce g=16632001
  [DEBUG] idx=377998 -> nonce g=16820999
  [DEBUG] idx=377999 -> nonce g=16820999
  [DEBUG] First 10 hash bucket IDs: 247728 433877 319600 494249 757426 298987 911156 127678 707530 665437 
  [DEBUG] First hash bytes: 3c 7b 04 95
Running GPU stages 1-7...
  Stage 1: 16935 collisions in 10295 buckets (max 9 per bucket)
  [DEBUG] First 5 non-empty buckets: bucket 0=2 colls, bucket 3=1 colls, bucket 4=2 colls, bucket 5=3 colls, bucket 6=3 colls, 
  [DEBUG] First collision attr=0x1a32a4b9 hash=0023f1e1
  Stage 2: 8662 collisions
  [DEBUG] Stage 2 first 10 bucket_counts: 0 0 0 0 0 0 0 0 0 0 
  Stage 3: 2248 collisions
  Stage 4: 131 collisions
  Stage 5: 0 collisions
  Stage 6: 0 collisions
  Stage 7: 0 solution candidates
GPU mining complete: 0.67 seconds

No solution candidates found (need more nonces)

═══ Batch 90/106: nonces 16821000-17009999 (189000 nonces) ═══

--- Mining batch: 189000 nonces (378000 hashes) starting at nonce 16821000 ---
  [DEBUG] idx=0 -> nonce g=16821000
  [DEBUG] idx=1 -> nonce g=16821000
  [DEBUG] idx=2 -> nonce g=16821001
  [DEBUG] idx=3 -> nonce g=16821001
  [DEBUG] idx=377998 -> nonce g=17009999
  [DEBUG] idx=377999 -> nonce g=17009999
  [DEBUG] First 10 hash bucket IDs: 419555 113276 205231 88985 935876 113776 115328 4139 870995 657984 
  [DEBUG] First hash bytes: 66 6e 34 4f
Running GPU stages 1-7...
  Stage 1: 16855 collisions in 10164 buckets (max 10 per bucket)
  [DEBUG] First 5 non-empty buckets: bucket 0=2 colls, bucket 1=2 colls, bucket 2=1 colls, bucket 3=1 colls, bucket 4=1 colls, 
  [DEBUG] First collision attr=0x17ef6339 hash=00ad5c5e
  Stage 2: 0 collisions
  [DEBUG] Stage 2 first 10 bucket_counts: 0 0 0 0 0 0 0 0 0 0 
  Stage 3: 0 collisions
  Stage 4: 0 collisions
  Stage 5: 0 collisions
  Stage 6: 0 collisions
  Stage 7: 0 solution candidates
GPU mining complete: 0.61 seconds

No solution candidates found (need more nonces)

═══ Batch 91/106: nonces 17010000-17198999 (189000 nonces) ═══

--- Mining batch: 189000 nonces (378000 hashes) starting at nonce 17010000 ---
  [DEBUG] idx=0 -> nonce g=17010000
  [DEBUG] idx=1 -> nonce g=17010000
  [DEBUG] idx=2 -> nonce g=17010001
  [DEBUG] idx=3 -> nonce g=17010001
  [DEBUG] idx=377998 -> nonce g=17198999
  [DEBUG] idx=377999 -> nonce g=17198999
  [DEBUG] First 10 hash bucket IDs: 373445 146988 14428 478198 843653 192717 526011 618679 445575 140460 
  [DEBUG] First hash bytes: 5b 2c 54 91
Running GPU stages 1-7...
  Stage 1: 16989 collisions in 10239 buckets (max 9 per bucket)
  [DEBUG] First 5 non-empty buckets: bucket 0=3 colls, bucket 1=1 colls, bucket 2=2 colls, bucket 3=1 colls, bucket 5=1 colls, 
  [DEBUG] First collision attr=0x0d558645 hash=005fbd96
  Stage 2: 9003 collisions
  [DEBUG] Stage 2 first 10 bucket_counts: 0 0 0 0 0 0 0 0 0 0 
  Stage 3: 2527 collisions
  Stage 4: 204 collisions
  Stage 5: 2 collisions
  Stage 6: 0 collisions
  Stage 7: 0 solution candidates
GPU mining complete: 0.68 seconds

No solution candidates found (need more nonces)

═══ Batch 92/106: nonces 17199000-17387999 (189000 nonces) ═══

--- Mining batch: 189000 nonces (378000 hashes) starting at nonce 17199000 ---
  [DEBUG] idx=0 -> nonce g=17199000
  [DEBUG] idx=1 -> nonce g=17199000
  [DEBUG] idx=2 -> nonce g=17199001
  [DEBUG] idx=3 -> nonce g=17199001
  [DEBUG] idx=377998 -> nonce g=17387999
  [DEBUG] idx=377999 -> nonce g=17387999
  [DEBUG] First 10 hash bucket IDs: 988312 486416 402876 233186 867884 85312 1001403 835801 344900 196049 
  [DEBUG] First hash bytes: f1 49 88 59
Running GPU stages 1-7...
  Stage 1: 16934 collisions in 10286 buckets (max 11 per bucket)
  [DEBUG] First 5 non-empty buckets: bucket 1=3 colls, bucket 2=4 colls, bucket 3=2 colls, bucket 6=1 colls, bucket 9=2 colls, 
  [DEBUG] First collision attr=0x00000000 hash=00000000
  Stage 2: 8815 collisions
  [DEBUG] Stage 2 first 10 bucket_counts: 0 0 0 0 0 0 0 0 0 0 
  Stage 3: 2425 collisions
  Stage 4: 171 collisions
  Stage 5: 0 collisions
  Stage 6: 0 collisions
  Stage 7: 0 solution candidates
GPU mining complete: 0.71 seconds

No solution candidates found (need more nonces)

═══ Batch 93/106: nonces 17388000-17576999 (189000 nonces) ═══

--- Mining batch: 189000 nonces (378000 hashes) starting at nonce 17388000 ---
  [DEBUG] idx=0 -> nonce g=17388000
  [DEBUG] idx=1 -> nonce g=17388000
  [DEBUG] idx=2 -> nonce g=17388001
  [DEBUG] idx=3 -> nonce g=17388001
  [DEBUG] idx=377998 -> nonce g=17576999
  [DEBUG] idx=377999 -> nonce g=17576999
  [DEBUG] First 10 hash bucket IDs: 397230 603604 995606 768115 85020 545172 258799 947644 766863 837122 
  [DEBUG] First hash bytes: 60 fa ea 24
Running GPU stages 1-7...
  Stage 1: 14034 collisions in 8388 buckets (max 8 per bucket)
  [DEBUG] First 5 non-empty buckets: bucket 0=1 colls, bucket 1=2 colls, bucket 3=2 colls, bucket 4=2 colls, bucket 5=2 colls, 
  [DEBUG] First collision attr=0x0baed12e hash=00d1b533
  Stage 2: 0 collisions
  [DEBUG] Stage 2 first 10 bucket_counts: 0 0 0 0 0 0 0 0 0 0 
  Stage 3: 0 collisions
  Stage 4: 0 collisions
  Stage 5: 0 collisions
  Stage 6: 0 collisions
  Stage 7: 0 solution candidates
GPU mining complete: 0.61 seconds

No solution candidates found (need more nonces)

═══ Batch 94/106: nonces 17577000-17765999 (189000 nonces) ═══

--- Mining batch: 189000 nonces (378000 hashes) starting at nonce 17577000 ---
  [DEBUG] idx=0 -> nonce g=17577000
  [DEBUG] idx=1 -> nonce g=17577000
  [DEBUG] idx=2 -> nonce g=17577001
  [DEBUG] idx=3 -> nonce g=17577001
  [DEBUG] idx=377998 -> nonce g=17765999
  [DEBUG] idx=377999 -> nonce g=17765999
  [DEBUG] First 10 hash bucket IDs: 1035483 559599 220872 835325 2890 575850 596918 658408 811107 1003231 
  [DEBUG] First hash bytes: fc cd b1 9c
Running GPU stages 1-7...
  Stage 1: 16989 collisions in 10145 buckets (max 10 per bucket)
  [DEBUG] First 5 non-empty buckets: bucket 1=1 colls, bucket 3=1 colls, bucket 4=1 colls, bucket 6=1 colls, bucket 8=3 colls, 
  [DEBUG] First collision attr=0x00000000 hash=00000000
  Stage 2: 8870 collisions
  [DEBUG] Stage 2 first 10 bucket_counts: 0 0 0 0 0 0 0 0 0 0 
  Stage 3: 2340 collisions
  Stage 4: 176 collisions
  Stage 5: 1 collisions
  Stage 6: 0 collisions
  Stage 7: 0 solution candidates
GPU mining complete: 0.69 seconds

No solution candidates found (need more nonces)

═══ Batch 95/106: nonces 17766000-17954999 (189000 nonces) ═══

--- Mining batch: 189000 nonces (378000 hashes) starting at nonce 17766000 ---
  [DEBUG] idx=0 -> nonce g=17766000
  [DEBUG] idx=1 -> nonce g=17766000
  [DEBUG] idx=2 -> nonce g=17766001
  [DEBUG] idx=3 -> nonce g=17766001
  [DEBUG] idx=377998 -> nonce g=17954999
  [DEBUG] idx=377999 -> nonce g=17954999
  [DEBUG] First 10 hash bucket IDs: 241139 241316 505904 580325 528596 72904 464225 388433 235623 35423 
  [DEBUG] First hash bytes: 3a df 35 9e
Running GPU stages 1-7...
  Stage 1: 16746 collisions in 10127 buckets (max 8 per bucket)
  [DEBUG] First 5 non-empty buckets: bucket 0=1 colls, bucket 3=3 colls, bucket 4=1 colls, bucket 5=1 colls, bucket 9=1 colls, 
  [DEBUG] First collision attr=0x0002ad47 hash=000e4e81
  Stage 2: 0 collisions
  [DEBUG] Stage 2 first 10 bucket_counts: 0 0 0 0 0 0 0 0 0 0 
  Stage 3: 0 collisions
  Stage 4: 0 collisions
  Stage 5: 0 collisions
  Stage 6: 0 collisions
  Stage 7: 0 solution candidates
GPU mining complete: 0.61 seconds

No solution candidates found (need more nonces)

═══ Batch 96/106: nonces 17955000-18143999 (189000 nonces) ═══

--- Mining batch: 189000 nonces (378000 hashes) starting at nonce 17955000 ---
  [DEBUG] idx=0 -> nonce g=17955000
  [DEBUG] idx=1 -> nonce g=17955000
  [DEBUG] idx=2 -> nonce g=17955001
  [DEBUG] idx=3 -> nonce g=17955001
  [DEBUG] idx=377998 -> nonce g=18143999
  [DEBUG] idx=377999 -> nonce g=18143999
  [DEBUG] First 10 hash bucket IDs: 110748 908206 782342 67021 92758 1024205 496760 897772 557249 585398 
  [DEBUG] First hash bytes: 1b 09 c0 87
Running GPU stages 1-7...
  Stage 1: 17020 collisions in 10217 buckets (max 10 per bucket)
  [DEBUG] First 5 non-empty buckets: bucket 0=2 colls, bucket 2=1 colls, bucket 3=4 colls, bucket 4=1 colls, bucket 5=2 colls, 
  [DEBUG] First collision attr=0x0509a3f4 hash=004e4dcd
  Stage 2: 8740 collisions
  [DEBUG] Stage 2 first 10 bucket_counts: 0 0 0 0 0 0 0 0 0 0 
  Stage 3: 2377 collisions
  Stage 4: 180 collisions
  Stage 5: 0 collisions
  Stage 6: 0 collisions
  Stage 7: 0 solution candidates
GPU mining complete: 0.68 seconds

No solution candidates found (need more nonces)

═══ Batch 97/106: nonces 18144000-18332999 (189000 nonces) ═══

--- Mining batch: 189000 nonces (378000 hashes) starting at nonce 18144000 ---
  [DEBUG] idx=0 -> nonce g=18144000
  [DEBUG] idx=1 -> nonce g=18144000
  [DEBUG] idx=2 -> nonce g=18144001
  [DEBUG] idx=3 -> nonce g=18144001
  [DEBUG] idx=377998 -> nonce g=18332999
  [DEBUG] idx=377999 -> nonce g=18332999
  [DEBUG] First 10 hash bucket IDs: 311857 534947 423858 883277 600036 1014593 708926 592243 147823 493441 
  [DEBUG] First hash bytes: 4c 23 18 fe
Running GPU stages 1-7...
  Stage 1: 16934 collisions in 10207 buckets (max 10 per bucket)
  [DEBUG] First 5 non-empty buckets: bucket 0=2 colls, bucket 1=1 colls, bucket 3=3 colls, bucket 4=1 colls, bucket 5=2 colls, 
  [DEBUG] First collision attr=0x0f8544a9 hash=00574189
  Stage 2: 8710 collisions
  [DEBUG] Stage 2 first 10 bucket_counts: 0 0 0 0 0 0 0 0 0 0 
  Stage 3: 2343 collisions
  Stage 4: 158 collisions
  Stage 5: 1 collisions
  Stage 6: 0 collisions
  Stage 7: 0 solution candidates
GPU mining complete: 0.68 seconds

No solution candidates found (need more nonces)

═══ Batch 98/106: nonces 18333000-18521999 (189000 nonces) ═══

--- Mining batch: 189000 nonces (378000 hashes) starting at nonce 18333000 ---
  [DEBUG] idx=0 -> nonce g=18333000
  [DEBUG] idx=1 -> nonce g=18333000
  [DEBUG] idx=2 -> nonce g=18333001
  [DEBUG] idx=3 -> nonce g=18333001
  [DEBUG] idx=377998 -> nonce g=18521999
  [DEBUG] idx=377999 -> nonce g=18521999
  [DEBUG] First 10 hash bucket IDs: 1012898 455582 1038084 210813 322809 574102 93474 981295 126719 566509 
  [DEBUG] First hash bytes: f7 4a 26 99
Running GPU stages 1-7...
  Stage 1: 16764 collisions in 10132 buckets (max 10 per bucket)
  [DEBUG] First 5 non-empty buckets: bucket 2=2 colls, bucket 3=1 colls, bucket 4=2 colls, bucket 6=1 colls, bucket 7=3 colls, 
  [DEBUG] First collision attr=0x00000000 hash=00000000
  Stage 2: 0 collisions
  [DEBUG] Stage 2 first 10 bucket_counts: 0 0 0 0 0 0 0 0 0 0 
  Stage 3: 0 collisions
  Stage 4: 0 collisions
  Stage 5: 0 collisions
  Stage 6: 0 collisions
  Stage 7: 0 solution candidates
GPU mining complete: 0.60 seconds

No solution candidates found (need more nonces)

═══ Batch 99/106: nonces 18522000-18710999 (189000 nonces) ═══

--- Mining batch: 189000 nonces (378000 hashes) starting at nonce 18522000 ---
  [DEBUG] idx=0 -> nonce g=18522000
  [DEBUG] idx=1 -> nonce g=18522000
  [DEBUG] idx=2 -> nonce g=18522001
  [DEBUG] idx=3 -> nonce g=18522001
  [DEBUG] idx=377998 -> nonce g=18710999
  [DEBUG] idx=377999 -> nonce g=18710999
  [DEBUG] First 10 hash bucket IDs: 403451 777998 989226 835799 850569 301941 925642 384762 163527 665518 
  [DEBUG] First hash bytes: 62 7f bf f3
Running GPU stages 1-7...
  Stage 1: 16690 collisions in 10089 buckets (max 8 per bucket)
  [DEBUG] First 5 non-empty buckets: bucket 0=3 colls, bucket 2=1 colls, bucket 3=1 colls, bucket 4=2 colls, bucket 5=1 colls, 
  [DEBUG] First collision attr=0x047703e3 hash=00044173
  Stage 2: 8412 collisions
  [DEBUG] Stage 2 first 10 bucket_counts: 0 0 0 0 0 0 0 0 0 0 
  Stage 3: 2160 collisions
  Stage 4: 149 collisions
  Stage 5: 2 collisions
  Stage 6: 0 collisions
  Stage 7: 0 solution candidates
GPU mining complete: 0.70 seconds

No solution candidates found (need more nonces)

═══ Batch 100/106: nonces 18711000-18899999 (189000 nonces) ═══

--- Mining batch: 189000 nonces (378000 hashes) starting at nonce 18711000 ---
  [DEBUG] idx=0 -> nonce g=18711000
  [DEBUG] idx=1 -> nonce g=18711000
  [DEBUG] idx=2 -> nonce g=18711001
  [DEBUG] idx=3 -> nonce g=18711001
  [DEBUG] idx=377998 -> nonce g=18899999
  [DEBUG] idx=377999 -> nonce g=18899999
  [DEBUG] First 10 hash bucket IDs: 42541 250100 38334 176842 446783 869928 536028 968553 342532 639844 
  [DEBUG] First hash bytes: 0a 62 d6 76
Running GPU stages 1-7...
  Stage 1: 17184 collisions in 10228 buckets (max 10 per bucket)
  [DEBUG] First 5 non-empty buckets: bucket 0=1 colls, bucket 2=1 colls, bucket 3=1 colls, bucket 4=1 colls, bucket 6=5 colls, 
  [DEBUG] First collision attr=0x0c3dae36 hash=00fdeb9d
  Stage 2: 8949 collisions
  [DEBUG] Stage 2 first 10 bucket_counts: 0 0 0 0 0 0 0 0 0 0 
  Stage 3: 2450 collisions
  Stage 4: 191 collisions
  Stage 5: 2 collisions
  Stage 6: 0 collisions
  Stage 7: 0 solution candidates
GPU mining complete: 0.67 seconds

No solution candidates found (need more nonces)

═══ Batch 101/106: nonces 18900000-19088999 (189000 nonces) ═══

--- Mining batch: 189000 nonces (378000 hashes) starting at nonce 18900000 ---
  [DEBUG] idx=0 -> nonce g=18900000
  [DEBUG] idx=1 -> nonce g=18900000
  [DEBUG] idx=2 -> nonce g=18900001
  [DEBUG] idx=3 -> nonce g=18900001
  [DEBUG] idx=377998 -> nonce g=19088999
  [DEBUG] idx=377999 -> nonce g=19088999
  [DEBUG] First 10 hash bucket IDs: 600282 296682 1008103 655933 64932 682366 271222 321648 129372 724338 
  [DEBUG] First hash bytes: 92 8d a5 cf
Running GPU stages 1-7...
  Stage 1: 14109 collisions in 8425 buckets (max 10 per bucket)
  [DEBUG] First 5 non-empty buckets: bucket 0=1 colls, bucket 1=1 colls, bucket 3=2 colls, bucket 5=1 colls, bucket 9=1 colls, 
  [DEBUG] First collision attr=0x1f06d8aa hash=000d4622
  Stage 2: 0 collisions
  [DEBUG] Stage 2 first 10 bucket_counts: 0 0 0 0 0 0 0 0 0 0 
  Stage 3: 0 collisions
  Stage 4: 0 collisions
  Stage 5: 0 collisions
  Stage 6: 0 collisions
  Stage 7: 0 solution candidates
GPU mining complete: 0.60 seconds

No solution candidates found (need more nonces)

═══ Batch 102/106: nonces 19089000-19277999 (189000 nonces) ═══

--- Mining batch: 189000 nonces (378000 hashes) starting at nonce 19089000 ---
  [DEBUG] idx=0 -> nonce g=19089000
  [DEBUG] idx=1 -> nonce g=19089000
  [DEBUG] idx=2 -> nonce g=19089001
  [DEBUG] idx=3 -> nonce g=19089001
  [DEBUG] idx=377998 -> nonce g=19277999
  [DEBUG] idx=377999 -> nonce g=19277999
  [DEBUG] First 10 hash bucket IDs: 115554 738677 686683 964548 729980 856155 900750 195178 15225 452209 
  [DEBUG] First hash bytes: 1c 36 20 13
Running GPU stages 1-7...
  Stage 1: 17016 collisions in 10170 buckets (max 8 per bucket)
  [DEBUG] First 5 non-empty buckets: bucket 0=1 colls, bucket 1=1 colls, bucket 2=1 colls, bucket 3=3 colls, bucket 4=1 colls, 
  [DEBUG] First collision attr=0x24355fff hash=00e0c061
  Stage 2: 8767 collisions
  [DEBUG] Stage 2 first 10 bucket_counts: 0 0 0 0 0 0 0 0 0 0 
  Stage 3: 2483 collisions
  Stage 4: 181 collisions
  Stage 5: 16 collisions
  Stage 6: 105 collisions
  Stage 7: 512 solution candidates
GPU mining complete: 0.67 seconds

Extracting and verifying 512 candidate(s)...
  Candidate 1: ✗ Duplicate indices (skipped)
  Candidate 2: ✗ Duplicate indices (skipped)
  Candidate 3: ✗ Duplicate indices (skipped)
  Candidate 4: ✗ Duplicate indices (skipped)
  Candidate 5: ✗ Duplicate indices (skipped)
  Candidate 6: ✗ Duplicate indices (skipped)
  Candidate 7: ✗ Duplicate indices (skipped)
  Candidate 8: ✗ Duplicate indices (skipped)
  Candidate 9: ✗ Duplicate indices (skipped)
  Candidate 10: ✗ Duplicate indices (skipped)
  Candidate 11: ✗ Duplicate indices (skipped)
  Candidate 12: ✗ Duplicate indices (skipped)
  Candidate 13: ✗ Duplicate indices (skipped)
  Candidate 14: ✗ Duplicate indices (skipped)
  Candidate 15: ✗ Duplicate indices (skipped)
  Candidate 16: ✗ Duplicate indices (skipped)
  Candidate 17: ✗ Duplicate indices (skipped)
  Candidate 18: ✗ Duplicate indices (skipped)
  Candidate 19: ✗ Duplicate indices (skipped)
  Candidate 20: ✗ Duplicate indices (skipped)
  Candidate 21: ✗ Duplicate indices (skipped)
  Candidate 22: ✗ Duplicate indices (skipped)
  Candidate 23: ✗ Duplicate indices (skipped)
  Candidate 24: ✗ Duplicate indices (skipped)
  Candidate 25: ✗ Duplicate indices (skipped)
  Candidate 26: ✗ Duplicate indices (skipped)
  Candidate 27: ✗ Duplicate indices (skipped)
  Candidate 28: ✗ Duplicate indices (skipped)
  Candidate 29: ✗ Duplicate indices (skipped)
  Candidate 30: ✗ Duplicate indices (skipped)
  Candidate 31: ✗ Duplicate indices (skipped)
  Candidate 32: ✗ Duplicate indices (skipped)

Batch results: 0 valid solution(s) from 512 candidates

═══ Batch 103/106: nonces 19278000-19466999 (189000 nonces) ═══

--- Mining batch: 189000 nonces (378000 hashes) starting at nonce 19278000 ---
  [DEBUG] idx=0 -> nonce g=19278000
  [DEBUG] idx=1 -> nonce g=19278000
  [DEBUG] idx=2 -> nonce g=19278001
  [DEBUG] idx=3 -> nonce g=19278001
  [DEBUG] idx=377998 -> nonce g=19466999
  [DEBUG] idx=377999 -> nonce g=19466999
  [DEBUG] First 10 hash bucket IDs: 118745 764059 730781 999922 100701 221421 863365 533477 40849 257686 
  [DEBUG] First hash bytes: 1c fd 94 cf
Running GPU stages 1-7...
  Stage 1: 11076 collisions in 6679 buckets (max 10 per bucket)
  [DEBUG] First 5 non-empty buckets: bucket 0=1 colls, bucket 2=1 colls, bucket 4=1 colls, bucket 5=2 colls, bucket 6=2 colls, 
  [DEBUG] First collision attr=0x0059051a hash=000bb968
  Stage 2: 0 collisions
  [DEBUG] Stage 2 first 10 bucket_counts: 0 0 0 0 0 0 0 0 0 0 
  Stage 3: 0 collisions
  Stage 4: 0 collisions
  Stage 5: 0 collisions
  Stage 6: 0 collisions
  Stage 7: 0 solution candidates
GPU mining complete: 0.61 seconds

No solution candidates found (need more nonces)

═══ Batch 104/106: nonces 19467000-19655999 (189000 nonces) ═══

--- Mining batch: 189000 nonces (378000 hashes) starting at nonce 19467000 ---
  [DEBUG] idx=0 -> nonce g=19467000
  [DEBUG] idx=1 -> nonce g=19467000
  [DEBUG] idx=2 -> nonce g=19467001
  [DEBUG] idx=3 -> nonce g=19467001
  [DEBUG] idx=377998 -> nonce g=19655999
  [DEBUG] idx=377999 -> nonce g=19655999
  [DEBUG] First 10 hash bucket IDs: 287977 57863 15340 272613 295743 371723 89878 323888 622008 312619 
  [DEBUG] First hash bytes: 46 4e 9c c7
Running GPU stages 1-7...
  Stage 1: 17190 collisions in 10352 buckets (max 10 per bucket)
  [DEBUG] First 5 non-empty buckets: bucket 1=2 colls, bucket 3=1 colls, bucket 5=2 colls, bucket 7=1 colls, bucket 9=1 colls, 
  [DEBUG] First collision attr=0x00000000 hash=00000000
  Stage 2: 8977 collisions
  [DEBUG] Stage 2 first 10 bucket_counts: 0 0 0 0 0 0 0 0 0 0 
  Stage 3: 2446 collisions
  Stage 4: 171 collisions
  Stage 5: 0 collisions
  Stage 6: 0 collisions
  Stage 7: 0 solution candidates
GPU mining complete: 0.68 seconds

No solution candidates found (need more nonces)

═══ Batch 105/106: nonces 19656000-19844999 (189000 nonces) ═══

--- Mining batch: 189000 nonces (378000 hashes) starting at nonce 19656000 ---
  [DEBUG] idx=0 -> nonce g=19656000
  [DEBUG] idx=1 -> nonce g=19656000
  [DEBUG] idx=2 -> nonce g=19656001
  [DEBUG] idx=3 -> nonce g=19656001
  [DEBUG] idx=377998 -> nonce g=19844999
  [DEBUG] idx=377999 -> nonce g=19844999
  [DEBUG] First 10 hash bucket IDs: 74779 990897 1021953 412208 785874 327795 415859 834931 150082 101422 
  [DEBUG] First hash bytes: 12 41 bb 92
Running GPU stages 1-7...
  Stage 1: 17292 collisions in 10316 buckets (max 10 per bucket)
  [DEBUG] First 5 non-empty buckets: bucket 2=3 colls, bucket 3=2 colls, bucket 5=1 colls, bucket 7=2 colls, bucket 9=1 colls, 
  [DEBUG] First collision attr=0x00000000 hash=00000000
  Stage 2: 9165 collisions
  [DEBUG] Stage 2 first 10 bucket_counts: 0 0 0 0 0 0 0 0 0 0 
  Stage 3: 2526 collisions
  Stage 4: 199 collisions
  Stage 5: 2 collisions
  Stage 6: 0 collisions
  Stage 7: 0 solution candidates
GPU mining complete: 0.68 seconds

No solution candidates found (need more nonces)

═══ Batch 106/106: nonces 19845000-19999999 (155000 nonces) ═══

--- Mining batch: 155000 nonces (310000 hashes) starting at nonce 19845000 ---
  [DEBUG] idx=0 -> nonce g=19845000
  [DEBUG] idx=1 -> nonce g=19845000
  [DEBUG] idx=2 -> nonce g=19845001
  [DEBUG] idx=3 -> nonce g=19845001
  [DEBUG] idx=309998 -> nonce g=19999999
  [DEBUG] idx=309999 -> nonce g=19999999
  [DEBUG] First 10 hash bucket IDs: 724682 56784 72337 661258 37789 1692 499562 705783 748208 494052 
  [DEBUG] First hash bytes: b0 ec af 7e
Running GPU stages 1-7...
  Stage 1: 11483 collisions in 8061 buckets (max 7 per bucket)
  [DEBUG] First 5 non-empty buckets: bucket 0=1 colls, bucket 1=1 colls, bucket 5=2 colls, bucket 6=1 colls, bucket 7=1 colls, 
  [DEBUG] First collision attr=0x2ab622f2 hash=00a513f0
  Stage 2: 4119 collisions
  [DEBUG] Stage 2 first 10 bucket_counts: 0 0 0 0 0 0 0 0 0 0 
  Stage 3: 536 collisions
  Stage 4: 9 collisions
  Stage 5: 0 collisions
  Stage 6: 0 collisions
  Stage 7: 0 solution candidates
GPU mining complete: 0.66 seconds

No solution candidates found (need more nonces)

╔═══════════════════════════════════════════════════════════╗
║                    MINING COMPLETE                        ║
╚═══════════════════════════════════════════════════════════╝

Results:
  Total nonces processed: 20000000
  Total mining time: 209.70 seconds
  Hash rate: 95372.81 Sol/s
  Valid solutions found: 0

⚠️  No valid solutions found
   This may indicate an issue with collision detection.
   Check GPU kernel implementation.

