╔═══════════════════════════════════════════════════════════╗
║         sa-tromp: Equihash 192,7 GPU Miner              ║
║    Local verification before pool integration testing    ║
╚═══════════════════════════════════════════════════════════╝

Configuration:
  Algorithm: Equihash 192,7 (Tromp bucket-based)
  Collision detection: 24-bit per stage (NBUCKETS=1M, NSLOTS=32)
  Total nonces: 20000000 (40000000 hashes)
  Memory: ~5.8GB GPU allocation

Initializing OpenCL...
✓ OpenCL ready

Mining with test header: "test_block_header_data_192_7"

Processing in 625 batch(es) of up to 32000 nonces each
(Beignet driver limitation: max ~1.1M nonces per batch)

═══ Batch 1/625: nonces 0-31999 (32000 nonces) ═══

--- Mining batch: 32000 nonces (64000 hashes) starting at nonce 0 ---
  [DEBUG] idx=0 -> nonce g=0
  [DEBUG] idx=1 -> nonce g=0
  [DEBUG] idx=2 -> nonce g=1
  [DEBUG] idx=3 -> nonce g=1
  [DEBUG] idx=63998 -> nonce g=31999
  [DEBUG] idx=63999 -> nonce g=31999
  [DEBUG] First 10 hash bucket IDs: 325321 897982 919152 500400 297073 188478 815757 285395 211710 233461 
  [DEBUG] First hash bytes: 4f 6c 93 be
Running GPU stages 1-7...
  Stage 1: 498 collisions in 485 buckets (max 3 per bucket)
  [DEBUG] First 5 non-empty buckets: bucket 41=1 colls, bucket 116=1 colls, bucket 147=1 colls, bucket 154=1 colls, bucket 204=1 colls, 
  [DEBUG] First collision attr=0x00000000 hash=00000000
  Stage 2: 9 collisions
  [DEBUG] Stage 2 first 10 bucket_counts: 0 0 0 0 0 0 0 0 0 0 
  Stage 3: 0 collisions
  Stage 4: 0 collisions
  Stage 5: 0 collisions
  Stage 6: 0 collisions
  Stage 7: 0 solution candidates
GPU mining complete: 0.67 seconds

No solution candidates found (need more nonces)

═══ Batch 2/625: nonces 32000-63999 (32000 nonces) ═══

--- Mining batch: 32000 nonces (64000 hashes) starting at nonce 32000 ---
  [DEBUG] idx=0 -> nonce g=32000
  [DEBUG] idx=1 -> nonce g=32000
  [DEBUG] idx=2 -> nonce g=32001
  [DEBUG] idx=3 -> nonce g=32001
  [DEBUG] idx=63998 -> nonce g=63999
  [DEBUG] idx=63999 -> nonce g=63999
  [DEBUG] First 10 hash bucket IDs: 872719 729136 327944 881979 795291 351783 110945 723090 358736 441211 
  [DEBUG] First hash bytes: d5 10 f3 e2
Running GPU stages 1-7...
  Stage 1: 512 collisions in 494 buckets (max 3 per bucket)
  [DEBUG] First 5 non-empty buckets: bucket 35=1 colls, bucket 70=1 colls, bucket 104=1 colls, bucket 193=1 colls, bucket 213=1 colls, 
  [DEBUG] First collision attr=0x00000000 hash=00000000
  Stage 2: 5 collisions
  [DEBUG] Stage 2 first 10 bucket_counts: 0 0 0 0 0 0 0 0 0 0 
  Stage 3: 0 collisions
  Stage 4: 0 collisions
  Stage 5: 0 collisions
  Stage 6: 0 collisions
  Stage 7: 0 solution candidates
GPU mining complete: 0.64 seconds

No solution candidates found (need more nonces)

═══ Batch 3/625: nonces 64000-95999 (32000 nonces) ═══

--- Mining batch: 32000 nonces (64000 hashes) starting at nonce 64000 ---
  [DEBUG] idx=0 -> nonce g=64000
  [DEBUG] idx=1 -> nonce g=64000
  [DEBUG] idx=2 -> nonce g=64001
  [DEBUG] idx=3 -> nonce g=64001
  [DEBUG] idx=63998 -> nonce g=95999
  [DEBUG] idx=63999 -> nonce g=95999
  [DEBUG] First 10 hash bucket IDs: 833016 345771 626764 783976 108400 228672 967700 801226 1014628 481712 
  [DEBUG] First hash bytes: cb 5f 8c a5
Running GPU stages 1-7...
  Stage 1: 461 collisions in 452 buckets (max 3 per bucket)
  [DEBUG] First 5 non-empty buckets: bucket 10=1 colls, bucket 77=1 colls, bucket 93=1 colls, bucket 127=1 colls, bucket 128=1 colls, 
  [DEBUG] First collision attr=0x00000000 hash=00000000
  Stage 2: 7 collisions
  [DEBUG] Stage 2 first 10 bucket_counts: 0 0 0 0 0 0 0 0 0 0 
  Stage 3: 0 collisions
  Stage 4: 0 collisions
  Stage 5: 0 collisions
  Stage 6: 0 collisions
  Stage 7: 0 solution candidates
GPU mining complete: 0.63 seconds

No solution candidates found (need more nonces)

═══ Batch 4/625: nonces 96000-127999 (32000 nonces) ═══

--- Mining batch: 32000 nonces (64000 hashes) starting at nonce 96000 ---
  [DEBUG] idx=0 -> nonce g=96000
  [DEBUG] idx=1 -> nonce g=96000
  [DEBUG] idx=2 -> nonce g=96001
  [DEBUG] idx=3 -> nonce g=96001
  [DEBUG] idx=63998 -> nonce g=127999
  [DEBUG] idx=63999 -> nonce g=127999
  [DEBUG] First 10 hash bucket IDs: 346918 155813 919666 87417 697251 747672 945625 212152 5307 393059 
  [DEBUG] First hash bytes: 54 b2 6e 73
Running GPU stages 1-7...
  Stage 1: 465 collisions in 459 buckets (max 3 per bucket)
  [DEBUG] First 5 non-empty buckets: bucket 5=1 colls, bucket 6=1 colls, bucket 51=1 colls, bucket 53=1 colls, bucket 101=1 colls, 
  [DEBUG] First collision attr=0x00000000 hash=00000000
  Stage 2: 4 collisions
  [DEBUG] Stage 2 first 10 bucket_counts: 0 0 0 0 0 0 0 0 0 0 
  Stage 3: 0 collisions
  Stage 4: 0 collisions
  Stage 5: 0 collisions
  Stage 6: 0 collisions
  Stage 7: 0 solution candidates
GPU mining complete: 0.66 seconds

No solution candidates found (need more nonces)

═══ Batch 5/625: nonces 128000-159999 (32000 nonces) ═══

--- Mining batch: 32000 nonces (64000 hashes) starting at nonce 128000 ---
  [DEBUG] idx=0 -> nonce g=128000
  [DEBUG] idx=1 -> nonce g=128000
  [DEBUG] idx=2 -> nonce g=128001
  [DEBUG] idx=3 -> nonce g=128001
  [DEBUG] idx=63998 -> nonce g=159999
  [DEBUG] idx=63999 -> nonce g=159999
  [DEBUG] First 10 hash bucket IDs: 592038 66665 894926 1040760 39646 364092 8391 644362 374392 413836 
  [DEBUG] First hash bytes: 90 8a 67 32
Running GPU stages 1-7...
  Stage 1: 466 collisions in 444 buckets (max 3 per bucket)
  [DEBUG] First 5 non-empty buckets: bucket 46=1 colls, bucket 105=1 colls, bucket 114=1 colls, bucket 156=1 colls, bucket 179=1 colls, 
  [DEBUG] First collision attr=0x00000000 hash=00000000
  Stage 2: 10 collisions
  [DEBUG] Stage 2 first 10 bucket_counts: 0 0 0 0 0 0 0 0 0 0 
  Stage 3: 0 collisions
  Stage 4: 0 collisions
  Stage 5: 0 collisions
  Stage 6: 0 collisions
  Stage 7: 0 solution candidates
GPU mining complete: 0.65 seconds

No solution candidates found (need more nonces)

═══ Batch 6/625: nonces 160000-191999 (32000 nonces) ═══

--- Mining batch: 32000 nonces (64000 hashes) starting at nonce 160000 ---
  [DEBUG] idx=0 -> nonce g=160000
  [DEBUG] idx=1 -> nonce g=160000
  [DEBUG] idx=2 -> nonce g=160001
  [DEBUG] idx=3 -> nonce g=160001
  [DEBUG] idx=63998 -> nonce g=191999
  [DEBUG] idx=63999 -> nonce g=191999
  [DEBUG] First 10 hash bucket IDs: 872054 501428 14336 518885 960150 242401 564494 360702 800293 1015343 
  [DEBUG] First hash bytes: d4 e7 61 a4
Running GPU stages 1-7...
  Stage 1: 471 collisions in 463 buckets (max 3 per bucket)
  [DEBUG] First 5 non-empty buckets: bucket 2=1 colls, bucket 37=1 colls, bucket 63=1 colls, bucket 153=1 colls, bucket 154=1 colls, 
  [DEBUG] First collision attr=0x00000000 hash=00000000
  Stage 2: 6 collisions
  [DEBUG] Stage 2 first 10 bucket_counts: 0 0 0 0 0 0 0 0 0 0 
  Stage 3: 0 collisions
  Stage 4: 0 collisions
  Stage 5: 0 collisions
  Stage 6: 0 collisions
  Stage 7: 0 solution candidates
GPU mining complete: 0.65 seconds

No solution candidates found (need more nonces)

═══ Batch 7/625: nonces 192000-223999 (32000 nonces) ═══

--- Mining batch: 32000 nonces (64000 hashes) starting at nonce 192000 ---
  [DEBUG] idx=0 -> nonce g=192000
  [DEBUG] idx=1 -> nonce g=192000
  [DEBUG] idx=2 -> nonce g=192001
  [DEBUG] idx=3 -> nonce g=192001
  [DEBUG] idx=63998 -> nonce g=223999
  [DEBUG] idx=63999 -> nonce g=223999
  [DEBUG] First 10 hash bucket IDs: 89095 190005 622449 949770 158392 161608 402371 573948 744684 662865 
  [DEBUG] First hash bytes: 15 c0 79 f5
Running GPU stages 1-7...
  Stage 1: 505 collisions in 497 buckets (max 2 per bucket)
  [DEBUG] First 5 non-empty buckets: bucket 30=1 colls, bucket 148=1 colls, bucket 165=1 colls, bucket 168=1 colls, bucket 171=1 colls, 
  [DEBUG] First collision attr=0x00000000 hash=00000000
  Stage 2: 5 collisions
  [DEBUG] Stage 2 first 10 bucket_counts: 0 0 0 0 0 0 0 0 0 0 
  Stage 3: 0 collisions
  Stage 4: 0 collisions
  Stage 5: 0 collisions
  Stage 6: 0 collisions
  Stage 7: 0 solution candidates
GPU mining complete: 0.65 seconds

No solution candidates found (need more nonces)

═══ Batch 8/625: nonces 224000-255999 (32000 nonces) ═══

--- Mining batch: 32000 nonces (64000 hashes) starting at nonce 224000 ---
  [DEBUG] idx=0 -> nonce g=224000
  [DEBUG] idx=1 -> nonce g=224000
  [DEBUG] idx=2 -> nonce g=224001
  [DEBUG] idx=3 -> nonce g=224001
  [DEBUG] idx=63998 -> nonce g=255999
  [DEBUG] idx=63999 -> nonce g=255999
  [DEBUG] First 10 hash bucket IDs: 615800 845674 945359 679974 192133 329079 922389 847364 978683 488792 
  [DEBUG] First hash bytes: 96 57 81 95
Running GPU stages 1-7...
  Stage 1: 469 collisions in 465 buckets (max 2 per bucket)
  [DEBUG] First 5 non-empty buckets: bucket 52=1 colls, bucket 177=1 colls, bucket 184=1 colls, bucket 195=1 colls, bucket 211=1 colls, 
  [DEBUG] First collision attr=0x00000000 hash=00000000
  Stage 2: 5 collisions
  [DEBUG] Stage 2 first 10 bucket_counts: 0 0 0 0 0 0 0 0 0 0 
  Stage 3: 0 collisions
  Stage 4: 0 collisions
  Stage 5: 0 collisions
  Stage 6: 0 collisions
  Stage 7: 0 solution candidates
GPU mining complete: 0.65 seconds

No solution candidates found (need more nonces)

═══ Batch 9/625: nonces 256000-287999 (32000 nonces) ═══

--- Mining batch: 32000 nonces (64000 hashes) starting at nonce 256000 ---
  [DEBUG] idx=0 -> nonce g=256000
  [DEBUG] idx=1 -> nonce g=256000
  [DEBUG] idx=2 -> nonce g=256001
  [DEBUG] idx=3 -> nonce g=256001
  [DEBUG] idx=63998 -> nonce g=287999
  [DEBUG] idx=63999 -> nonce g=287999
  [DEBUG] First 10 hash bucket IDs: 226526 819848 717475 737595 238789 968868 713120 137317 47675 373304 
  [DEBUG] First hash bytes: 37 4d ec 8c
Running GPU stages 1-7...
  Stage 1: 495 collisions in 470 buckets (max 3 per bucket)
  [DEBUG] First 5 non-empty buckets: bucket 110=1 colls, bucket 137=1 colls, bucket 170=1 colls, bucket 251=3 colls, bucket 272=1 colls, 
  [DEBUG] First collision attr=0x00000000 hash=00000000
  Stage 2: 7 collisions
  [DEBUG] Stage 2 first 10 bucket_counts: 0 0 0 0 0 0 0 0 0 0 
  Stage 3: 0 collisions
  Stage 4: 0 collisions
  Stage 5: 0 collisions
  Stage 6: 0 collisions
  Stage 7: 0 solution candidates
GPU mining complete: 0.65 seconds

No solution candidates found (need more nonces)

═══ Batch 10/625: nonces 288000-319999 (32000 nonces) ═══

--- Mining batch: 32000 nonces (64000 hashes) starting at nonce 288000 ---
  [DEBUG] idx=0 -> nonce g=288000
  [DEBUG] idx=1 -> nonce g=288000
  [DEBUG] idx=2 -> nonce g=288001
  [DEBUG] idx=3 -> nonce g=288001
  [DEBUG] idx=63998 -> nonce g=319999
  [DEBUG] idx=63999 -> nonce g=319999
  [DEBUG] First 10 hash bucket IDs: 66005 632853 528154 16892 812783 898674 84838 113518 673704 283125 
  [DEBUG] First hash bytes: 10 1d 58 29
Running GPU stages 1-7...
  Stage 1: 516 collisions in 496 buckets (max 3 per bucket)
  [DEBUG] First 5 non-empty buckets: bucket 6=1 colls, bucket 123=1 colls, bucket 210=1 colls, bucket 221=1 colls, bucket 262=1 colls, 
  [DEBUG] First collision attr=0x00000000 hash=00000000
  Stage 2: 6 collisions
  [DEBUG] Stage 2 first 10 bucket_counts: 0 0 0 0 0 0 0 0 0 0 
  Stage 3: 0 collisions
  Stage 4: 0 collisions
  Stage 5: 0 collisions
  Stage 6: 0 collisions
  Stage 7: 0 solution candidates
GPU mining complete: 0.67 seconds

No solution candidates found (need more nonces)

═══ Batch 11/625: nonces 320000-351999 (32000 nonces) ═══

--- Mining batch: 32000 nonces (64000 hashes) starting at nonce 320000 ---
  [DEBUG] idx=0 -> nonce g=320000
  [DEBUG] idx=1 -> nonce g=320000
  [DEBUG] idx=2 -> nonce g=320001
  [DEBUG] idx=3 -> nonce g=320001
  [DEBUG] idx=63998 -> nonce g=351999
  [DEBUG] idx=63999 -> nonce g=351999
  [DEBUG] First 10 hash bucket IDs: 464148 928438 432866 71417 415676 424099 536650 303800 1002917 334765 
  [DEBUG] First hash bytes: 71 51 48 3f
Running GPU stages 1-7...
  Stage 1: 533 collisions in 519 buckets (max 3 per bucket)
  [DEBUG] First 5 non-empty buckets: bucket 0=1 colls, bucket 87=1 colls, bucket 149=1 colls, bucket 188=1 colls, bucket 269=1 colls, 
  [DEBUG] First collision attr=0x0cd3e82f hash=004bc4e2
  Stage 2: 6 collisions
  [DEBUG] Stage 2 first 10 bucket_counts: 0 0 0 0 0 0 0 0 0 0 
  Stage 3: 0 collisions
  Stage 4: 0 collisions
  Stage 5: 0 collisions
  Stage 6: 0 collisions
  Stage 7: 0 solution candidates
GPU mining complete: 0.66 seconds

No solution candidates found (need more nonces)

═══ Batch 12/625: nonces 352000-383999 (32000 nonces) ═══

--- Mining batch: 32000 nonces (64000 hashes) starting at nonce 352000 ---
  [DEBUG] idx=0 -> nonce g=352000
  [DEBUG] idx=1 -> nonce g=352000
  [DEBUG] idx=2 -> nonce g=352001
  [DEBUG] idx=3 -> nonce g=352001
  [DEBUG] idx=63998 -> nonce g=383999
  [DEBUG] idx=63999 -> nonce g=383999
  [DEBUG] First 10 hash bucket IDs: 185364 292701 153186 492589 375752 571092 133559 496992 295932 577078 
  [DEBUG] First hash bytes: 2d 41 4e 56
Running GPU stages 1-7...
  Stage 1: 440 collisions in 433 buckets (max 3 per bucket)
  [DEBUG] First 5 non-empty buckets: bucket 7=1 colls, bucket 79=1 colls, bucket 136=1 colls, bucket 159=1 colls, bucket 174=1 colls, 
  [DEBUG] First collision attr=0x00000000 hash=00000000
  Stage 2: 5 collisions
  [DEBUG] Stage 2 first 10 bucket_counts: 0 0 0 0 0 0 0 0 0 0 
  Stage 3: 0 collisions
  Stage 4: 0 collisions
  Stage 5: 0 collisions
  Stage 6: 0 collisions
  Stage 7: 0 solution candidates
GPU mining complete: 0.66 seconds

No solution candidates found (need more nonces)

═══ Batch 13/625: nonces 384000-415999 (32000 nonces) ═══

--- Mining batch: 32000 nonces (64000 hashes) starting at nonce 384000 ---
  [DEBUG] idx=0 -> nonce g=384000
  [DEBUG] idx=1 -> nonce g=384000
  [DEBUG] idx=2 -> nonce g=384001
  [DEBUG] idx=3 -> nonce g=384001
  [DEBUG] idx=63998 -> nonce g=415999
  [DEBUG] idx=63999 -> nonce g=415999
  [DEBUG] First 10 hash bucket IDs: 209116 423206 914675 830982 92026 884973 392190 34861 168027 321439 
  [DEBUG] First hash bytes: 33 0d ca 41
Running GPU stages 1-7...
  Stage 1: 489 collisions in 478 buckets (max 3 per bucket)
  [DEBUG] First 5 non-empty buckets: bucket 11=1 colls, bucket 41=1 colls, bucket 89=1 colls, bucket 100=1 colls, bucket 146=1 colls, 
  [DEBUG] First collision attr=0x00000000 hash=00000000
  Stage 2: 11 collisions
  [DEBUG] Stage 2 first 10 bucket_counts: 0 0 0 0 0 0 0 0 0 0 
  Stage 3: 0 collisions
  Stage 4: 0 collisions
  Stage 5: 0 collisions
  Stage 6: 0 collisions
  Stage 7: 0 solution candidates
GPU mining complete: 0.66 seconds

No solution candidates found (need more nonces)

═══ Batch 14/625: nonces 416000-447999 (32000 nonces) ═══

--- Mining batch: 32000 nonces (64000 hashes) starting at nonce 416000 ---
  [DEBUG] idx=0 -> nonce g=416000
  [DEBUG] idx=1 -> nonce g=416000
  [DEBUG] idx=2 -> nonce g=416001
  [DEBUG] idx=3 -> nonce g=416001
  [DEBUG] idx=63998 -> nonce g=447999
  [DEBUG] idx=63999 -> nonce g=447999
  [DEBUG] First 10 hash bucket IDs: 85625 108317 485774 876300 568961 998066 225879 627690 746784 310670 
  [DEBUG] First hash bytes: 14 e7 9f 49
Running GPU stages 1-7...
  Stage 1: 493 collisions in 479 buckets (max 3 per bucket)
  [DEBUG] First 5 non-empty buckets: bucket 4=1 colls, bucket 15=1 colls, bucket 44=1 colls, bucket 107=1 colls, bucket 172=1 colls, 
  [DEBUG] First collision attr=0x00000000 hash=00000000
  Stage 2: 5 collisions
  [DEBUG] Stage 2 first 10 bucket_counts: 0 0 0 0 0 0 0 0 0 0 
  Stage 3: 0 collisions
  Stage 4: 0 collisions
  Stage 5: 0 collisions
  Stage 6: 0 collisions
  Stage 7: 0 solution candidates
GPU mining complete: 0.65 seconds

No solution candidates found (need more nonces)

═══ Batch 15/625: nonces 448000-479999 (32000 nonces) ═══

--- Mining batch: 32000 nonces (64000 hashes) starting at nonce 448000 ---
  [DEBUG] idx=0 -> nonce g=448000
  [DEBUG] idx=1 -> nonce g=448000
  [DEBUG] idx=2 -> nonce g=448001
  [DEBUG] idx=3 -> nonce g=448001
  [DEBUG] idx=63998 -> nonce g=479999
  [DEBUG] idx=63999 -> nonce g=479999
  [DEBUG] First 10 hash bucket IDs: 31537 348722 649406 14484 408684 468786 898074 264700 567469 737149 
  [DEBUG] First hash bytes: 07 b3 12 73
Running GPU stages 1-7...
  Stage 1: 460 collisions in 448 buckets (max 3 per bucket)
  [DEBUG] First 5 non-empty buckets: bucket 4=1 colls, bucket 21=1 colls, bucket 47=1 colls, bucket 110=1 colls, bucket 151=1 colls, 
  [DEBUG] First collision attr=0x00000000 hash=00000000
  Stage 2: 6 collisions
  [DEBUG] Stage 2 first 10 bucket_counts: 0 0 0 0 0 0 0 0 0 0 
  Stage 3: 0 collisions
  Stage 4: 0 collisions
  Stage 5: 0 collisions
  Stage 6: 0 collisions
  Stage 7: 0 solution candidates
GPU mining complete: 0.65 seconds

No solution candidates found (need more nonces)

═══ Batch 16/625: nonces 480000-511999 (32000 nonces) ═══

--- Mining batch: 32000 nonces (64000 hashes) starting at nonce 480000 ---
  [DEBUG] idx=0 -> nonce g=480000
  [DEBUG] idx=1 -> nonce g=480000
  [DEBUG] idx=2 -> nonce g=480001
  [DEBUG] idx=3 -> nonce g=480001
  [DEBUG] idx=63998 -> nonce g=511999
  [DEBUG] idx=63999 -> nonce g=511999
  [DEBUG] First 10 hash bucket IDs: 559443 887342 870948 820716 874426 220686 511154 670129 374708 162444 
  [DEBUG] First hash bytes: 88 95 39 42
Running GPU stages 1-7...
  Stage 1: 518 collisions in 507 buckets (max 3 per bucket)
  [DEBUG] First 5 non-empty buckets: bucket 5=1 colls, bucket 31=2 colls, bucket 73=1 colls, bucket 92=1 colls, bucket 111=1 colls, 
  [DEBUG] First collision attr=0x00000000 hash=00000000
  Stage 2: 8 collisions
  [DEBUG] Stage 2 first 10 bucket_counts: 0 0 0 0 0 0 0 0 0 0 
  Stage 3: 0 collisions
  Stage 4: 0 collisions
  Stage 5: 0 collisions
  Stage 6: 0 collisions
  Stage 7: 0 solution candidates
GPU mining complete: 0.67 seconds

No solution candidates found (need more nonces)

═══ Batch 17/625: nonces 512000-543999 (32000 nonces) ═══

--- Mining batch: 32000 nonces (64000 hashes) starting at nonce 512000 ---
  [DEBUG] idx=0 -> nonce g=512000
  [DEBUG] idx=1 -> nonce g=512000
  [DEBUG] idx=2 -> nonce g=512001
  [DEBUG] idx=3 -> nonce g=512001
  [DEBUG] idx=63998 -> nonce g=543999
  [DEBUG] idx=63999 -> nonce g=543999
  [DEBUG] First 10 hash bucket IDs: 403534 455418 773597 341372 772179 975967 820770 210580 89258 777984 
  [DEBUG] First hash bytes: 62 84 ec f6
Running GPU stages 1-7...
  Stage 1: 513 collisions in 494 buckets (max 3 per bucket)
  [DEBUG] First 5 non-empty buckets: bucket 3=1 colls, bucket 38=1 colls, bucket 48=1 colls, bucket 87=1 colls, bucket 133=1 colls, 
  [DEBUG] First collision attr=0x00000000 hash=00000000
  Stage 2: 7 collisions
  [DEBUG] Stage 2 first 10 bucket_counts: 0 0 0 0 0 0 0 0 0 0 
  Stage 3: 0 collisions
  Stage 4: 0 collisions
  Stage 5: 0 collisions
  Stage 6: 0 collisions
  Stage 7: 0 solution candidates
GPU mining complete: 0.68 seconds

No solution candidates found (need more nonces)

═══ Batch 18/625: nonces 544000-575999 (32000 nonces) ═══

--- Mining batch: 32000 nonces (64000 hashes) starting at nonce 544000 ---
  [DEBUG] idx=0 -> nonce g=544000
  [DEBUG] idx=1 -> nonce g=544000
  [DEBUG] idx=2 -> nonce g=544001
  [DEBUG] idx=3 -> nonce g=544001
  [DEBUG] idx=63998 -> nonce g=575999
  [DEBUG] idx=63999 -> nonce g=575999
  [DEBUG] First 10 hash bucket IDs: 896584 111974 1037562 367086 618903 825332 394126 239617 240200 184805 
  [DEBUG] First hash bytes: da e4 8b c7
Running GPU stages 1-7...
  Stage 1: 503 collisions in 497 buckets (max 3 per bucket)
  [DEBUG] First 5 non-empty buckets: bucket 5=1 colls, bucket 72=1 colls, bucket 85=1 colls, bucket 130=1 colls, bucket 198=1 colls, 
  [DEBUG] First collision attr=0x00000000 hash=00000000
  Stage 2: 4 collisions
  [DEBUG] Stage 2 first 10 bucket_counts: 0 0 0 0 0 0 0 0 0 0 
  Stage 3: 0 collisions
  Stage 4: 0 collisions
  Stage 5: 0 collisions
  Stage 6: 0 collisions
  Stage 7: 0 solution candidates
GPU mining complete: 0.68 seconds

No solution candidates found (need more nonces)

═══ Batch 19/625: nonces 576000-607999 (32000 nonces) ═══

--- Mining batch: 32000 nonces (64000 hashes) starting at nonce 576000 ---
  [DEBUG] idx=0 -> nonce g=576000
  [DEBUG] idx=1 -> nonce g=576000
  [DEBUG] idx=2 -> nonce g=576001
  [DEBUG] idx=3 -> nonce g=576001
  [DEBUG] idx=63998 -> nonce g=607999
  [DEBUG] idx=63999 -> nonce g=607999
  [DEBUG] First 10 hash bucket IDs: 587207 739852 371719 942968 464567 1020825 389446 901298 827624 776478 
  [DEBUG] First hash bytes: 8f 5c 7e a2
Running GPU stages 1-7...
  Stage 1: 491 collisions in 482 buckets (max 3 per bucket)
  [DEBUG] First 5 non-empty buckets: bucket 72=1 colls, bucket 81=1 colls, bucket 83=1 colls, bucket 193=1 colls, bucket 204=1 colls, 
  [DEBUG] First collision attr=0x00000000 hash=00000000
  Stage 2: 8 collisions
  [DEBUG] Stage 2 first 10 bucket_counts: 0 0 0 0 0 0 0 0 0 0 
  Stage 3: 0 collisions
  Stage 4: 0 collisions
  Stage 5: 0 collisions
  Stage 6: 0 collisions
  Stage 7: 0 solution candidates
GPU mining complete: 0.68 seconds

No solution candidates found (need more nonces)

═══ Batch 20/625: nonces 608000-639999 (32000 nonces) ═══

--- Mining batch: 32000 nonces (64000 hashes) starting at nonce 608000 ---
  [DEBUG] idx=0 -> nonce g=608000
  [DEBUG] idx=1 -> nonce g=608000
  [DEBUG] idx=2 -> nonce g=608001
  [DEBUG] idx=3 -> nonce g=608001
  [DEBUG] idx=63998 -> nonce g=639999
  [DEBUG] idx=63999 -> nonce g=639999
  [DEBUG] First 10 hash bucket IDs: 55569 509643 458467 343963 760379 573649 698936 945801 801374 80540 
  [DEBUG] First hash bytes: 0d 91 11 93
Running GPU stages 1-7...
  Stage 1: 466 collisions in 461 buckets (max 3 per bucket)
  [DEBUG] First 5 non-empty buckets: bucket 1=1 colls, bucket 75=1 colls, bucket 145=1 colls, bucket 264=1 colls, bucket 312=1 colls, 
  [DEBUG] First collision attr=0x00000000 hash=00000000
  Stage 2: 9 collisions
  [DEBUG] Stage 2 first 10 bucket_counts: 0 0 0 0 0 0 0 0 0 0 
  Stage 3: 0 collisions
  Stage 4: 0 collisions
  Stage 5: 0 collisions
  Stage 6: 0 collisions
  Stage 7: 0 solution candidates
GPU mining complete: 0.65 seconds

No solution candidates found (need more nonces)

═══ Batch 21/625: nonces 640000-671999 (32000 nonces) ═══

--- Mining batch: 32000 nonces (64000 hashes) starting at nonce 640000 ---
  [DEBUG] idx=0 -> nonce g=640000
  [DEBUG] idx=1 -> nonce g=640000
  [DEBUG] idx=2 -> nonce g=640001
  [DEBUG] idx=3 -> nonce g=640001
  [DEBUG] idx=63998 -> nonce g=671999
  [DEBUG] idx=63999 -> nonce g=671999
  [DEBUG] First 10 hash bucket IDs: 272057 63317 885286 736183 595755 138374 709560 421952 297361 682530 
  [DEBUG] First hash bytes: 42 6b 91 6a
Running GPU stages 1-7...
  Stage 1: 460 collisions in 444 buckets (max 3 per bucket)
  [DEBUG] First 5 non-empty buckets: bucket 17=1 colls, bucket 24=1 colls, bucket 49=1 colls, bucket 146=1 colls, bucket 179=2 colls, 
  [DEBUG] First collision attr=0x00000000 hash=00000000
  Stage 2: 2 collisions
  [DEBUG] Stage 2 first 10 bucket_counts: 0 0 0 0 0 0 0 0 0 0 
  Stage 3: 0 collisions
  Stage 4: 0 collisions
  Stage 5: 0 collisions
  Stage 6: 0 collisions
  Stage 7: 0 solution candidates
GPU mining complete: 0.66 seconds

No solution candidates found (need more nonces)

═══ Batch 22/625: nonces 672000-703999 (32000 nonces) ═══

--- Mining batch: 32000 nonces (64000 hashes) starting at nonce 672000 ---
  [DEBUG] idx=0 -> nonce g=672000
  [DEBUG] idx=1 -> nonce g=672000
  [DEBUG] idx=2 -> nonce g=672001
  [DEBUG] idx=3 -> nonce g=672001
  [DEBUG] idx=63998 -> nonce g=703999
  [DEBUG] idx=63999 -> nonce g=703999
  [DEBUG] First 10 hash bucket IDs: 469999 514816 32879 458784 411628 626629 193302 200205 378857 348357 
  [DEBUG] First hash bytes: 72 be fa f8
Running GPU stages 1-7...
  Stage 1: 529 collisions in 523 buckets (max 3 per bucket)
  [DEBUG] First 5 non-empty buckets: bucket 34=1 colls, bucket 110=1 colls, bucket 148=1 colls, bucket 149=1 colls, bucket 150=1 colls, 
  [DEBUG] First collision attr=0x00000000 hash=00000000
  Stage 2: 8 collisions
  [DEBUG] Stage 2 first 10 bucket_counts: 0 0 0 0 0 0 0 0 0 0 
  Stage 3: 0 collisions
  Stage 4: 0 collisions
  Stage 5: 0 collisions
  Stage 6: 0 collisions
  Stage 7: 0 solution candidates
GPU mining complete: 0.66 seconds

No solution candidates found (need more nonces)

═══ Batch 23/625: nonces 704000-735999 (32000 nonces) ═══

--- Mining batch: 32000 nonces (64000 hashes) starting at nonce 704000 ---
  [DEBUG] idx=0 -> nonce g=704000
  [DEBUG] idx=1 -> nonce g=704000
  [DEBUG] idx=2 -> nonce g=704001
  [DEBUG] idx=3 -> nonce g=704001
  [DEBUG] idx=63998 -> nonce g=735999
  [DEBUG] idx=63999 -> nonce g=735999
  [DEBUG] First 10 hash bucket IDs: 550436 645016 229405 556093 520766 852384 1026353 1026632 18525 602312 
  [DEBUG] First hash bytes: 86 62 41 d7
Running GPU stages 1-7...
  Stage 1: 490 collisions in 475 buckets (max 3 per bucket)
  [DEBUG] First 5 non-empty buckets: bucket 45=1 colls, bucket 96=1 colls, bucket 140=1 colls, bucket 169=1 colls, bucket 198=1 colls, 
  [DEBUG] First collision attr=0x00000000 hash=00000000
  Stage 2: 7 collisions
  [DEBUG] Stage 2 first 10 bucket_counts: 0 0 0 0 0 0 0 0 0 0 
  Stage 3: 0 collisions
  Stage 4: 0 collisions
  Stage 5: 0 collisions
  Stage 6: 0 collisions
  Stage 7: 0 solution candidates
GPU mining complete: 0.66 seconds

No solution candidates found (need more nonces)

═══ Batch 24/625: nonces 736000-767999 (32000 nonces) ═══

--- Mining batch: 32000 nonces (64000 hashes) starting at nonce 736000 ---
  [DEBUG] idx=0 -> nonce g=736000
  [DEBUG] idx=1 -> nonce g=736000
  [DEBUG] idx=2 -> nonce g=736001
  [DEBUG] idx=3 -> nonce g=736001
  [DEBUG] idx=63998 -> nonce g=767999
  [DEBUG] idx=63999 -> nonce g=767999
  [DEBUG] First 10 hash bucket IDs: 1040817 14866 712315 712268 46189 220997 926773 30782 183813 345432 
  [DEBUG] First hash bytes: fe 1b 18 fa
Running GPU stages 1-7...
  Stage 1: 468 collisions in 459 buckets (max 3 per bucket)
  [DEBUG] First 5 non-empty buckets: bucket 3=1 colls, bucket 15=1 colls, bucket 30=1 colls, bucket 63=1 colls, bucket 99=1 colls, 
  [DEBUG] First collision attr=0x00000000 hash=00000000
  Stage 2: 8 collisions
  [DEBUG] Stage 2 first 10 bucket_counts: 0 0 0 0 0 0 0 0 0 0 
  Stage 3: 0 collisions
  Stage 4: 0 collisions
  Stage 5: 0 collisions
  Stage 6: 0 collisions
  Stage 7: 0 solution candidates
GPU mining complete: 0.65 seconds

No solution candidates found (need more nonces)

═══ Batch 25/625: nonces 768000-799999 (32000 nonces) ═══

--- Mining batch: 32000 nonces (64000 hashes) starting at nonce 768000 ---
  [DEBUG] idx=0 -> nonce g=768000
  [DEBUG] idx=1 -> nonce g=768000
  [DEBUG] idx=2 -> nonce g=768001
  [DEBUG] idx=3 -> nonce g=768001
  [DEBUG] idx=63998 -> nonce g=799999
  [DEBUG] idx=63999 -> nonce g=799999
  [DEBUG] First 10 hash bucket IDs: 926350 20357 616781 853906 1018769 81957 611548 259190 129470 655326 
  [DEBUG] First hash bytes: e2 28 e3 ab
Running GPU stages 1-7...
  Stage 1: 439 collisions in 425 buckets (max 4 per bucket)
  [DEBUG] First 5 non-empty buckets: bucket 44=1 colls, bucket 93=1 colls, bucket 108=1 colls, bucket 123=1 colls, bucket 218=1 colls, 
  [DEBUG] First collision attr=0x00000000 hash=00000000
  Stage 2: 7 collisions
  [DEBUG] Stage 2 first 10 bucket_counts: 0 0 0 0 0 0 0 0 0 0 
  Stage 3: 0 collisions
  Stage 4: 0 collisions
  Stage 5: 0 collisions
  Stage 6: 0 collisions
  Stage 7: 0 solution candidates
GPU mining complete: 0.65 seconds

No solution candidates found (need more nonces)

═══ Batch 26/625: nonces 800000-831999 (32000 nonces) ═══

--- Mining batch: 32000 nonces (64000 hashes) starting at nonce 800000 ---
  [DEBUG] idx=0 -> nonce g=800000
  [DEBUG] idx=1 -> nonce g=800000
  [DEBUG] idx=2 -> nonce g=800001
  [DEBUG] idx=3 -> nonce g=800001
  [DEBUG] idx=63998 -> nonce g=831999
  [DEBUG] idx=63999 -> nonce g=831999
  [DEBUG] First 10 hash bucket IDs: 692201 970151 444817 264355 206286 503897 650267 812993 190420 613289 
  [DEBUG] First hash bytes: a8 fe 93 45
Running GPU stages 1-7...
  Stage 1: 463 collisions in 453 buckets (max 3 per bucket)
  [DEBUG] First 5 non-empty buckets: bucket 108=1 colls, bucket 127=1 colls, bucket 160=1 colls, bucket 171=1 colls, bucket 257=1 colls, 
  [DEBUG] First collision attr=0x00000000 hash=00000000
  Stage 2: 6 collisions
  [DEBUG] Stage 2 first 10 bucket_counts: 0 0 0 0 0 0 0 0 0 0 
  Stage 3: 0 collisions
  Stage 4: 0 collisions
  Stage 5: 0 collisions
  Stage 6: 0 collisions
  Stage 7: 0 solution candidates
GPU mining complete: 0.65 seconds

No solution candidates found (need more nonces)

═══ Batch 27/625: nonces 832000-863999 (32000 nonces) ═══

--- Mining batch: 32000 nonces (64000 hashes) starting at nonce 832000 ---
  [DEBUG] idx=0 -> nonce g=832000
  [DEBUG] idx=1 -> nonce g=832000
  [DEBUG] idx=2 -> nonce g=832001
  [DEBUG] idx=3 -> nonce g=832001
  [DEBUG] idx=63998 -> nonce g=863999
  [DEBUG] idx=63999 -> nonce g=863999
  [DEBUG] First 10 hash bucket IDs: 103780 248133 1024986 770555 842019 1013391 244907 104207 463009 144995 
  [DEBUG] First hash bytes: 19 56 46 a4
Running GPU stages 1-7...
  Stage 1: 554 collisions in 537 buckets (max 3 per bucket)
  [DEBUG] First 5 non-empty buckets: bucket 63=1 colls, bucket 85=1 colls, bucket 110=1 colls, bucket 172=1 colls, bucket 219=1 colls, 
  [DEBUG] First collision attr=0x00000000 hash=00000000
  Stage 2: 11 collisions
  [DEBUG] Stage 2 first 10 bucket_counts: 0 0 0 0 0 0 0 0 0 0 
  Stage 3: 0 collisions
  Stage 4: 0 collisions
  Stage 5: 0 collisions
  Stage 6: 0 collisions
  Stage 7: 0 solution candidates
GPU mining complete: 0.65 seconds

No solution candidates found (need more nonces)

═══ Batch 28/625: nonces 864000-895999 (32000 nonces) ═══

--- Mining batch: 32000 nonces (64000 hashes) starting at nonce 864000 ---
  [DEBUG] idx=0 -> nonce g=864000
  [DEBUG] idx=1 -> nonce g=864000
  [DEBUG] idx=2 -> nonce g=864001
  [DEBUG] idx=3 -> nonce g=864001
  [DEBUG] idx=63998 -> nonce g=895999
  [DEBUG] idx=63999 -> nonce g=895999
  [DEBUG] First 10 hash bucket IDs: 9552 391984 683265 1038541 81128 270159 789160 378930 141039 54484 
  [DEBUG] First hash bytes: 02 55 00 eb
Running GPU stages 1-7...
  Stage 1: 502 collisions in 490 buckets (max 3 per bucket)
  [DEBUG] First 5 non-empty buckets: bucket 52=1 colls, bucket 81=1 colls, bucket 94=1 colls, bucket 98=1 colls, bucket 173=1 colls, 
  [DEBUG] First collision attr=0x00000000 hash=00000000
  Stage 2: 8 collisions
  [DEBUG] Stage 2 first 10 bucket_counts: 0 0 0 0 0 0 0 0 0 0 
  Stage 3: 0 collisions
  Stage 4: 0 collisions
  Stage 5: 0 collisions
  Stage 6: 0 collisions
  Stage 7: 0 solution candidates
GPU mining complete: 0.64 seconds

No solution candidates found (need more nonces)

═══ Batch 29/625: nonces 896000-927999 (32000 nonces) ═══

--- Mining batch: 32000 nonces (64000 hashes) starting at nonce 896000 ---
  [DEBUG] idx=0 -> nonce g=896000
  [DEBUG] idx=1 -> nonce g=896000
  [DEBUG] idx=2 -> nonce g=896001
  [DEBUG] idx=3 -> nonce g=896001
  [DEBUG] idx=63998 -> nonce g=927999
  [DEBUG] idx=63999 -> nonce g=927999
  [DEBUG] First 10 hash bucket IDs: 795065 525465 500340 60785 847703 289298 958434 238404 708655 910065 
  [DEBUG] First hash bytes: c2 1b 9e 8c
Running GPU stages 1-7...
  Stage 1: 513 collisions in 504 buckets (max 3 per bucket)
  [DEBUG] First 5 non-empty buckets: bucket 38=1 colls, bucket 123=1 colls, bucket 147=1 colls, bucket 186=1 colls, bucket 192=1 colls, 
  [DEBUG] First collision attr=0x00000000 hash=00000000
  Stage 2: 9 collisions
  [DEBUG] Stage 2 first 10 bucket_counts: 0 0 0 0 0 0 0 0 0 0 
  Stage 3: 0 collisions
  Stage 4: 0 collisions
  Stage 5: 0 collisions
  Stage 6: 0 collisions
  Stage 7: 0 solution candidates
GPU mining complete: 0.65 seconds

No solution candidates found (need more nonces)

═══ Batch 30/625: nonces 928000-959999 (32000 nonces) ═══

--- Mining batch: 32000 nonces (64000 hashes) starting at nonce 928000 ---
  [DEBUG] idx=0 -> nonce g=928000
  [DEBUG] idx=1 -> nonce g=928000
  [DEBUG] idx=2 -> nonce g=928001
  [DEBUG] idx=3 -> nonce g=928001
  [DEBUG] idx=63998 -> nonce g=959999
  [DEBUG] idx=63999 -> nonce g=959999
  [DEBUG] First 10 hash bucket IDs: 931459 790880 799178 852996 708670 384887 181681 236584 180978 397037 
  [DEBUG] First hash bytes: e3 68 39 8c
Running GPU stages 1-7...
  Stage 1: 514 collisions in 487 buckets (max 3 per bucket)
  [DEBUG] First 5 non-empty buckets: bucket 30=1 colls, bucket 49=1 colls, bucket 70=1 colls, bucket 87=1 colls, bucket 127=1 colls, 
  [DEBUG] First collision attr=0x00000000 hash=00000000
  Stage 2: 10 collisions
  [DEBUG] Stage 2 first 10 bucket_counts: 0 0 0 0 0 0 0 0 0 0 
  Stage 3: 0 collisions
  Stage 4: 0 collisions
  Stage 5: 0 collisions
  Stage 6: 0 collisions
  Stage 7: 0 solution candidates
GPU mining complete: 0.65 seconds

No solution candidates found (need more nonces)

═══ Batch 31/625: nonces 960000-991999 (32000 nonces) ═══

--- Mining batch: 32000 nonces (64000 hashes) starting at nonce 960000 ---
  [DEBUG] idx=0 -> nonce g=960000
  [DEBUG] idx=1 -> nonce g=960000
  [DEBUG] idx=2 -> nonce g=960001
  [DEBUG] idx=3 -> nonce g=960001
  [DEBUG] idx=63998 -> nonce g=991999
  [DEBUG] idx=63999 -> nonce g=991999
  [DEBUG] First 10 hash bucket IDs: 967719 649844 773532 637357 31146 950920 890692 855442 268195 641038 
  [DEBUG] First hash bytes: ec 42 74 36
Running GPU stages 1-7...
  Stage 1: 457 collisions in 453 buckets (max 2 per bucket)
  [DEBUG] First 5 non-empty buckets: bucket 6=1 colls, bucket 55=1 colls, bucket 122=1 colls, bucket 129=1 colls, bucket 138=1 colls, 
  [DEBUG] First collision attr=0x00000000 hash=00000000
  Stage 2: 4 collisions
  [DEBUG] Stage 2 first 10 bucket_counts: 0 0 0 0 0 0 0 0 0 0 
  Stage 3: 0 collisions
  Stage 4: 0 collisions
  Stage 5: 0 collisions
  Stage 6: 0 collisions
  Stage 7: 0 solution candidates
GPU mining complete: 0.68 seconds

No solution candidates found (need more nonces)

═══ Batch 32/625: nonces 992000-1023999 (32000 nonces) ═══

--- Mining batch: 32000 nonces (64000 hashes) starting at nonce 992000 ---
  [DEBUG] idx=0 -> nonce g=992000
  [DEBUG] idx=1 -> nonce g=992000
  [DEBUG] idx=2 -> nonce g=992001
  [DEBUG] idx=3 -> nonce g=992001
  [DEBUG] idx=63998 -> nonce g=1023999
  [DEBUG] idx=63999 -> nonce g=1023999
  [DEBUG] First 10 hash bucket IDs: 806436 283702 355601 375430 552940 130516 149379 112027 124989 790620 
  [DEBUG] First hash bytes: c4 e2 46 e8
Running GPU stages 1-7...
  Stage 1: 487 collisions in 471 buckets (max 3 per bucket)
  [DEBUG] First 5 non-empty buckets: bucket 2=1 colls, bucket 23=1 colls, bucket 68=1 colls, bucket 97=1 colls, bucket 118=1 colls, 
  [DEBUG] First collision attr=0x00000000 hash=00000000
  Stage 2: 6 collisions
  [DEBUG] Stage 2 first 10 bucket_counts: 0 0 0 0 0 0 0 0 0 0 
  Stage 3: 0 collisions
  Stage 4: 0 collisions
  Stage 5: 0 collisions
  Stage 6: 0 collisions
  Stage 7: 0 solution candidates
GPU mining complete: 0.65 seconds

No solution candidates found (need more nonces)

═══ Batch 33/625: nonces 1024000-1055999 (32000 nonces) ═══

--- Mining batch: 32000 nonces (64000 hashes) starting at nonce 1024000 ---
  [DEBUG] idx=0 -> nonce g=1024000
  [DEBUG] idx=1 -> nonce g=1024000
  [DEBUG] idx=2 -> nonce g=1024001
  [DEBUG] idx=3 -> nonce g=1024001
  [DEBUG] idx=63998 -> nonce g=1055999
  [DEBUG] idx=63999 -> nonce g=1055999
  [DEBUG] First 10 hash bucket IDs: 811462 567793 848704 741765 701420 18607 324312 270233 9696 459833 
  [DEBUG] First hash bytes: c6 1c 6f 43
Running GPU stages 1-7...
  Stage 1: 490 collisions in 482 buckets (max 3 per bucket)
  [DEBUG] First 5 non-empty buckets: bucket 23=1 colls, bucket 54=1 colls, bucket 64=1 colls, bucket 134=1 colls, bucket 160=1 colls, 
  [DEBUG] First collision attr=0x00000000 hash=00000000
  Stage 2: 8 collisions
  [DEBUG] Stage 2 first 10 bucket_counts: 0 0 0 0 0 0 0 0 0 0 
  Stage 3: 0 collisions
  Stage 4: 0 collisions
  Stage 5: 0 collisions
  Stage 6: 0 collisions
  Stage 7: 0 solution candidates
GPU mining complete: 0.65 seconds

No solution candidates found (need more nonces)

═══ Batch 34/625: nonces 1056000-1087999 (32000 nonces) ═══

--- Mining batch: 32000 nonces (64000 hashes) starting at nonce 1056000 ---
  [DEBUG] idx=0 -> nonce g=1056000
  [DEBUG] idx=1 -> nonce g=1056000
  [DEBUG] idx=2 -> nonce g=1056001
  [DEBUG] idx=3 -> nonce g=1056001
  [DEBUG] idx=63998 -> nonce g=1087999
  [DEBUG] idx=63999 -> nonce g=1087999
  [DEBUG] First 10 hash bucket IDs: 313379 608372 776698 625650 391430 504168 937826 510836 519724 994643 
  [DEBUG] First hash bytes: 4c 82 3e ec
Running GPU stages 1-7...
  Stage 1: 480 collisions in 466 buckets (max 3 per bucket)
  [DEBUG] First 5 non-empty buckets: bucket 87=1 colls, bucket 105=1 colls, bucket 150=1 colls, bucket 217=1 colls, bucket 246=1 colls, 
  [DEBUG] First collision attr=0x00000000 hash=00000000
  Stage 2: 7 collisions
  [DEBUG] Stage 2 first 10 bucket_counts: 0 0 0 0 0 0 0 0 0 0 
  Stage 3: 0 collisions
  Stage 4: 0 collisions
  Stage 5: 0 collisions
  Stage 6: 0 collisions
  Stage 7: 0 solution candidates
GPU mining complete: 0.66 seconds

No solution candidates found (need more nonces)

═══ Batch 35/625: nonces 1088000-1119999 (32000 nonces) ═══

--- Mining batch: 32000 nonces (64000 hashes) starting at nonce 1088000 ---
  [DEBUG] idx=0 -> nonce g=1088000
  [DEBUG] idx=1 -> nonce g=1088000
  [DEBUG] idx=2 -> nonce g=1088001
  [DEBUG] idx=3 -> nonce g=1088001
  [DEBUG] idx=63998 -> nonce g=1119999
  [DEBUG] idx=63999 -> nonce g=1119999
  [DEBUG] First 10 hash bucket IDs: 903078 299183 343619 44635 847603 830229 622635 77190 462121 339222 
  [DEBUG] First hash bytes: dc 7a 6b cb
Running GPU stages 1-7...
  Stage 1: 466 collisions in 457 buckets (max 3 per bucket)
  [DEBUG] First 5 non-empty buckets: bucket 27=1 colls, bucket 49=1 colls, bucket 122=1 colls, bucket 203=1 colls, bucket 286=1 colls, 
  [DEBUG] First collision attr=0x00000000 hash=00000000
  Stage 2: 7 collisions
  [DEBUG] Stage 2 first 10 bucket_counts: 0 0 0 0 0 0 0 0 0 0 
  Stage 3: 0 collisions
  Stage 4: 0 collisions
  Stage 5: 0 collisions
  Stage 6: 0 collisions
  Stage 7: 0 solution candidates
GPU mining complete: 0.65 seconds

No solution candidates found (need more nonces)

═══ Batch 36/625: nonces 1120000-1151999 (32000 nonces) ═══

--- Mining batch: 32000 nonces (64000 hashes) starting at nonce 1120000 ---
  [DEBUG] idx=0 -> nonce g=1120000
  [DEBUG] idx=1 -> nonce g=1120000
  [DEBUG] idx=2 -> nonce g=1120001
  [DEBUG] idx=3 -> nonce g=1120001
  [DEBUG] idx=63998 -> nonce g=1151999
  [DEBUG] idx=63999 -> nonce g=1151999
  [DEBUG] First 10 hash bucket IDs: 234041 872907 954593 182376 56099 531326 131361 1044021 198495 896742 
  [DEBUG] First hash bytes: 39 23 94 8f
Running GPU stages 1-7...
  Stage 1: 524 collisions in 506 buckets (max 3 per bucket)
  [DEBUG] First 5 non-empty buckets: bucket 30=1 colls, bucket 51=1 colls, bucket 69=1 colls, bucket 126=1 colls, bucket 175=1 colls, 
  [DEBUG] First collision attr=0x00000000 hash=00000000
  Stage 2: 7 collisions
  [DEBUG] Stage 2 first 10 bucket_counts: 0 0 0 0 0 0 0 0 0 0 
  Stage 3: 0 collisions
  Stage 4: 0 collisions
  Stage 5: 0 collisions
  Stage 6: 0 collisions
  Stage 7: 0 solution candidates
GPU mining complete: 0.66 seconds

No solution candidates found (need more nonces)

═══ Batch 37/625: nonces 1152000-1183999 (32000 nonces) ═══

--- Mining batch: 32000 nonces (64000 hashes) starting at nonce 1152000 ---
  [DEBUG] idx=0 -> nonce g=1152000
  [DEBUG] idx=1 -> nonce g=1152000
  [DEBUG] idx=2 -> nonce g=1152001
  [DEBUG] idx=3 -> nonce g=1152001
  [DEBUG] idx=63998 -> nonce g=1183999
  [DEBUG] idx=63999 -> nonce g=1183999
  [DEBUG] First 10 hash bucket IDs: 517255 198209 1013457 578403 956917 668180 1007372 241420 328268 147217 
  [DEBUG] First hash bytes: 7e 48 7c 3a
Running GPU stages 1-7...
  Stage 1: 498 collisions in 486 buckets (max 4 per bucket)
  [DEBUG] First 5 non-empty buckets: bucket 9=1 colls, bucket 26=1 colls, bucket 56=1 colls, bucket 116=1 colls, bucket 131=1 colls, 
  [DEBUG] First collision attr=0x00000000 hash=00000000
  Stage 2: 5 collisions
  [DEBUG] Stage 2 first 10 bucket_counts: 0 0 0 0 0 0 0 0 0 0 
  Stage 3: 0 collisions
  Stage 4: 0 collisions
  Stage 5: 0 collisions
  Stage 6: 0 collisions
  Stage 7: 0 solution candidates
GPU mining complete: 0.65 seconds

No solution candidates found (need more nonces)

═══ Batch 38/625: nonces 1184000-1215999 (32000 nonces) ═══

--- Mining batch: 32000 nonces (64000 hashes) starting at nonce 1184000 ---
  [DEBUG] idx=0 -> nonce g=1184000
  [DEBUG] idx=1 -> nonce g=1184000
  [DEBUG] idx=2 -> nonce g=1184001
  [DEBUG] idx=3 -> nonce g=1184001
  [DEBUG] idx=63998 -> nonce g=1215999
  [DEBUG] idx=63999 -> nonce g=1215999
  [DEBUG] First 10 hash bucket IDs: 419037 420756 612876 378301 318063 638112 303531 453164 395840 787734 
  [DEBUG] First hash bytes: 66 4d d5 9e
Running GPU stages 1-7...
  Stage 1: 477 collisions in 465 buckets (max 3 per bucket)
  [DEBUG] First 5 non-empty buckets: bucket 42=1 colls, bucket 76=1 colls, bucket 189=1 colls, bucket 254=1 colls, bucket 264=1 colls, 
  [DEBUG] First collision attr=0x00000000 hash=00000000
  Stage 2: 6 collisions
  [DEBUG] Stage 2 first 10 bucket_counts: 0 0 0 0 0 0 0 0 0 0 
  Stage 3: 0 collisions
  Stage 4: 0 collisions
  Stage 5: 0 collisions
  Stage 6: 0 collisions
  Stage 7: 0 solution candidates
GPU mining complete: 0.65 seconds

No solution candidates found (need more nonces)

═══ Batch 39/625: nonces 1216000-1247999 (32000 nonces) ═══

--- Mining batch: 32000 nonces (64000 hashes) starting at nonce 1216000 ---
  [DEBUG] idx=0 -> nonce g=1216000
  [DEBUG] idx=1 -> nonce g=1216000
  [DEBUG] idx=2 -> nonce g=1216001
  [DEBUG] idx=3 -> nonce g=1216001
  [DEBUG] idx=63998 -> nonce g=1247999
  [DEBUG] idx=63999 -> nonce g=1247999
  [DEBUG] First 10 hash bucket IDs: 847903 116146 911523 137215 722460 751585 598477 763510 634362 818811 
  [DEBUG] First hash bytes: cf 01 fc 41
Running GPU stages 1-7...
  Stage 1: 475 collisions in 464 buckets (max 3 per bucket)
  [DEBUG] First 5 non-empty buckets: bucket 10=1 colls, bucket 24=1 colls, bucket 31=1 colls, bucket 82=1 colls, bucket 91=1 colls, 
  [DEBUG] First collision attr=0x00000000 hash=00000000
  Stage 2: 12 collisions
  [DEBUG] Stage 2 first 10 bucket_counts: 0 0 0 0 0 0 0 0 0 0 
  Stage 3: 0 collisions
  Stage 4: 0 collisions
  Stage 5: 0 collisions
  Stage 6: 0 collisions
  Stage 7: 0 solution candidates
GPU mining complete: 0.65 seconds

No solution candidates found (need more nonces)

═══ Batch 40/625: nonces 1248000-1279999 (32000 nonces) ═══

--- Mining batch: 32000 nonces (64000 hashes) starting at nonce 1248000 ---
  [DEBUG] idx=0 -> nonce g=1248000
  [DEBUG] idx=1 -> nonce g=1248000
  [DEBUG] idx=2 -> nonce g=1248001
  [DEBUG] idx=3 -> nonce g=1248001
  [DEBUG] idx=63998 -> nonce g=1279999
  [DEBUG] idx=63999 -> nonce g=1279999
  [DEBUG] First 10 hash bucket IDs: 840613 464634 181218 170407 89051 645319 834180 553433 133542 593994 
  [DEBUG] First hash bytes: cd 3a 56 54
Running GPU stages 1-7...
  Stage 1: 475 collisions in 456 buckets (max 3 per bucket)
  [DEBUG] First 5 non-empty buckets: bucket 158=1 colls, bucket 193=1 colls, bucket 224=3 colls, bucket 239=1 colls, bucket 252=1 colls, 
  [DEBUG] First collision attr=0x00000000 hash=00000000
  Stage 2: 6 collisions
  [DEBUG] Stage 2 first 10 bucket_counts: 0 0 0 0 0 0 0 0 0 0 
  Stage 3: 0 collisions
  Stage 4: 0 collisions
  Stage 5: 0 collisions
  Stage 6: 0 collisions
  Stage 7: 0 solution candidates
GPU mining complete: 0.65 seconds

No solution candidates found (need more nonces)

═══ Batch 41/625: nonces 1280000-1311999 (32000 nonces) ═══

--- Mining batch: 32000 nonces (64000 hashes) starting at nonce 1280000 ---
  [DEBUG] idx=0 -> nonce g=1280000
  [DEBUG] idx=1 -> nonce g=1280000
  [DEBUG] idx=2 -> nonce g=1280001
  [DEBUG] idx=3 -> nonce g=1280001
  [DEBUG] idx=63998 -> nonce g=1311999
  [DEBUG] idx=63999 -> nonce g=1311999
  [DEBUG] First 10 hash bucket IDs: 157398 243339 1016681 783085 902195 35919 754973 617341 545377 722238 
  [DEBUG] First hash bytes: 26 6d 6c 23
Running GPU stages 1-7...
  Stage 1: 497 collisions in 487 buckets (max 3 per bucket)
  [DEBUG] First 5 non-empty buckets: bucket 41=1 colls, bucket 57=1 colls, bucket 115=1 colls, bucket 124=1 colls, bucket 147=1 colls, 
  [DEBUG] First collision attr=0x00000000 hash=00000000
  Stage 2: 12 collisions
  [DEBUG] Stage 2 first 10 bucket_counts: 0 0 0 0 0 0 0 0 0 0 
  Stage 3: 0 collisions
  Stage 4: 0 collisions
  Stage 5: 0 collisions
  Stage 6: 0 collisions
  Stage 7: 0 solution candidates
GPU mining complete: 0.63 seconds

No solution candidates found (need more nonces)

═══ Batch 42/625: nonces 1312000-1343999 (32000 nonces) ═══

--- Mining batch: 32000 nonces (64000 hashes) starting at nonce 1312000 ---
  [DEBUG] idx=0 -> nonce g=1312000
  [DEBUG] idx=1 -> nonce g=1312000
  [DEBUG] idx=2 -> nonce g=1312001
  [DEBUG] idx=3 -> nonce g=1312001
  [DEBUG] idx=63998 -> nonce g=1343999
  [DEBUG] idx=63999 -> nonce g=1343999
  [DEBUG] First 10 hash bucket IDs: 551435 577933 32738 929440 832634 995940 784735 69249 650664 742830 
  [DEBUG] First hash bytes: 86 a0 be c2
Running GPU stages 1-7...
  Stage 1: 477 collisions in 465 buckets (max 3 per bucket)
  [DEBUG] First 5 non-empty buckets: bucket 91=1 colls, bucket 118=1 colls, bucket 155=1 colls, bucket 159=1 colls, bucket 186=1 colls, 
  [DEBUG] First collision attr=0x00000000 hash=00000000
  Stage 2: 5 collisions
  [DEBUG] Stage 2 first 10 bucket_counts: 0 0 0 0 0 0 0 0 0 0 
  Stage 3: 0 collisions
  Stage 4: 0 collisions
  Stage 5: 0 collisions
  Stage 6: 0 collisions
  Stage 7: 0 solution candidates
GPU mining complete: 0.66 seconds

No solution candidates found (need more nonces)

═══ Batch 43/625: nonces 1344000-1375999 (32000 nonces) ═══

--- Mining batch: 32000 nonces (64000 hashes) starting at nonce 1344000 ---
  [DEBUG] idx=0 -> nonce g=1344000
  [DEBUG] idx=1 -> nonce g=1344000
  [DEBUG] idx=2 -> nonce g=1344001
  [DEBUG] idx=3 -> nonce g=1344001
  [DEBUG] idx=63998 -> nonce g=1375999
  [DEBUG] idx=63999 -> nonce g=1375999
  [DEBUG] First 10 hash bucket IDs: 740305 446548 227998 999337 927053 244718 725460 357070 456115 295319 
  [DEBUG] First hash bytes: b4 bd 1a d5
Running GPU stages 1-7...
  Stage 1: 517 collisions in 508 buckets (max 3 per bucket)
  [DEBUG] First 5 non-empty buckets: bucket 31=1 colls, bucket 50=1 colls, bucket 51=1 colls, bucket 65=1 colls, bucket 88=1 colls, 
  [DEBUG] First collision attr=0x00000000 hash=00000000
  Stage 2: 10 collisions
  [DEBUG] Stage 2 first 10 bucket_counts: 0 0 0 0 0 0 0 0 0 0 
  Stage 3: 0 collisions
  Stage 4: 0 collisions
  Stage 5: 0 collisions
  Stage 6: 0 collisions
  Stage 7: 0 solution candidates
GPU mining complete: 0.66 seconds

No solution candidates found (need more nonces)

═══ Batch 44/625: nonces 1376000-1407999 (32000 nonces) ═══

--- Mining batch: 32000 nonces (64000 hashes) starting at nonce 1376000 ---
  [DEBUG] idx=0 -> nonce g=1376000
  [DEBUG] idx=1 -> nonce g=1376000
  [DEBUG] idx=2 -> nonce g=1376001
  [DEBUG] idx=3 -> nonce g=1376001
  [DEBUG] idx=63998 -> nonce g=1407999
  [DEBUG] idx=63999 -> nonce g=1407999
  [DEBUG] First 10 hash bucket IDs: 296024 388232 290489 569358 495375 83390 508150 4000 927557 89086 
  [DEBUG] First hash bytes: 48 45 82 a8
Running GPU stages 1-7...
  Stage 1: 486 collisions in 475 buckets (max 3 per bucket)
  [DEBUG] First 5 non-empty buckets: bucket 1=1 colls, bucket 38=1 colls, bucket 47=1 colls, bucket 73=1 colls, bucket 78=1 colls, 
  [DEBUG] First collision attr=0x00000000 hash=00000000
  Stage 2: 6 collisions
  [DEBUG] Stage 2 first 10 bucket_counts: 0 0 0 0 0 0 0 0 0 0 
  Stage 3: 0 collisions
  Stage 4: 0 collisions
  Stage 5: 0 collisions
  Stage 6: 0 collisions
  Stage 7: 0 solution candidates
GPU mining complete: 0.65 seconds

No solution candidates found (need more nonces)

═══ Batch 45/625: nonces 1408000-1439999 (32000 nonces) ═══

--- Mining batch: 32000 nonces (64000 hashes) starting at nonce 1408000 ---
  [DEBUG] idx=0 -> nonce g=1408000
  [DEBUG] idx=1 -> nonce g=1408000
  [DEBUG] idx=2 -> nonce g=1408001
  [DEBUG] idx=3 -> nonce g=1408001
  [DEBUG] idx=63998 -> nonce g=1439999
  [DEBUG] idx=63999 -> nonce g=1439999
  [DEBUG] First 10 hash bucket IDs: 368039 148993 840956 1034781 246975 731373 969509 22279 725611 618449 
  [DEBUG] First hash bytes: 59 da 7c eb
Running GPU stages 1-7...
  Stage 1: 487 collisions in 479 buckets (max 3 per bucket)
  [DEBUG] First 5 non-empty buckets: bucket 21=1 colls, bucket 35=1 colls, bucket 98=1 colls, bucket 100=1 colls, bucket 109=1 colls, 
  [DEBUG] First collision attr=0x00000000 hash=00000000
  Stage 2: 6 collisions
  [DEBUG] Stage 2 first 10 bucket_counts: 0 0 0 0 0 0 0 0 0 0 
  Stage 3: 0 collisions
  Stage 4: 0 collisions
  Stage 5: 0 collisions
  Stage 6: 0 collisions
  Stage 7: 0 solution candidates
GPU mining complete: 0.66 seconds

No solution candidates found (need more nonces)

═══ Batch 46/625: nonces 1440000-1471999 (32000 nonces) ═══

--- Mining batch: 32000 nonces (64000 hashes) starting at nonce 1440000 ---
  [DEBUG] idx=0 -> nonce g=1440000
  [DEBUG] idx=1 -> nonce g=1440000
  [DEBUG] idx=2 -> nonce g=1440001
  [DEBUG] idx=3 -> nonce g=1440001
  [DEBUG] idx=63998 -> nonce g=1471999
  [DEBUG] idx=63999 -> nonce g=1471999
  [DEBUG] First 10 hash bucket IDs: 340759 462002 302154 711194 583564 335125 488927 1008820 606543 559093 
  [DEBUG] First hash bytes: 53 31 79 ff
Running GPU stages 1-7...
  Stage 1: 450 collisions in 441 buckets (max 3 per bucket)
  [DEBUG] First 5 non-empty buckets: bucket 29=1 colls, bucket 258=1 colls, bucket 274=1 colls, bucket 305=1 colls, bucket 369=1 colls, 
  [DEBUG] First collision attr=0x00000000 hash=00000000
  Stage 2: 1 collisions
  [DEBUG] Stage 2 first 10 bucket_counts: 0 0 0 0 0 0 0 0 0 0 
  Stage 3: 0 collisions
  Stage 4: 0 collisions
  Stage 5: 0 collisions
  Stage 6: 0 collisions
  Stage 7: 0 solution candidates
GPU mining complete: 0.65 seconds

No solution candidates found (need more nonces)

═══ Batch 47/625: nonces 1472000-1503999 (32000 nonces) ═══

--- Mining batch: 32000 nonces (64000 hashes) starting at nonce 1472000 ---
  [DEBUG] idx=0 -> nonce g=1472000
  [DEBUG] idx=1 -> nonce g=1472000
  [DEBUG] idx=2 -> nonce g=1472001
  [DEBUG] idx=3 -> nonce g=1472001
  [DEBUG] idx=63998 -> nonce g=1503999
  [DEBUG] idx=63999 -> nonce g=1503999
  [DEBUG] First 10 hash bucket IDs: 115757 830296 909526 648029 574541 876500 925466 582484 36385 931848 
  [DEBUG] First hash bytes: 1c 42 db de
Running GPU stages 1-7...
  Stage 1: 506 collisions in 498 buckets (max 3 per bucket)
  [DEBUG] First 5 non-empty buckets: bucket 113=1 colls, bucket 187=1 colls, bucket 220=1 colls, bucket 306=1 colls, bucket 320=1 colls, 
  [DEBUG] First collision attr=0x00000000 hash=00000000
  Stage 2: 8 collisions
  [DEBUG] Stage 2 first 10 bucket_counts: 0 0 0 0 0 0 0 0 0 0 
  Stage 3: 0 collisions
  Stage 4: 0 collisions
  Stage 5: 0 collisions
  Stage 6: 0 collisions
  Stage 7: 0 solution candidates
GPU mining complete: 0.66 seconds

No solution candidates found (need more nonces)

═══ Batch 48/625: nonces 1504000-1535999 (32000 nonces) ═══

--- Mining batch: 32000 nonces (64000 hashes) starting at nonce 1504000 ---
  [DEBUG] idx=0 -> nonce g=1504000
  [DEBUG] idx=1 -> nonce g=1504000
  [DEBUG] idx=2 -> nonce g=1504001
  [DEBUG] idx=3 -> nonce g=1504001
  [DEBUG] idx=63998 -> nonce g=1535999
  [DEBUG] idx=63999 -> nonce g=1535999
  [DEBUG] First 10 hash bucket IDs: 727400 303772 279611 148224 261038 1018318 977598 617918 66769 627135 
  [DEBUG] First hash bytes: b1 96 87 c2
Running GPU stages 1-7...
  Stage 1: 485 collisions in 477 buckets (max 3 per bucket)
  [DEBUG] First 5 non-empty buckets: bucket 5=1 colls, bucket 20=1 colls, bucket 30=1 colls, bucket 82=1 colls, bucket 140=1 colls, 
  [DEBUG] First collision attr=0x00000000 hash=00000000
  Stage 2: 8 collisions
  [DEBUG] Stage 2 first 10 bucket_counts: 0 0 0 0 0 0 0 0 0 0 
  Stage 3: 0 collisions
  Stage 4: 0 collisions
  Stage 5: 0 collisions
  Stage 6: 0 collisions
  Stage 7: 0 solution candidates
GPU mining complete: 0.65 seconds

No solution candidates found (need more nonces)

═══ Batch 49/625: nonces 1536000-1567999 (32000 nonces) ═══

--- Mining batch: 32000 nonces (64000 hashes) starting at nonce 1536000 ---
  [DEBUG] idx=0 -> nonce g=1536000
  [DEBUG] idx=1 -> nonce g=1536000
  [DEBUG] idx=2 -> nonce g=1536001
  [DEBUG] idx=3 -> nonce g=1536001
  [DEBUG] idx=63998 -> nonce g=1567999
  [DEBUG] idx=63999 -> nonce g=1567999
  [DEBUG] First 10 hash bucket IDs: 45537 311304 808362 399485 557090 362293 693652 940744 14035 161177 
  [DEBUG] First hash bytes: 0b 1e 13 21
Running GPU stages 1-7...
  Stage 1: 452 collisions in 437 buckets (max 3 per bucket)
  [DEBUG] First 5 non-empty buckets: bucket 7=1 colls, bucket 9=1 colls, bucket 39=1 colls, bucket 208=1 colls, bucket 237=1 colls, 
  [DEBUG] First collision attr=0x00000000 hash=00000000
  Stage 2: 3 collisions
  [DEBUG] Stage 2 first 10 bucket_counts: 0 0 0 0 0 0 0 0 0 0 
  Stage 3: 0 collisions
  Stage 4: 0 collisions
  Stage 5: 0 collisions
  Stage 6: 0 collisions
  Stage 7: 0 solution candidates
GPU mining complete: 0.66 seconds

No solution candidates found (need more nonces)

═══ Batch 50/625: nonces 1568000-1599999 (32000 nonces) ═══

--- Mining batch: 32000 nonces (64000 hashes) starting at nonce 1568000 ---
  [DEBUG] idx=0 -> nonce g=1568000
  [DEBUG] idx=1 -> nonce g=1568000
  [DEBUG] idx=2 -> nonce g=1568001
  [DEBUG] idx=3 -> nonce g=1568001
  [DEBUG] idx=63998 -> nonce g=1599999
  [DEBUG] idx=63999 -> nonce g=1599999
  [DEBUG] First 10 hash bucket IDs: 365732 945050 885349 1015503 339550 431318 936164 214892 17169 241655 
  [DEBUG] First hash bytes: 59 4a 43 54
Running GPU stages 1-7...
  Stage 1: 477 collisions in 465 buckets (max 3 per bucket)
  [DEBUG] First 5 non-empty buckets: bucket 40=1 colls, bucket 77=1 colls, bucket 126=1 colls, bucket 254=1 colls, bucket 290=1 colls, 
  [DEBUG] First collision attr=0x00000000 hash=00000000
  Stage 2: 5 collisions
  [DEBUG] Stage 2 first 10 bucket_counts: 0 0 0 0 0 0 0 0 0 0 
  Stage 3: 0 collisions
  Stage 4: 0 collisions
  Stage 5: 0 collisions
  Stage 6: 0 collisions
  Stage 7: 0 solution candidates
GPU mining complete: 0.68 seconds

No solution candidates found (need more nonces)

═══ Batch 51/625: nonces 1600000-1631999 (32000 nonces) ═══

--- Mining batch: 32000 nonces (64000 hashes) starting at nonce 1600000 ---
  [DEBUG] idx=0 -> nonce g=1600000
  [DEBUG] idx=1 -> nonce g=1600000
  [DEBUG] idx=2 -> nonce g=1600001
  [DEBUG] idx=3 -> nonce g=1600001
  [DEBUG] idx=63998 -> nonce g=1631999
  [DEBUG] idx=63999 -> nonce g=1631999
  [DEBUG] First 10 hash bucket IDs: 587538 858439 527451 509687 309394 996949 891043 778694 738650 570545 
  [DEBUG] First hash bytes: 8f 71 20 d0
Running GPU stages 1-7...
  Stage 1: 468 collisions in 458 buckets (max 3 per bucket)
  [DEBUG] First 5 non-empty buckets: bucket 12=1 colls, bucket 23=1 colls, bucket 49=1 colls, bucket 61=1 colls, bucket 119=1 colls, 
  [DEBUG] First collision attr=0x00000000 hash=00000000
  Stage 2: 4 collisions
  [DEBUG] Stage 2 first 10 bucket_counts: 0 0 0 0 0 0 0 0 0 0 
  Stage 3: 0 collisions
  Stage 4: 0 collisions
  Stage 5: 0 collisions
  Stage 6: 0 collisions
  Stage 7: 0 solution candidates
GPU mining complete: 0.65 seconds

No solution candidates found (need more nonces)

═══ Batch 52/625: nonces 1632000-1663999 (32000 nonces) ═══

--- Mining batch: 32000 nonces (64000 hashes) starting at nonce 1632000 ---
  [DEBUG] idx=0 -> nonce g=1632000
  [DEBUG] idx=1 -> nonce g=1632000
  [DEBUG] idx=2 -> nonce g=1632001
  [DEBUG] idx=3 -> nonce g=1632001
  [DEBUG] idx=63998 -> nonce g=1663999
  [DEBUG] idx=63999 -> nonce g=1663999
  [DEBUG] First 10 hash bucket IDs: 89723 312757 528001 795708 351207 66476 466580 133867 535462 687830 
  [DEBUG] First hash bytes: 15 e7 bc 5c
Running GPU stages 1-7...
  Stage 1: 506 collisions in 493 buckets (max 3 per bucket)
  [DEBUG] First 5 non-empty buckets: bucket 17=3 colls, bucket 34=1 colls, bucket 114=1 colls, bucket 118=1 colls, bucket 163=1 colls, 
  [DEBUG] First collision attr=0x00000000 hash=00000000
  Stage 2: 13 collisions
  [DEBUG] Stage 2 first 10 bucket_counts: 0 0 0 0 0 0 0 0 0 0 
  Stage 3: 0 collisions
  Stage 4: 0 collisions
  Stage 5: 0 collisions
  Stage 6: 0 collisions
  Stage 7: 0 solution candidates
GPU mining complete: 0.65 seconds

No solution candidates found (need more nonces)

═══ Batch 53/625: nonces 1664000-1695999 (32000 nonces) ═══

--- Mining batch: 32000 nonces (64000 hashes) starting at nonce 1664000 ---
  [DEBUG] idx=0 -> nonce g=1664000
  [DEBUG] idx=1 -> nonce g=1664000
  [DEBUG] idx=2 -> nonce g=1664001
  [DEBUG] idx=3 -> nonce g=1664001
  [DEBUG] idx=63998 -> nonce g=1695999
  [DEBUG] idx=63999 -> nonce g=1695999
  [DEBUG] First 10 hash bucket IDs: 590200 659466 996372 797710 283102 239875 764712 1006345 303686 780982 
  [DEBUG] First hash bytes: 90 17 8d 39
Running GPU stages 1-7...
  Stage 1: 474 collisions in 463 buckets (max 3 per bucket)
  [DEBUG] First 5 non-empty buckets: bucket 23=1 colls, bucket 75=1 colls, bucket 145=1 colls, bucket 151=1 colls, bucket 182=1 colls, 
  [DEBUG] First collision attr=0x00000000 hash=00000000
  Stage 2: 11 collisions
  [DEBUG] Stage 2 first 10 bucket_counts: 0 0 0 0 0 0 0 0 0 0 
  Stage 3: 0 collisions
  Stage 4: 0 collisions
  Stage 5: 0 collisions
  Stage 6: 0 collisions
  Stage 7: 0 solution candidates
GPU mining complete: 0.65 seconds

No solution candidates found (need more nonces)

═══ Batch 54/625: nonces 1696000-1727999 (32000 nonces) ═══

--- Mining batch: 32000 nonces (64000 hashes) starting at nonce 1696000 ---
  [DEBUG] idx=0 -> nonce g=1696000
  [DEBUG] idx=1 -> nonce g=1696000
  [DEBUG] idx=2 -> nonce g=1696001
  [DEBUG] idx=3 -> nonce g=1696001
  [DEBUG] idx=63998 -> nonce g=1727999
  [DEBUG] idx=63999 -> nonce g=1727999
  [DEBUG] First 10 hash bucket IDs: 582257 97629 277705 463683 22098 372417 669034 758232 876853 447966 
  [DEBUG] First hash bytes: 8e 27 1a 52
Running GPU stages 1-7...
  Stage 1: 501 collisions in 492 buckets (max 3 per bucket)
  [DEBUG] First 5 non-empty buckets: bucket 1=1 colls, bucket 35=1 colls, bucket 47=1 colls, bucket 86=1 colls, bucket 201=1 colls, 
  [DEBUG] First collision attr=0x00000000 hash=00000000
  Stage 2: 8 collisions
  [DEBUG] Stage 2 first 10 bucket_counts: 0 0 0 0 0 0 0 0 0 0 
  Stage 3: 0 collisions
  Stage 4: 0 collisions
  Stage 5: 0 collisions
  Stage 6: 0 collisions
  Stage 7: 0 solution candidates
GPU mining complete: 0.65 seconds

No solution candidates found (need more nonces)

═══ Batch 55/625: nonces 1728000-1759999 (32000 nonces) ═══

--- Mining batch: 32000 nonces (64000 hashes) starting at nonce 1728000 ---
  [DEBUG] idx=0 -> nonce g=1728000
  [DEBUG] idx=1 -> nonce g=1728000
  [DEBUG] idx=2 -> nonce g=1728001
  [DEBUG] idx=3 -> nonce g=1728001
  [DEBUG] idx=63998 -> nonce g=1759999
  [DEBUG] idx=63999 -> nonce g=1759999
  [DEBUG] First 10 hash bucket IDs: 541694 434130 521361 328978 560301 7915 15939 106852 201726 921240 
  [DEBUG] First hash bytes: 84 3f e7 03
Running GPU stages 1-7...
  Stage 1: 469 collisions in 452 buckets (max 3 per bucket)
  [DEBUG] First 5 non-empty buckets: bucket 9=1 colls, bucket 20=1 colls, bucket 22=2 colls, bucket 51=1 colls, bucket 58=1 colls, 
  [DEBUG] First collision attr=0x00000000 hash=00000000
  Stage 2: 7 collisions
  [DEBUG] Stage 2 first 10 bucket_counts: 0 0 0 0 0 0 0 0 0 0 
  Stage 3: 0 collisions
  Stage 4: 0 collisions
  Stage 5: 0 collisions
  Stage 6: 0 collisions
  Stage 7: 0 solution candidates
GPU mining complete: 0.66 seconds

No solution candidates found (need more nonces)

═══ Batch 56/625: nonces 1760000-1791999 (32000 nonces) ═══

--- Mining batch: 32000 nonces (64000 hashes) starting at nonce 1760000 ---
  [DEBUG] idx=0 -> nonce g=1760000
  [DEBUG] idx=1 -> nonce g=1760000
  [DEBUG] idx=2 -> nonce g=1760001
  [DEBUG] idx=3 -> nonce g=1760001
  [DEBUG] idx=63998 -> nonce g=1791999
  [DEBUG] idx=63999 -> nonce g=1791999
  [DEBUG] First 10 hash bucket IDs: 92062 619340 627068 367647 709443 629016 550834 391674 759240 173953 
  [DEBUG] First hash bytes: 16 79 e1 3a
Running GPU stages 1-7...
  Stage 1: 484 collisions in 472 buckets (max 3 per bucket)
  [DEBUG] First 5 non-empty buckets: bucket 38=1 colls, bucket 67=1 colls, bucket 155=1 colls, bucket 194=1 colls, bucket 270=1 colls, 
  [DEBUG] First collision attr=0x00000000 hash=00000000
  Stage 2: 5 collisions
  [DEBUG] Stage 2 first 10 bucket_counts: 0 0 0 0 0 0 0 0 0 0 
  Stage 3: 0 collisions
  Stage 4: 0 collisions
  Stage 5: 0 collisions
  Stage 6: 0 collisions
  Stage 7: 0 solution candidates
GPU mining complete: 0.66 seconds

No solution candidates found (need more nonces)

═══ Batch 57/625: nonces 1792000-1823999 (32000 nonces) ═══

--- Mining batch: 32000 nonces (64000 hashes) starting at nonce 1792000 ---
  [DEBUG] idx=0 -> nonce g=1792000
  [DEBUG] idx=1 -> nonce g=1792000
  [DEBUG] idx=2 -> nonce g=1792001
  [DEBUG] idx=3 -> nonce g=1792001
  [DEBUG] idx=63998 -> nonce g=1823999
  [DEBUG] idx=63999 -> nonce g=1823999
  [DEBUG] First 10 hash bucket IDs: 41633 603505 520759 723134 218744 710757 5071 810953 43097 885431 
  [DEBUG] First hash bytes: 0a 2a 1c a4
Running GPU stages 1-7...
  Stage 1: 492 collisions in 481 buckets (max 3 per bucket)
  [DEBUG] First 5 non-empty buckets: bucket 25=1 colls, bucket 47=1 colls, bucket 60=1 colls, bucket 131=1 colls, bucket 146=1 colls, 
  [DEBUG] First collision attr=0x00000000 hash=00000000
  Stage 2: 8 collisions
  [DEBUG] Stage 2 first 10 bucket_counts: 0 0 0 0 0 0 0 0 0 0 
  Stage 3: 0 collisions
  Stage 4: 0 collisions
  Stage 5: 0 collisions
  Stage 6: 0 collisions
  Stage 7: 0 solution candidates
GPU mining complete: 0.69 seconds

No solution candidates found (need more nonces)

═══ Batch 58/625: nonces 1824000-1855999 (32000 nonces) ═══

--- Mining batch: 32000 nonces (64000 hashes) starting at nonce 1824000 ---
  [DEBUG] idx=0 -> nonce g=1824000
  [DEBUG] idx=1 -> nonce g=1824000
  [DEBUG] idx=2 -> nonce g=1824001
  [DEBUG] idx=3 -> nonce g=1824001
  [DEBUG] idx=63998 -> nonce g=1855999
  [DEBUG] idx=63999 -> nonce g=1855999
  [DEBUG] First 10 hash bucket IDs: 580650 700085 343007 339667 93448 778678 234758 254540 1009642 762246 
  [DEBUG] First hash bytes: 8d c2 ac a4
Running GPU stages 1-7...
  Stage 1: 517 collisions in 511 buckets (max 3 per bucket)
  [DEBUG] First 5 non-empty buckets: bucket 8=1 colls, bucket 21=1 colls, bucket 31=1 colls, bucket 48=1 colls, bucket 104=1 colls, 
  [DEBUG] First collision attr=0x00000000 hash=00000000
  Stage 2: 11 collisions
  [DEBUG] Stage 2 first 10 bucket_counts: 0 0 0 0 0 0 0 0 0 0 
  Stage 3: 0 collisions
  Stage 4: 0 collisions
  Stage 5: 0 collisions
  Stage 6: 0 collisions
  Stage 7: 0 solution candidates
GPU mining complete: 0.66 seconds

No solution candidates found (need more nonces)

═══ Batch 59/625: nonces 1856000-1887999 (32000 nonces) ═══

--- Mining batch: 32000 nonces (64000 hashes) starting at nonce 1856000 ---
  [DEBUG] idx=0 -> nonce g=1856000
  [DEBUG] idx=1 -> nonce g=1856000
  [DEBUG] idx=2 -> nonce g=1856001
  [DEBUG] idx=3 -> nonce g=1856001
  [DEBUG] idx=63998 -> nonce g=1887999
  [DEBUG] idx=63999 -> nonce g=1887999
  [DEBUG] First 10 hash bucket IDs: 389307 326606 1016504 876010 468953 376040 269965 745700 87933 182645 
  [DEBUG] First hash bytes: 5f 0b bd 6b
Running GPU stages 1-7...
  Stage 1: 495 collisions in 481 buckets (max 3 per bucket)
  [DEBUG] First 5 non-empty buckets: bucket 30=1 colls, bucket 37=1 colls, bucket 115=1 colls, bucket 137=1 colls, bucket 156=1 colls, 
  [DEBUG] First collision attr=0x00000000 hash=00000000
  Stage 2: 8 collisions
  [DEBUG] Stage 2 first 10 bucket_counts: 0 0 0 0 0 0 0 0 0 0 
  Stage 3: 0 collisions
  Stage 4: 0 collisions
  Stage 5: 0 collisions
  Stage 6: 0 collisions
  Stage 7: 0 solution candidates
GPU mining complete: 0.65 seconds

No solution candidates found (need more nonces)

═══ Batch 60/625: nonces 1888000-1919999 (32000 nonces) ═══

--- Mining batch: 32000 nonces (64000 hashes) starting at nonce 1888000 ---
  [DEBUG] idx=0 -> nonce g=1888000
  [DEBUG] idx=1 -> nonce g=1888000
  [DEBUG] idx=2 -> nonce g=1888001
  [DEBUG] idx=3 -> nonce g=1888001
  [DEBUG] idx=63998 -> nonce g=1919999
  [DEBUG] idx=63999 -> nonce g=1919999
  [DEBUG] First 10 hash bucket IDs: 287373 102925 959125 1008603 446704 954333 431635 358759 23534 813527 
  [DEBUG] First hash bytes: 46 28 d3 aa
Running GPU stages 1-7...
  Stage 1: 479 collisions in 468 buckets (max 3 per bucket)
  [DEBUG] First 5 non-empty buckets: bucket 9=1 colls, bucket 17=1 colls, bucket 82=1 colls, bucket 109=1 colls, bucket 137=1 colls, 
  [DEBUG] First collision attr=0x00000000 hash=00000000
  Stage 2: 6 collisions
  [DEBUG] Stage 2 first 10 bucket_counts: 0 0 0 0 0 0 0 0 0 0 
  Stage 3: 0 collisions
  Stage 4: 0 collisions
  Stage 5: 0 collisions
  Stage 6: 0 collisions
  Stage 7: 0 solution candidates
GPU mining complete: 0.62 seconds

No solution candidates found (need more nonces)

═══ Batch 61/625: nonces 1920000-1951999 (32000 nonces) ═══

--- Mining batch: 32000 nonces (64000 hashes) starting at nonce 1920000 ---
  [DEBUG] idx=0 -> nonce g=1920000
  [DEBUG] idx=1 -> nonce g=1920000
  [DEBUG] idx=2 -> nonce g=1920001
  [DEBUG] idx=3 -> nonce g=1920001
  [DEBUG] idx=63998 -> nonce g=1951999
  [DEBUG] idx=63999 -> nonce g=1951999
  [DEBUG] First 10 hash bucket IDs: 415758 936937 970414 667649 349014 238527 798306 606064 463180 12742 
  [DEBUG] First hash bytes: 65 80 ee 56
Running GPU stages 1-7...
  Stage 1: 503 collisions in 486 buckets (max 3 per bucket)
  [DEBUG] First 5 non-empty buckets: bucket 78=1 colls, bucket 188=1 colls, bucket 202=1 colls, bucket 314=1 colls, bucket 317=1 colls, 
  [DEBUG] First collision attr=0x00000000 hash=00000000
  Stage 2: 5 collisions
  [DEBUG] Stage 2 first 10 bucket_counts: 0 0 0 0 0 0 0 0 0 0 
  Stage 3: 0 collisions
  Stage 4: 0 collisions
  Stage 5: 0 collisions
  Stage 6: 0 collisions
  Stage 7: 0 solution candidates
GPU mining complete: 0.66 seconds

No solution candidates found (need more nonces)

═══ Batch 62/625: nonces 1952000-1983999 (32000 nonces) ═══

--- Mining batch: 32000 nonces (64000 hashes) starting at nonce 1952000 ---
  [DEBUG] idx=0 -> nonce g=1952000
  [DEBUG] idx=1 -> nonce g=1952000
  [DEBUG] idx=2 -> nonce g=1952001
  [DEBUG] idx=3 -> nonce g=1952001
  [DEBUG] idx=63998 -> nonce g=1983999
  [DEBUG] idx=63999 -> nonce g=1983999
  [DEBUG] First 10 hash bucket IDs: 920809 268645 1004133 558172 1013637 126922 574760 212669 11435 276526 
  [DEBUG] First hash bytes: e0 ce 9b 5c
Running GPU stages 1-7...
  Stage 1: 485 collisions in 476 buckets (max 2 per bucket)
  [DEBUG] First 5 non-empty buckets: bucket 44=1 colls, bucket 64=1 colls, bucket 77=1 colls, bucket 142=1 colls, bucket 153=1 colls, 
  [DEBUG] First collision attr=0x00000000 hash=00000000
  Stage 2: 6 collisions
  [DEBUG] Stage 2 first 10 bucket_counts: 0 0 0 0 0 0 0 0 0 0 
  Stage 3: 0 collisions
  Stage 4: 0 collisions
  Stage 5: 0 collisions
  Stage 6: 0 collisions
  Stage 7: 0 solution candidates
GPU mining complete: 0.66 seconds

No solution candidates found (need more nonces)

═══ Batch 63/625: nonces 1984000-2015999 (32000 nonces) ═══

--- Mining batch: 32000 nonces (64000 hashes) starting at nonce 1984000 ---
  [DEBUG] idx=0 -> nonce g=1984000
  [DEBUG] idx=1 -> nonce g=1984000
  [DEBUG] idx=2 -> nonce g=1984001
  [DEBUG] idx=3 -> nonce g=1984001
  [DEBUG] idx=63998 -> nonce g=2015999
  [DEBUG] idx=63999 -> nonce g=2015999
  [DEBUG] First 10 hash bucket IDs: 657091 542408 738325 765923 366518 85558 1003747 195063 133187 405487 
  [DEBUG] First hash bytes: a0 6c 38 7b
Running GPU stages 1-7...
  Stage 1: 482 collisions in 466 buckets (max 3 per bucket)
  [DEBUG] First 5 non-empty buckets: bucket 191=1 colls, bucket 193=3 colls, bucket 215=1 colls, bucket 277=1 colls, bucket 324=1 colls, 
  [DEBUG] First collision attr=0x00000000 hash=00000000
  Stage 2: 5 collisions
  [DEBUG] Stage 2 first 10 bucket_counts: 0 0 0 0 0 0 0 0 0 0 
  Stage 3: 0 collisions
  Stage 4: 0 collisions
  Stage 5: 0 collisions
  Stage 6: 0 collisions
  Stage 7: 0 solution candidates
GPU mining complete: 0.65 seconds

No solution candidates found (need more nonces)

═══ Batch 64/625: nonces 2016000-2047999 (32000 nonces) ═══

--- Mining batch: 32000 nonces (64000 hashes) starting at nonce 2016000 ---
  [DEBUG] idx=0 -> nonce g=2016000
  [DEBUG] idx=1 -> nonce g=2016000
  [DEBUG] idx=2 -> nonce g=2016001
  [DEBUG] idx=3 -> nonce g=2016001
  [DEBUG] idx=63998 -> nonce g=2047999
  [DEBUG] idx=63999 -> nonce g=2047999
  [DEBUG] First 10 hash bucket IDs: 357293 112775 390996 510558 897855 291328 659628 673573 110518 822824 
  [DEBUG] First hash bytes: 57 3a dc bc
Running GPU stages 1-7...
  Stage 1: 463 collisions in 447 buckets (max 3 per bucket)
  [DEBUG] First 5 non-empty buckets: bucket 152=1 colls, bucket 162=1 colls, bucket 174=1 colls, bucket 180=1 colls, bucket 259=1 colls, 
  [DEBUG] First collision attr=0x00000000 hash=00000000
  Stage 2: 5 collisions
  [DEBUG] Stage 2 first 10 bucket_counts: 0 0 0 0 0 0 0 0 0 0 
  Stage 3: 0 collisions
  Stage 4: 0 collisions
  Stage 5: 0 collisions
  Stage 6: 0 collisions
  Stage 7: 0 solution candidates
GPU mining complete: 0.65 seconds

No solution candidates found (need more nonces)

═══ Batch 65/625: nonces 2048000-2079999 (32000 nonces) ═══

--- Mining batch: 32000 nonces (64000 hashes) starting at nonce 2048000 ---
  [DEBUG] idx=0 -> nonce g=2048000
  [DEBUG] idx=1 -> nonce g=2048000
  [DEBUG] idx=2 -> nonce g=2048001
  [DEBUG] idx=3 -> nonce g=2048001
  [DEBUG] idx=63998 -> nonce g=2079999
  [DEBUG] idx=63999 -> nonce g=2079999
  [DEBUG] First 10 hash bucket IDs: 489557 752032 1005130 79526 1020072 482132 854323 974592 720527 199950 
  [DEBUG] First hash bytes: 77 85 5a ff
Running GPU stages 1-7...
  Stage 1: 478 collisions in 465 buckets (max 3 per bucket)
  [DEBUG] First 5 non-empty buckets: bucket 3=1 colls, bucket 59=3 colls, bucket 70=1 colls, bucket 148=1 colls, bucket 153=1 colls, 
  [DEBUG] First collision attr=0x00000000 hash=00000000
  Stage 2: 3 collisions
  [DEBUG] Stage 2 first 10 bucket_counts: 0 0 0 0 0 0 0 0 0 0 
  Stage 3: 0 collisions
  Stage 4: 0 collisions
  Stage 5: 0 collisions
  Stage 6: 0 collisions
  Stage 7: 0 solution candidates
GPU mining complete: 0.65 seconds

No solution candidates found (need more nonces)

═══ Batch 66/625: nonces 2080000-2111999 (32000 nonces) ═══

--- Mining batch: 32000 nonces (64000 hashes) starting at nonce 2080000 ---
  [DEBUG] idx=0 -> nonce g=2080000
  [DEBUG] idx=1 -> nonce g=2080000
  [DEBUG] idx=2 -> nonce g=2080001
  [DEBUG] idx=3 -> nonce g=2080001
  [DEBUG] idx=63998 -> nonce g=2111999
  [DEBUG] idx=63999 -> nonce g=2111999
  [DEBUG] First 10 hash bucket IDs: 142597 737786 226062 942990 186386 541641 13100 97758 960454 1039500 
  [DEBUG] First hash bytes: 22 d0 57 a5
Running GPU stages 1-7...
  Stage 1: 494 collisions in 484 buckets (max 3 per bucket)
  [DEBUG] First 5 non-empty buckets: bucket 65=1 colls, bucket 188=1 colls, bucket 201=1 colls, bucket 228=1 colls, bucket 330=1 colls, 
  [DEBUG] First collision attr=0x00000000 hash=00000000
  Stage 2: 5 collisions
  [DEBUG] Stage 2 first 10 bucket_counts: 0 0 0 0 0 0 0 0 0 0 
  Stage 3: 0 collisions
  Stage 4: 0 collisions
  Stage 5: 0 collisions
  Stage 6: 0 collisions
  Stage 7: 0 solution candidates
GPU mining complete: 0.68 seconds

No solution candidates found (need more nonces)

═══ Batch 67/625: nonces 2112000-2143999 (32000 nonces) ═══

--- Mining batch: 32000 nonces (64000 hashes) starting at nonce 2112000 ---
  [DEBUG] idx=0 -> nonce g=2112000
  [DEBUG] idx=1 -> nonce g=2112000
  [DEBUG] idx=2 -> nonce g=2112001
  [DEBUG] idx=3 -> nonce g=2112001
  [DEBUG] idx=63998 -> nonce g=2143999
  [DEBUG] idx=63999 -> nonce g=2143999
  [DEBUG] First 10 hash bucket IDs: 708697 1034736 798497 841175 347479 720786 764980 886696 732947 635190 
  [DEBUG] First hash bytes: ad 05 96 b7
Running GPU stages 1-7...
  Stage 1: 513 collisions in 499 buckets (max 3 per bucket)
  [DEBUG] First 5 non-empty buckets: bucket 52=1 colls, bucket 72=1 colls, bucket 103=1 colls, bucket 135=1 colls, bucket 187=1 colls, 
  [DEBUG] First collision attr=0x00000000 hash=00000000
  Stage 2: 8 collisions
  [DEBUG] Stage 2 first 10 bucket_counts: 0 0 0 0 0 0 0 0 0 0 
  Stage 3: 0 collisions
  Stage 4: 0 collisions
  Stage 5: 0 collisions
  Stage 6: 0 collisions
  Stage 7: 0 solution candidates
GPU mining complete: 0.65 seconds

No solution candidates found (need more nonces)

═══ Batch 68/625: nonces 2144000-2175999 (32000 nonces) ═══

--- Mining batch: 32000 nonces (64000 hashes) starting at nonce 2144000 ---
  [DEBUG] idx=0 -> nonce g=2144000
  [DEBUG] idx=1 -> nonce g=2144000
  [DEBUG] idx=2 -> nonce g=2144001
  [DEBUG] idx=3 -> nonce g=2144001
  [DEBUG] idx=63998 -> nonce g=2175999
  [DEBUG] idx=63999 -> nonce g=2175999
  [DEBUG] First 10 hash bucket IDs: 306268 711074 1020303 278021 759051 206628 742879 438113 990424 654310 
  [DEBUG] First hash bytes: 4a c5 c5 91
Running GPU stages 1-7...
  Stage 1: 478 collisions in 475 buckets (max 2 per bucket)
  [DEBUG] First 5 non-empty buckets: bucket 57=1 colls, bucket 146=1 colls, bucket 151=1 colls, bucket 159=1 colls, bucket 170=1 colls, 
  [DEBUG] First collision attr=0x00000000 hash=00000000
  Stage 2: 7 collisions
  [DEBUG] Stage 2 first 10 bucket_counts: 0 0 0 0 0 0 0 0 0 0 
  Stage 3: 0 collisions
  Stage 4: 0 collisions
  Stage 5: 0 collisions
  Stage 6: 0 collisions
  Stage 7: 0 solution candidates
GPU mining complete: 0.65 seconds

No solution candidates found (need more nonces)

═══ Batch 69/625: nonces 2176000-2207999 (32000 nonces) ═══

--- Mining batch: 32000 nonces (64000 hashes) starting at nonce 2176000 ---
  [DEBUG] idx=0 -> nonce g=2176000
  [DEBUG] idx=1 -> nonce g=2176000
  [DEBUG] idx=2 -> nonce g=2176001
  [DEBUG] idx=3 -> nonce g=2176001
  [DEBUG] idx=63998 -> nonce g=2207999
  [DEBUG] idx=63999 -> nonce g=2207999
  [DEBUG] First 10 hash bucket IDs: 211890 367150 368772 380302 754135 889077 336872 464771 1041055 495930 
  [DEBUG] First hash bytes: 33 bb 27 48
Running GPU stages 1-7...
  Stage 1: 526 collisions in 513 buckets (max 3 per bucket)
  [DEBUG] First 5 non-empty buckets: bucket 32=1 colls, bucket 42=1 colls, bucket 43=1 colls, bucket 69=1 colls, bucket 81=1 colls, 
  [DEBUG] First collision attr=0x00000000 hash=00000000
  Stage 2: 9 collisions
  [DEBUG] Stage 2 first 10 bucket_counts: 0 0 0 0 0 0 0 0 0 0 
  Stage 3: 0 collisions
  Stage 4: 0 collisions
  Stage 5: 0 collisions
  Stage 6: 0 collisions
  Stage 7: 0 solution candidates
GPU mining complete: 0.65 seconds

No solution candidates found (need more nonces)

═══ Batch 70/625: nonces 2208000-2239999 (32000 nonces) ═══

--- Mining batch: 32000 nonces (64000 hashes) starting at nonce 2208000 ---
  [DEBUG] idx=0 -> nonce g=2208000
  [DEBUG] idx=1 -> nonce g=2208000
  [DEBUG] idx=2 -> nonce g=2208001
  [DEBUG] idx=3 -> nonce g=2208001
  [DEBUG] idx=63998 -> nonce g=2239999
  [DEBUG] idx=63999 -> nonce g=2239999
  [DEBUG] First 10 hash bucket IDs: 371069 298158 367054 266445 890049 225091 521638 876259 67938 598480 
  [DEBUG] First hash bytes: 5a 97 df 05
Running GPU stages 1-7...
  Stage 1: 488 collisions in 470 buckets (max 3 per bucket)
  [DEBUG] First 5 non-empty buckets: bucket 2=1 colls, bucket 14=1 colls, bucket 39=1 colls, bucket 55=1 colls, bucket 67=1 colls, 
  [DEBUG] First collision attr=0x00000000 hash=00000000
  Stage 2: 10 collisions
  [DEBUG] Stage 2 first 10 bucket_counts: 0 0 0 0 0 0 0 0 0 0 
  Stage 3: 0 collisions
  Stage 4: 0 collisions
  Stage 5: 0 collisions
  Stage 6: 0 collisions
  Stage 7: 0 solution candidates
GPU mining complete: 0.64 seconds

No solution candidates found (need more nonces)

═══ Batch 71/625: nonces 2240000-2271999 (32000 nonces) ═══

--- Mining batch: 32000 nonces (64000 hashes) starting at nonce 2240000 ---
  [DEBUG] idx=0 -> nonce g=2240000
  [DEBUG] idx=1 -> nonce g=2240000
  [DEBUG] idx=2 -> nonce g=2240001
  [DEBUG] idx=3 -> nonce g=2240001
  [DEBUG] idx=63998 -> nonce g=2271999
  [DEBUG] idx=63999 -> nonce g=2271999
  [DEBUG] First 10 hash bucket IDs: 254204 155082 962663 533789 559963 235941 472606 7238 470160 460285 
  [DEBUG] First hash bytes: 3e 0f c1 1f
Running GPU stages 1-7...
  Stage 1: 483 collisions in 473 buckets (max 3 per bucket)
  [DEBUG] First 5 non-empty buckets: bucket 49=1 colls, bucket 76=1 colls, bucket 81=1 colls, bucket 100=1 colls, bucket 117=1 colls, 
  [DEBUG] First collision attr=0x00000000 hash=00000000
  Stage 2: 3 collisions
  [DEBUG] Stage 2 first 10 bucket_counts: 0 0 0 0 0 0 0 0 0 0 
  Stage 3: 0 collisions
  Stage 4: 0 collisions
  Stage 5: 0 collisions
  Stage 6: 0 collisions
  Stage 7: 0 solution candidates
GPU mining complete: 0.65 seconds

No solution candidates found (need more nonces)

═══ Batch 72/625: nonces 2272000-2303999 (32000 nonces) ═══

--- Mining batch: 32000 nonces (64000 hashes) starting at nonce 2272000 ---
  [DEBUG] idx=0 -> nonce g=2272000
  [DEBUG] idx=1 -> nonce g=2272000
  [DEBUG] idx=2 -> nonce g=2272001
  [DEBUG] idx=3 -> nonce g=2272001
  [DEBUG] idx=63998 -> nonce g=2303999
  [DEBUG] idx=63999 -> nonce g=2303999
  [DEBUG] First 10 hash bucket IDs: 498979 862823 888690 860710 291976 412984 447510 507253 641938 755236 
  [DEBUG] First hash bytes: 79 d2 3b 87
Running GPU stages 1-7...
  Stage 1: 488 collisions in 477 buckets (max 3 per bucket)
  [DEBUG] First 5 non-empty buckets: bucket 44=1 colls, bucket 176=1 colls, bucket 190=1 colls, bucket 207=1 colls, bucket 210=1 colls, 
  [DEBUG] First collision attr=0x00000000 hash=00000000
  Stage 2: 6 collisions
  [DEBUG] Stage 2 first 10 bucket_counts: 0 0 0 0 0 0 0 0 0 0 
  Stage 3: 0 collisions
  Stage 4: 0 collisions
  Stage 5: 0 collisions
  Stage 6: 0 collisions
  Stage 7: 0 solution candidates
GPU mining complete: 0.65 seconds

No solution candidates found (need more nonces)

═══ Batch 73/625: nonces 2304000-2335999 (32000 nonces) ═══

--- Mining batch: 32000 nonces (64000 hashes) starting at nonce 2304000 ---
  [DEBUG] idx=0 -> nonce g=2304000
  [DEBUG] idx=1 -> nonce g=2304000
  [DEBUG] idx=2 -> nonce g=2304001
  [DEBUG] idx=3 -> nonce g=2304001
  [DEBUG] idx=63998 -> nonce g=2335999
  [DEBUG] idx=63999 -> nonce g=2335999
  [DEBUG] First 10 hash bucket IDs: 429201 720047 1000921 270587 737228 321383 935835 986564 835788 787267 
  [DEBUG] First hash bytes: 68 c9 1e d9
Running GPU stages 1-7...
  Stage 1: 472 collisions in 469 buckets (max 2 per bucket)
  [DEBUG] First 5 non-empty buckets: bucket 9=1 colls, bucket 14=1 colls, bucket 53=1 colls, bucket 73=1 colls, bucket 96=1 colls, 
  [DEBUG] First collision attr=0x00000000 hash=00000000
  Stage 2: 8 collisions
  [DEBUG] Stage 2 first 10 bucket_counts: 0 0 0 0 0 0 0 0 0 0 
  Stage 3: 0 collisions
  Stage 4: 0 collisions
  Stage 5: 0 collisions
  Stage 6: 0 collisions
  Stage 7: 0 solution candidates
GPU mining complete: 0.65 seconds

No solution candidates found (need more nonces)

═══ Batch 74/625: nonces 2336000-2367999 (32000 nonces) ═══

--- Mining batch: 32000 nonces (64000 hashes) starting at nonce 2336000 ---
  [DEBUG] idx=0 -> nonce g=2336000
  [DEBUG] idx=1 -> nonce g=2336000
  [DEBUG] idx=2 -> nonce g=2336001
  [DEBUG] idx=3 -> nonce g=2336001
  [DEBUG] idx=63998 -> nonce g=2367999
  [DEBUG] idx=63999 -> nonce g=2367999
  [DEBUG] First 10 hash bucket IDs: 705559 1035558 915127 792926 406056 256495 608005 658710 161008 395196 
  [DEBUG] First hash bytes: ac 41 7d d1
Running GPU stages 1-7...
  Stage 1: 504 collisions in 491 buckets (max 3 per bucket)
  [DEBUG] First 5 non-empty buckets: bucket 16=1 colls, bucket 135=1 colls, bucket 221=1 colls, bucket 222=1 colls, bucket 342=1 colls, 
  [DEBUG] First collision attr=0x00000000 hash=00000000
  Stage 2: 9 collisions
  [DEBUG] Stage 2 first 10 bucket_counts: 0 0 0 0 0 0 0 0 0 0 
  Stage 3: 0 collisions
  Stage 4: 0 collisions
  Stage 5: 0 collisions
  Stage 6: 0 collisions
  Stage 7: 0 solution candidates
GPU mining complete: 0.65 seconds

No solution candidates found (need more nonces)

═══ Batch 75/625: nonces 2368000-2399999 (32000 nonces) ═══

--- Mining batch: 32000 nonces (64000 hashes) starting at nonce 2368000 ---
  [DEBUG] idx=0 -> nonce g=2368000
  [DEBUG] idx=1 -> nonce g=2368000
  [DEBUG] idx=2 -> nonce g=2368001
  [DEBUG] idx=3 -> nonce g=2368001
  [DEBUG] idx=63998 -> nonce g=2399999
  [DEBUG] idx=63999 -> nonce g=2399999
  [DEBUG] First 10 hash bucket IDs: 877104 477763 92284 479884 865435 627322 989829 251186 23669 740078 
  [DEBUG] First hash bytes: d6 23 09 52
Running GPU stages 1-7...
  Stage 1: 475 collisions in 460 buckets (max 3 per bucket)
  [DEBUG] First 5 non-empty buckets: bucket 102=1 colls, bucket 112=1 colls, bucket 293=1 colls, bucket 294=1 colls, bucket 335=2 colls, 
  [DEBUG] First collision attr=0x00000000 hash=00000000
  Stage 2: 4 collisions
  [DEBUG] Stage 2 first 10 bucket_counts: 0 0 0 0 0 0 0 0 0 0 
  Stage 3: 0 collisions
  Stage 4: 0 collisions
  Stage 5: 0 collisions
  Stage 6: 0 collisions
  Stage 7: 0 solution candidates
GPU mining complete: 0.66 seconds

No solution candidates found (need more nonces)

═══ Batch 76/625: nonces 2400000-2431999 (32000 nonces) ═══

--- Mining batch: 32000 nonces (64000 hashes) starting at nonce 2400000 ---
  [DEBUG] idx=0 -> nonce g=2400000
  [DEBUG] idx=1 -> nonce g=2400000
  [DEBUG] idx=2 -> nonce g=2400001
  [DEBUG] idx=3 -> nonce g=2400001
  [DEBUG] idx=63998 -> nonce g=2431999
  [DEBUG] idx=63999 -> nonce g=2431999
  [DEBUG] First 10 hash bucket IDs: 180500 966390 975702 421098 821639 44701 932990 92049 123033 762241 
  [DEBUG] First hash bytes: 2c 11 4a c2
Running GPU stages 1-7...
  Stage 1: 500 collisions in 487 buckets (max 3 per bucket)
  [DEBUG] First 5 non-empty buckets: bucket 9=1 colls, bucket 132=1 colls, bucket 206=1 colls, bucket 218=1 colls, bucket 329=1 colls, 
  [DEBUG] First collision attr=0x00000000 hash=00000000
  Stage 2: 8 collisions
  [DEBUG] Stage 2 first 10 bucket_counts: 0 0 0 0 0 0 0 0 0 0 
  Stage 3: 0 collisions
  Stage 4: 0 collisions
  Stage 5: 0 collisions
  Stage 6: 0 collisions
  Stage 7: 0 solution candidates
GPU mining complete: 0.66 seconds

No solution candidates found (need more nonces)

═══ Batch 77/625: nonces 2432000-2463999 (32000 nonces) ═══

--- Mining batch: 32000 nonces (64000 hashes) starting at nonce 2432000 ---
  [DEBUG] idx=0 -> nonce g=2432000
  [DEBUG] idx=1 -> nonce g=2432000
  [DEBUG] idx=2 -> nonce g=2432001
  [DEBUG] idx=3 -> nonce g=2432001
  [DEBUG] idx=63998 -> nonce g=2463999
  [DEBUG] idx=63999 -> nonce g=2463999
  [DEBUG] First 10 hash bucket IDs: 999749 906330 1025014 748675 713067 635732 875308 901482 123830 227326 
  [DEBUG] First hash bytes: f4 14 56 6c
Running GPU stages 1-7...
  Stage 1: 462 collisions in 448 buckets (max 3 per bucket)
  [DEBUG] First 5 non-empty buckets: bucket 14=1 colls, bucket 36=1 colls, bucket 107=1 colls, bucket 181=1 colls, bucket 301=1 colls, 
  [DEBUG] First collision attr=0x00000000 hash=00000000
  Stage 2: 9 collisions
  [DEBUG] Stage 2 first 10 bucket_counts: 0 0 0 0 0 0 0 0 0 0 
  Stage 3: 0 collisions
  Stage 4: 0 collisions
  Stage 5: 0 collisions
  Stage 6: 0 collisions
  Stage 7: 0 solution candidates
GPU mining complete: 0.64 seconds

No solution candidates found (need more nonces)

═══ Batch 78/625: nonces 2464000-2495999 (32000 nonces) ═══

--- Mining batch: 32000 nonces (64000 hashes) starting at nonce 2464000 ---
  [DEBUG] idx=0 -> nonce g=2464000
  [DEBUG] idx=1 -> nonce g=2464000
  [DEBUG] idx=2 -> nonce g=2464001
  [DEBUG] idx=3 -> nonce g=2464001
  [DEBUG] idx=63998 -> nonce g=2495999
  [DEBUG] idx=63999 -> nonce g=2495999
  [DEBUG] First 10 hash bucket IDs: 845686 506841 1018663 32517 545413 159223 691121 519659 794070 760372 
  [DEBUG] First hash bytes: ce 77 60 eb
Running GPU stages 1-7...
  Stage 1: 464 collisions in 454 buckets (max 3 per bucket)
  [DEBUG] First 5 non-empty buckets: bucket 15=1 colls, bucket 24=1 colls, bucket 164=1 colls, bucket 169=1 colls, bucket 255=1 colls, 
  [DEBUG] First collision attr=0x00000000 hash=00000000
  Stage 2: 9 collisions
  [DEBUG] Stage 2 first 10 bucket_counts: 0 0 0 0 0 0 0 0 0 0 
  Stage 3: 0 collisions
  Stage 4: 0 collisions
  Stage 5: 0 collisions
  Stage 6: 0 collisions
  Stage 7: 0 solution candidates
GPU mining complete: 0.65 seconds

No solution candidates found (need more nonces)

═══ Batch 79/625: nonces 2496000-2527999 (32000 nonces) ═══

--- Mining batch: 32000 nonces (64000 hashes) starting at nonce 2496000 ---
  [DEBUG] idx=0 -> nonce g=2496000
  [DEBUG] idx=1 -> nonce g=2496000
  [DEBUG] idx=2 -> nonce g=2496001
  [DEBUG] idx=3 -> nonce g=2496001
  [DEBUG] idx=63998 -> nonce g=2527999
  [DEBUG] idx=63999 -> nonce g=2527999
  [DEBUG] First 10 hash bucket IDs: 793004 104678 692609 317696 662088 587886 706747 831061 564449 141635 
  [DEBUG] First hash bytes: c1 9a c5 b6
Running GPU stages 1-7...
  Stage 1: 468 collisions in 453 buckets (max 3 per bucket)
  [DEBUG] First 5 non-empty buckets: bucket 27=1 colls, bucket 187=1 colls, bucket 210=1 colls, bucket 242=1 colls, bucket 258=1 colls, 
  [DEBUG] First collision attr=0x00000000 hash=00000000
  Stage 2: 7 collisions
  [DEBUG] Stage 2 first 10 bucket_counts: 0 0 0 0 0 0 0 0 0 0 
  Stage 3: 0 collisions
  Stage 4: 0 collisions
  Stage 5: 0 collisions
  Stage 6: 0 collisions
  Stage 7: 0 solution candidates
GPU mining complete: 0.65 seconds

No solution candidates found (need more nonces)

═══ Batch 80/625: nonces 2528000-2559999 (32000 nonces) ═══

--- Mining batch: 32000 nonces (64000 hashes) starting at nonce 2528000 ---
  [DEBUG] idx=0 -> nonce g=2528000
  [DEBUG] idx=1 -> nonce g=2528000
  [DEBUG] idx=2 -> nonce g=2528001
  [DEBUG] idx=3 -> nonce g=2528001
  [DEBUG] idx=63998 -> nonce g=2559999
  [DEBUG] idx=63999 -> nonce g=2559999
  [DEBUG] First 10 hash bucket IDs: 849223 245636 984809 790422 29936 147031 532297 481128 787422 161402 
  [DEBUG] First hash bytes: cf 54 70 ef
Running GPU stages 1-7...
  Stage 1: 495 collisions in 481 buckets (max 3 per bucket)
  [DEBUG] First 5 non-empty buckets: bucket 11=1 colls, bucket 62=1 colls, bucket 65=1 colls, bucket 66=1 colls, bucket 160=1 colls, 
  [DEBUG] First collision attr=0x00000000 hash=00000000
  Stage 2: 11 collisions
  [DEBUG] Stage 2 first 10 bucket_counts: 0 0 0 0 0 0 0 0 0 0 
  Stage 3: 0 collisions
  Stage 4: 0 collisions
  Stage 5: 0 collisions
  Stage 6: 0 collisions
  Stage 7: 0 solution candidates
GPU mining complete: 0.65 seconds

No solution candidates found (need more nonces)

═══ Batch 81/625: nonces 2560000-2591999 (32000 nonces) ═══

--- Mining batch: 32000 nonces (64000 hashes) starting at nonce 2560000 ---
  [DEBUG] idx=0 -> nonce g=2560000
  [DEBUG] idx=1 -> nonce g=2560000
  [DEBUG] idx=2 -> nonce g=2560001
  [DEBUG] idx=3 -> nonce g=2560001
  [DEBUG] idx=63998 -> nonce g=2591999
  [DEBUG] idx=63999 -> nonce g=2591999
  [DEBUG] First 10 hash bucket IDs: 732786 78794 827079 73831 287582 223650 989979 933781 425058 634166 
  [DEBUG] First hash bytes: b2 e7 2b d7
Running GPU stages 1-7...
  Stage 1: 489 collisions in 479 buckets (max 2 per bucket)
  [DEBUG] First 5 non-empty buckets: bucket 14=1 colls, bucket 29=1 colls, bucket 100=1 colls, bucket 118=1 colls, bucket 139=1 colls, 
  [DEBUG] First collision attr=0x00000000 hash=00000000
  Stage 2: 9 collisions
  [DEBUG] Stage 2 first 10 bucket_counts: 0 0 0 0 0 0 0 0 0 0 
  Stage 3: 0 collisions
  Stage 4: 0 collisions
  Stage 5: 0 collisions
  Stage 6: 0 collisions
  Stage 7: 0 solution candidates
GPU mining complete: 0.65 seconds

No solution candidates found (need more nonces)

═══ Batch 82/625: nonces 2592000-2623999 (32000 nonces) ═══

--- Mining batch: 32000 nonces (64000 hashes) starting at nonce 2592000 ---
  [DEBUG] idx=0 -> nonce g=2592000
  [DEBUG] idx=1 -> nonce g=2592000
  [DEBUG] idx=2 -> nonce g=2592001
  [DEBUG] idx=3 -> nonce g=2592001
  [DEBUG] idx=63998 -> nonce g=2623999
  [DEBUG] idx=63999 -> nonce g=2623999
  [DEBUG] First 10 hash bucket IDs: 1033145 848014 796978 20822 226180 517983 271446 461800 322221 190808 
  [DEBUG] First hash bytes: fc 3b 9f 4e
Running GPU stages 1-7...
  Stage 1: 520 collisions in 511 buckets (max 3 per bucket)
  [DEBUG] First 5 non-empty buckets: bucket 118=1 colls, bucket 129=1 colls, bucket 169=1 colls, bucket 269=1 colls, bucket 283=1 colls, 
  [DEBUG] First collision attr=0x00000000 hash=00000000
  Stage 2: 9 collisions
  [DEBUG] Stage 2 first 10 bucket_counts: 0 0 0 0 0 0 0 0 0 0 
  Stage 3: 0 collisions
  Stage 4: 0 collisions
  Stage 5: 0 collisions
  Stage 6: 0 collisions
  Stage 7: 0 solution candidates
GPU mining complete: 0.65 seconds

No solution candidates found (need more nonces)

═══ Batch 83/625: nonces 2624000-2655999 (32000 nonces) ═══

--- Mining batch: 32000 nonces (64000 hashes) starting at nonce 2624000 ---
  [DEBUG] idx=0 -> nonce g=2624000
  [DEBUG] idx=1 -> nonce g=2624000
  [DEBUG] idx=2 -> nonce g=2624001
  [DEBUG] idx=3 -> nonce g=2624001
  [DEBUG] idx=63998 -> nonce g=2655999
  [DEBUG] idx=63999 -> nonce g=2655999
  [DEBUG] First 10 hash bucket IDs: 820391 177447 787402 175767 493184 698611 671850 347293 622060 742904 
  [DEBUG] First hash bytes: c8 4a 7f 16
Running GPU stages 1-7...
  Stage 1: 482 collisions in 472 buckets (max 3 per bucket)
  [DEBUG] First 5 non-empty buckets: bucket 16=1 colls, bucket 54=1 colls, bucket 65=1 colls, bucket 81=1 colls, bucket 111=1 colls, 
  [DEBUG] First collision attr=0x00000000 hash=00000000
  Stage 2: 10 collisions
  [DEBUG] Stage 2 first 10 bucket_counts: 0 0 0 0 0 0 0 0 0 0 
  Stage 3: 0 collisions
  Stage 4: 0 collisions
  Stage 5: 0 collisions
  Stage 6: 0 collisions
  Stage 7: 0 solution candidates
GPU mining complete: 0.66 seconds

No solution candidates found (need more nonces)

═══ Batch 84/625: nonces 2656000-2687999 (32000 nonces) ═══

--- Mining batch: 32000 nonces (64000 hashes) starting at nonce 2656000 ---
  [DEBUG] idx=0 -> nonce g=2656000
  [DEBUG] idx=1 -> nonce g=2656000
  [DEBUG] idx=2 -> nonce g=2656001
  [DEBUG] idx=3 -> nonce g=2656001
  [DEBUG] idx=63998 -> nonce g=2687999
  [DEBUG] idx=63999 -> nonce g=2687999
  [DEBUG] First 10 hash bucket IDs: 243850 771890 730070 876701 680885 945173 506106 137363 549727 197225 
  [DEBUG] First hash bytes: 3b 88 a0 97
Running GPU stages 1-7...
  Stage 1: 480 collisions in 465 buckets (max 4 per bucket)
  [DEBUG] First 5 non-empty buckets: bucket 49=1 colls, bucket 60=1 colls, bucket 64=2 colls, bucket 79=2 colls, bucket 224=1 colls, 
  [DEBUG] First collision attr=0x00000000 hash=00000000
  Stage 2: 13 collisions
  [DEBUG] Stage 2 first 10 bucket_counts: 0 0 0 0 0 0 0 0 0 0 
  Stage 3: 0 collisions
  Stage 4: 0 collisions
  Stage 5: 0 collisions
  Stage 6: 0 collisions
  Stage 7: 0 solution candidates
GPU mining complete: 0.65 seconds

No solution candidates found (need more nonces)

═══ Batch 85/625: nonces 2688000-2719999 (32000 nonces) ═══

--- Mining batch: 32000 nonces (64000 hashes) starting at nonce 2688000 ---
  [DEBUG] idx=0 -> nonce g=2688000
  [DEBUG] idx=1 -> nonce g=2688000
  [DEBUG] idx=2 -> nonce g=2688001
  [DEBUG] idx=3 -> nonce g=2688001
  [DEBUG] idx=63998 -> nonce g=2719999
  [DEBUG] idx=63999 -> nonce g=2719999
  [DEBUG] First 10 hash bucket IDs: 790903 1039334 6769 224187 563189 765524 89530 83704 531832 579756 
  [DEBUG] First hash bytes: c1 17 71 35
Running GPU stages 1-7...
  Stage 1: 484 collisions in 475 buckets (max 3 per bucket)
  [DEBUG] First 5 non-empty buckets: bucket 19=1 colls, bucket 21=1 colls, bucket 33=1 colls, bucket 47=1 colls, bucket 93=1 colls, 
  [DEBUG] First collision attr=0x00000000 hash=00000000
  Stage 2: 13 collisions
  [DEBUG] Stage 2 first 10 bucket_counts: 0 0 0 0 0 0 0 0 0 0 
  Stage 3: 0 collisions
  Stage 4: 0 collisions
  Stage 5: 0 collisions
  Stage 6: 0 collisions
  Stage 7: 0 solution candidates
GPU mining complete: 0.65 seconds

No solution candidates found (need more nonces)

═══ Batch 86/625: nonces 2720000-2751999 (32000 nonces) ═══

--- Mining batch: 32000 nonces (64000 hashes) starting at nonce 2720000 ---
  [DEBUG] idx=0 -> nonce g=2720000
  [DEBUG] idx=1 -> nonce g=2720000
  [DEBUG] idx=2 -> nonce g=2720001
  [DEBUG] idx=3 -> nonce g=2720001
  [DEBUG] idx=63998 -> nonce g=2751999
  [DEBUG] idx=63999 -> nonce g=2751999
  [DEBUG] First 10 hash bucket IDs: 350556 928497 400094 689360 861959 249413 822319 146971 631595 575953 
  [DEBUG] First hash bytes: 55 95 c9 21
Running GPU stages 1-7...
  Stage 1: 515 collisions in 498 buckets (max 3 per bucket)
  [DEBUG] First 5 non-empty buckets: bucket 9=1 colls, bucket 22=1 colls, bucket 35=1 colls, bucket 52=1 colls, bucket 61=1 colls, 
  [DEBUG] First collision attr=0x00000000 hash=00000000
  Stage 2: 8 collisions
  [DEBUG] Stage 2 first 10 bucket_counts: 0 0 0 0 0 0 0 0 0 0 
  Stage 3: 0 collisions
  Stage 4: 0 collisions
  Stage 5: 0 collisions
  Stage 6: 0 collisions
  Stage 7: 0 solution candidates
GPU mining complete: 0.66 seconds

No solution candidates found (need more nonces)

═══ Batch 87/625: nonces 2752000-2783999 (32000 nonces) ═══

--- Mining batch: 32000 nonces (64000 hashes) starting at nonce 2752000 ---
  [DEBUG] idx=0 -> nonce g=2752000
  [DEBUG] idx=1 -> nonce g=2752000
  [DEBUG] idx=2 -> nonce g=2752001
  [DEBUG] idx=3 -> nonce g=2752001
  [DEBUG] idx=63998 -> nonce g=2783999
  [DEBUG] idx=63999 -> nonce g=2783999
  [DEBUG] First 10 hash bucket IDs: 372683 737206 605306 876926 831946 302239 997763 982606 133128 533039 
  [DEBUG] First hash bytes: 5a fc ba f4
Running GPU stages 1-7...
  Stage 1: 478 collisions in 468 buckets (max 3 per bucket)
  [DEBUG] First 5 non-empty buckets: bucket 66=1 colls, bucket 93=1 colls, bucket 94=1 colls, bucket 105=1 colls, bucket 119=1 colls, 
  [DEBUG] First collision attr=0x00000000 hash=00000000
  Stage 2: 9 collisions
  [DEBUG] Stage 2 first 10 bucket_counts: 0 0 0 0 0 0 0 0 0 0 
  Stage 3: 0 collisions
  Stage 4: 0 collisions
  Stage 5: 0 collisions
  Stage 6: 0 collisions
  Stage 7: 0 solution candidates
GPU mining complete: 0.66 seconds

No solution candidates found (need more nonces)

═══ Batch 88/625: nonces 2784000-2815999 (32000 nonces) ═══

--- Mining batch: 32000 nonces (64000 hashes) starting at nonce 2784000 ---
  [DEBUG] idx=0 -> nonce g=2784000
  [DEBUG] idx=1 -> nonce g=2784000
  [DEBUG] idx=2 -> nonce g=2784001
  [DEBUG] idx=3 -> nonce g=2784001
  [DEBUG] idx=63998 -> nonce g=2815999
  [DEBUG] idx=63999 -> nonce g=2815999
  [DEBUG] First 10 hash bucket IDs: 1002444 58706 127736 231114 824825 184340 66673 708443 1037962 981124 
  [DEBUG] First hash bytes: f4 bc cd 09
Running GPU stages 1-7...
  Stage 1: 503 collisions in 489 buckets (max 3 per bucket)
  [DEBUG] First 5 non-empty buckets: bucket 12=1 colls, bucket 14=1 colls, bucket 44=1 colls, bucket 84=1 colls, bucket 85=1 colls, 
  [DEBUG] First collision attr=0x00000000 hash=00000000
  Stage 2: 5 collisions
  [DEBUG] Stage 2 first 10 bucket_counts: 0 0 0 0 0 0 0 0 0 0 
  Stage 3: 0 collisions
  Stage 4: 0 collisions
  Stage 5: 0 collisions
  Stage 6: 0 collisions
  Stage 7: 0 solution candidates
GPU mining complete: 0.68 seconds

No solution candidates found (need more nonces)

═══ Batch 89/625: nonces 2816000-2847999 (32000 nonces) ═══

--- Mining batch: 32000 nonces (64000 hashes) starting at nonce 2816000 ---
  [DEBUG] idx=0 -> nonce g=2816000
  [DEBUG] idx=1 -> nonce g=2816000
  [DEBUG] idx=2 -> nonce g=2816001
  [DEBUG] idx=3 -> nonce g=2816001
  [DEBUG] idx=63998 -> nonce g=2847999
  [DEBUG] idx=63999 -> nonce g=2847999
  [DEBUG] First 10 hash bucket IDs: 275960 644493 383354 116141 10217 531098 1030194 132686 119496 862864 
  [DEBUG] First hash bytes: 43 5f 8e e1
Running GPU stages 1-7...
  Stage 1: 472 collisions in 462 buckets (max 2 per bucket)
  [DEBUG] First 5 non-empty buckets: bucket 16=1 colls, bucket 65=1 colls, bucket 118=1 colls, bucket 162=1 colls, bucket 242=1 colls, 
  [DEBUG] First collision attr=0x00000000 hash=00000000
  Stage 2: 7 collisions
  [DEBUG] Stage 2 first 10 bucket_counts: 0 0 0 0 0 0 0 0 0 0 
  Stage 3: 0 collisions
  Stage 4: 0 collisions
  Stage 5: 0 collisions
  Stage 6: 0 collisions
  Stage 7: 0 solution candidates
GPU mining complete: 0.66 seconds

No solution candidates found (need more nonces)

═══ Batch 90/625: nonces 2848000-2879999 (32000 nonces) ═══

--- Mining batch: 32000 nonces (64000 hashes) starting at nonce 2848000 ---
  [DEBUG] idx=0 -> nonce g=2848000
  [DEBUG] idx=1 -> nonce g=2848000
  [DEBUG] idx=2 -> nonce g=2848001
  [DEBUG] idx=3 -> nonce g=2848001
  [DEBUG] idx=63998 -> nonce g=2879999
  [DEBUG] idx=63999 -> nonce g=2879999
  [DEBUG] First 10 hash bucket IDs: 324912 938978 650340 62475 611286 972139 533903 794043 1040937 355952 
  [DEBUG] First hash bytes: 4f 53 0d 7c
Running GPU stages 1-7...
  Stage 1: 471 collisions in 464 buckets (max 3 per bucket)
  [DEBUG] First 5 non-empty buckets: bucket 2=1 colls, bucket 5=1 colls, bucket 31=1 colls, bucket 41=1 colls, bucket 112=1 colls, 
  [DEBUG] First collision attr=0x00000000 hash=00000000
  Stage 2: 4 collisions
  [DEBUG] Stage 2 first 10 bucket_counts: 0 0 0 0 0 0 0 0 0 0 
  Stage 3: 0 collisions
  Stage 4: 0 collisions
  Stage 5: 0 collisions
  Stage 6: 0 collisions
  Stage 7: 0 solution candidates
GPU mining complete: 0.66 seconds

No solution candidates found (need more nonces)

═══ Batch 91/625: nonces 2880000-2911999 (32000 nonces) ═══

--- Mining batch: 32000 nonces (64000 hashes) starting at nonce 2880000 ---
  [DEBUG] idx=0 -> nonce g=2880000
  [DEBUG] idx=1 -> nonce g=2880000
  [DEBUG] idx=2 -> nonce g=2880001
  [DEBUG] idx=3 -> nonce g=2880001
  [DEBUG] idx=63998 -> nonce g=2911999
  [DEBUG] idx=63999 -> nonce g=2911999
  [DEBUG] First 10 hash bucket IDs: 983684 894201 1000548 820950 989756 1014612 328491 738319 257024 205752 
  [DEBUG] First hash bytes: f0 28 4f 74
Running GPU stages 1-7...
  Stage 1: 442 collisions in 437 buckets (max 3 per bucket)
  [DEBUG] First 5 non-empty buckets: bucket 49=1 colls, bucket 67=1 colls, bucket 105=1 colls, bucket 142=1 colls, bucket 164=1 colls, 
  [DEBUG] First collision attr=0x00000000 hash=00000000
  Stage 2: 3 collisions
  [DEBUG] Stage 2 first 10 bucket_counts: 0 0 0 0 0 0 0 0 0 0 
  Stage 3: 0 collisions
  Stage 4: 0 collisions
  Stage 5: 0 collisions
  Stage 6: 0 collisions
  Stage 7: 0 solution candidates
GPU mining complete: 0.62 seconds

No solution candidates found (need more nonces)

═══ Batch 92/625: nonces 2912000-2943999 (32000 nonces) ═══

--- Mining batch: 32000 nonces (64000 hashes) starting at nonce 2912000 ---
  [DEBUG] idx=0 -> nonce g=2912000
  [DEBUG] idx=1 -> nonce g=2912000
  [DEBUG] idx=2 -> nonce g=2912001
  [DEBUG] idx=3 -> nonce g=2912001
  [DEBUG] idx=63998 -> nonce g=2943999
  [DEBUG] idx=63999 -> nonce g=2943999
  [DEBUG] First 10 hash bucket IDs: 812667 1029184 237380 788369 614320 641266 30781 872448 249829 949246 
  [DEBUG] First hash bytes: c6 67 b8 88
Running GPU stages 1-7...
  Stage 1: 482 collisions in 473 buckets (max 3 per bucket)
  [DEBUG] First 5 non-empty buckets: bucket 82=1 colls, bucket 105=1 colls, bucket 112=1 colls, bucket 129=1 colls, bucket 203=1 colls, 
  [DEBUG] First collision attr=0x00000000 hash=00000000
  Stage 2: 6 collisions
  [DEBUG] Stage 2 first 10 bucket_counts: 0 0 0 0 0 0 0 0 0 0 
  Stage 3: 0 collisions
  Stage 4: 0 collisions
  Stage 5: 0 collisions
  Stage 6: 0 collisions
  Stage 7: 0 solution candidates
GPU mining complete: 0.65 seconds

No solution candidates found (need more nonces)

═══ Batch 93/625: nonces 2944000-2975999 (32000 nonces) ═══

--- Mining batch: 32000 nonces (64000 hashes) starting at nonce 2944000 ---
  [DEBUG] idx=0 -> nonce g=2944000
  [DEBUG] idx=1 -> nonce g=2944000
  [DEBUG] idx=2 -> nonce g=2944001
  [DEBUG] idx=3 -> nonce g=2944001
  [DEBUG] idx=63998 -> nonce g=2975999
  [DEBUG] idx=63999 -> nonce g=2975999
  [DEBUG] First 10 hash bucket IDs: 791202 603284 662958 6199 1031137 362924 118990 822424 403928 423472 
  [DEBUG] First hash bytes: c1 2a 20 84
Running GPU stages 1-7...
  Stage 1: 480 collisions in 458 buckets (max 4 per bucket)
  [DEBUG] First 5 non-empty buckets: bucket 10=1 colls, bucket 61=1 colls, bucket 64=1 colls, bucket 90=1 colls, bucket 112=1 colls, 
  [DEBUG] First collision attr=0x00000000 hash=00000000
  Stage 2: 7 collisions
  [DEBUG] Stage 2 first 10 bucket_counts: 0 0 0 0 0 0 0 0 0 0 
  Stage 3: 0 collisions
  Stage 4: 0 collisions
  Stage 5: 0 collisions
  Stage 6: 0 collisions
  Stage 7: 0 solution candidates
GPU mining complete: 0.65 seconds

No solution candidates found (need more nonces)

═══ Batch 94/625: nonces 2976000-3007999 (32000 nonces) ═══

--- Mining batch: 32000 nonces (64000 hashes) starting at nonce 2976000 ---
  [DEBUG] idx=0 -> nonce g=2976000
  [DEBUG] idx=1 -> nonce g=2976000
  [DEBUG] idx=2 -> nonce g=2976001
  [DEBUG] idx=3 -> nonce g=2976001
  [DEBUG] idx=63998 -> nonce g=3007999
  [DEBUG] idx=63999 -> nonce g=3007999
  [DEBUG] First 10 hash bucket IDs: 724118 282997 993380 221598 1047950 616681 451063 211041 400012 679059 
  [DEBUG] First hash bytes: b0 c9 63 6f
Running GPU stages 1-7...
  Stage 1: 521 collisions in 508 buckets (max 3 per bucket)
  [DEBUG] First 5 non-empty buckets: bucket 10=1 colls, bucket 14=1 colls, bucket 54=1 colls, bucket 70=1 colls, bucket 87=1 colls, 
  [DEBUG] First collision attr=0x00000000 hash=00000000
  Stage 2: 5 collisions
  [DEBUG] Stage 2 first 10 bucket_counts: 0 0 0 0 0 0 0 0 0 0 
  Stage 3: 0 collisions
  Stage 4: 0 collisions
  Stage 5: 0 collisions
  Stage 6: 0 collisions
  Stage 7: 0 solution candidates
GPU mining complete: 0.65 seconds

No solution candidates found (need more nonces)

═══ Batch 95/625: nonces 3008000-3039999 (32000 nonces) ═══

--- Mining batch: 32000 nonces (64000 hashes) starting at nonce 3008000 ---
  [DEBUG] idx=0 -> nonce g=3008000
  [DEBUG] idx=1 -> nonce g=3008000
  [DEBUG] idx=2 -> nonce g=3008001
  [DEBUG] idx=3 -> nonce g=3008001
  [DEBUG] idx=63998 -> nonce g=3039999
  [DEBUG] idx=63999 -> nonce g=3039999
  [DEBUG] First 10 hash bucket IDs: 208575 439232 976203 145600 322095 164261 412943 567789 159876 34729 
  [DEBUG] First hash bytes: 32 eb fe aa
Running GPU stages 1-7...
  Stage 1: 469 collisions in 462 buckets (max 2 per bucket)
  [DEBUG] First 5 non-empty buckets: bucket 60=1 colls, bucket 62=1 colls, bucket 65=1 colls, bucket 69=1 colls, bucket 136=1 colls, 
  [DEBUG] First collision attr=0x00000000 hash=00000000
  Stage 2: 3 collisions
  [DEBUG] Stage 2 first 10 bucket_counts: 0 0 0 0 0 0 0 0 0 0 
  Stage 3: 0 collisions
  Stage 4: 0 collisions
  Stage 5: 0 collisions
  Stage 6: 0 collisions
  Stage 7: 0 solution candidates
GPU mining complete: 0.65 seconds

No solution candidates found (need more nonces)

═══ Batch 96/625: nonces 3040000-3071999 (32000 nonces) ═══

--- Mining batch: 32000 nonces (64000 hashes) starting at nonce 3040000 ---
  [DEBUG] idx=0 -> nonce g=3040000
  [DEBUG] idx=1 -> nonce g=3040000
  [DEBUG] idx=2 -> nonce g=3040001
  [DEBUG] idx=3 -> nonce g=3040001
  [DEBUG] idx=63998 -> nonce g=3071999
  [DEBUG] idx=63999 -> nonce g=3071999
  [DEBUG] First 10 hash bucket IDs: 172448 154692 84366 121875 74799 542301 948533 777021 78833 597127 
  [DEBUG] First hash bytes: 2a 1a 0d 15
Running GPU stages 1-7...
  Stage 1: 493 collisions in 486 buckets (max 3 per bucket)
  [DEBUG] First 5 non-empty buckets: bucket 11=1 colls, bucket 24=1 colls, bucket 36=1 colls, bucket 111=1 colls, bucket 169=1 colls, 
  [DEBUG] First collision attr=0x00000000 hash=00000000
  Stage 2: 9 collisions
  [DEBUG] Stage 2 first 10 bucket_counts: 0 0 0 0 0 0 0 0 0 0 
  Stage 3: 0 collisions
  Stage 4: 0 collisions
  Stage 5: 0 collisions
  Stage 6: 0 collisions
  Stage 7: 0 solution candidates
GPU mining complete: 0.67 seconds

No solution candidates found (need more nonces)

═══ Batch 97/625: nonces 3072000-3103999 (32000 nonces) ═══

--- Mining batch: 32000 nonces (64000 hashes) starting at nonce 3072000 ---
  [DEBUG] idx=0 -> nonce g=3072000
  [DEBUG] idx=1 -> nonce g=3072000
  [DEBUG] idx=2 -> nonce g=3072001
  [DEBUG] idx=3 -> nonce g=3072001
  [DEBUG] idx=63998 -> nonce g=3103999
  [DEBUG] idx=63999 -> nonce g=3103999
  [DEBUG] First 10 hash bucket IDs: 161565 310418 970754 970520 637722 318618 229187 467523 369089 538382 
  [DEBUG] First hash bytes: 27 71 da 6f
Running GPU stages 1-7...
  Stage 1: 511 collisions in 495 buckets (max 3 per bucket)
  [DEBUG] First 5 non-empty buckets: bucket 10=1 colls, bucket 61=1 colls, bucket 105=1 colls, bucket 120=1 colls, bucket 174=1 colls, 
  [DEBUG] First collision attr=0x00000000 hash=00000000
  Stage 2: 8 collisions
  [DEBUG] Stage 2 first 10 bucket_counts: 0 0 0 0 0 0 0 0 0 0 
  Stage 3: 0 collisions
  Stage 4: 0 collisions
  Stage 5: 0 collisions
  Stage 6: 0 collisions
  Stage 7: 0 solution candidates
GPU mining complete: 0.65 seconds

No solution candidates found (need more nonces)

═══ Batch 98/625: nonces 3104000-3135999 (32000 nonces) ═══

--- Mining batch: 32000 nonces (64000 hashes) starting at nonce 3104000 ---
  [DEBUG] idx=0 -> nonce g=3104000
  [DEBUG] idx=1 -> nonce g=3104000
  [DEBUG] idx=2 -> nonce g=3104001
  [DEBUG] idx=3 -> nonce g=3104001
  [DEBUG] idx=63998 -> nonce g=3135999
  [DEBUG] idx=63999 -> nonce g=3135999
  [DEBUG] First 10 hash bucket IDs: 983183 877000 533811 18565 90944 350682 361145 616813 271886 71885 
  [DEBUG] First hash bytes: f0 08 f7 bc
Running GPU stages 1-7...
  Stage 1: 512 collisions in 496 buckets (max 3 per bucket)
  [DEBUG] First 5 non-empty buckets: bucket 1=1 colls, bucket 28=1 colls, bucket 44=1 colls, bucket 160=1 colls, bucket 239=1 colls, 
  [DEBUG] First collision attr=0x00000000 hash=00000000
  Stage 2: 4 collisions
  [DEBUG] Stage 2 first 10 bucket_counts: 0 0 0 0 0 0 0 0 0 0 
  Stage 3: 0 collisions
  Stage 4: 0 collisions
  Stage 5: 0 collisions
  Stage 6: 0 collisions
  Stage 7: 0 solution candidates
GPU mining complete: 0.68 seconds

No solution candidates found (need more nonces)

═══ Batch 99/625: nonces 3136000-3167999 (32000 nonces) ═══

--- Mining batch: 32000 nonces (64000 hashes) starting at nonce 3136000 ---
  [DEBUG] idx=0 -> nonce g=3136000
  [DEBUG] idx=1 -> nonce g=3136000
  [DEBUG] idx=2 -> nonce g=3136001
  [DEBUG] idx=3 -> nonce g=3136001
  [DEBUG] idx=63998 -> nonce g=3167999
  [DEBUG] idx=63999 -> nonce g=3167999
  [DEBUG] First 10 hash bucket IDs: 842749 142252 1540 531002 720102 951260 698961 1031296 465607 925329 
  [DEBUG] First hash bytes: cd bf df d8
Running GPU stages 1-7...
  Stage 1: 474 collisions in 453 buckets (max 4 per bucket)
  [DEBUG] First 5 non-empty buckets: bucket 48=1 colls, bucket 67=1 colls, bucket 83=1 colls, bucket 108=1 colls, bucket 130=1 colls, 
  [DEBUG] First collision attr=0x00000000 hash=00000000
  Stage 2: 11 collisions
  [DEBUG] Stage 2 first 10 bucket_counts: 0 0 0 0 0 0 0 0 0 0 
  Stage 3: 0 collisions
  Stage 4: 0 collisions
  Stage 5: 0 collisions
  Stage 6: 0 collisions
  Stage 7: 0 solution candidates
GPU mining complete: 0.64 seconds

No solution candidates found (need more nonces)

═══ Batch 100/625: nonces 3168000-3199999 (32000 nonces) ═══

--- Mining batch: 32000 nonces (64000 hashes) starting at nonce 3168000 ---
  [DEBUG] idx=0 -> nonce g=3168000
  [DEBUG] idx=1 -> nonce g=3168000
  [DEBUG] idx=2 -> nonce g=3168001
  [DEBUG] idx=3 -> nonce g=3168001
  [DEBUG] idx=63998 -> nonce g=3199999
  [DEBUG] idx=63999 -> nonce g=3199999
  [DEBUG] First 10 hash bucket IDs: 1024888 191430 772416 783196 866587 218508 406732 501108 361115 938339 
  [DEBUG] First hash bytes: fa 37 83 df
Running GPU stages 1-7...
  Stage 1: 449 collisions in 438 buckets (max 3 per bucket)
  [DEBUG] First 5 non-empty buckets: bucket 12=1 colls, bucket 40=1 colls, bucket 80=1 colls, bucket 121=1 colls, bucket 124=1 colls, 
  [DEBUG] First collision attr=0x00000000 hash=00000000
  Stage 2: 9 collisions
  [DEBUG] Stage 2 first 10 bucket_counts: 0 0 0 0 0 0 0 0 0 0 
  Stage 3: 0 collisions
  Stage 4: 0 collisions
  Stage 5: 0 collisions
  Stage 6: 0 collisions
  Stage 7: 0 solution candidates
GPU mining complete: 0.66 seconds

No solution candidates found (need more nonces)

═══ Batch 101/625: nonces 3200000-3231999 (32000 nonces) ═══

--- Mining batch: 32000 nonces (64000 hashes) starting at nonce 3200000 ---
  [DEBUG] idx=0 -> nonce g=3200000
  [DEBUG] idx=1 -> nonce g=3200000
  [DEBUG] idx=2 -> nonce g=3200001
  [DEBUG] idx=3 -> nonce g=3200001
  [DEBUG] idx=63998 -> nonce g=3231999
  [DEBUG] idx=63999 -> nonce g=3231999
  [DEBUG] First 10 hash bucket IDs: 431841 693656 765665 293133 1029008 374265 644566 282136 118849 1006526 
  [DEBUG] First hash bytes: 69 6e 1e dd
Running GPU stages 1-7...
  Stage 1: 506 collisions in 494 buckets (max 3 per bucket)
  [DEBUG] First 5 non-empty buckets: bucket 25=1 colls, bucket 59=1 colls, bucket 109=1 colls, bucket 144=1 colls, bucket 161=1 colls, 
  [DEBUG] First collision attr=0x00000000 hash=00000000
  Stage 2: 5 collisions
  [DEBUG] Stage 2 first 10 bucket_counts: 0 0 0 0 0 0 0 0 0 0 
  Stage 3: 0 collisions
  Stage 4: 0 collisions
  Stage 5: 0 collisions
  Stage 6: 0 collisions
  Stage 7: 0 solution candidates
GPU mining complete: 0.65 seconds

No solution candidates found (need more nonces)

═══ Batch 102/625: nonces 3232000-3263999 (32000 nonces) ═══

--- Mining batch: 32000 nonces (64000 hashes) starting at nonce 3232000 ---
  [DEBUG] idx=0 -> nonce g=3232000
  [DEBUG] idx=1 -> nonce g=3232000
  [DEBUG] idx=2 -> nonce g=3232001
  [DEBUG] idx=3 -> nonce g=3232001
  [DEBUG] idx=63998 -> nonce g=3263999
  [DEBUG] idx=63999 -> nonce g=3263999
  [DEBUG] First 10 hash bucket IDs: 435992 758957 90141 35311 1038223 356806 697519 186942 706707 255709 
  [DEBUG] First hash bytes: 6a 71 80 4c
Running GPU stages 1-7...
  Stage 1: 465 collisions in 456 buckets (max 3 per bucket)
  [DEBUG] First 5 non-empty buckets: bucket 31=1 colls, bucket 53=1 colls, bucket 69=1 colls, bucket 89=1 colls, bucket 97=1 colls, 
  [DEBUG] First collision attr=0x00000000 hash=00000000
  Stage 2: 5 collisions
  [DEBUG] Stage 2 first 10 bucket_counts: 0 0 0 0 0 0 0 0 0 0 
  Stage 3: 0 collisions
  Stage 4: 0 collisions
  Stage 5: 0 collisions
  Stage 6: 0 collisions
  Stage 7: 0 solution candidates
GPU mining complete: 0.65 seconds

No solution candidates found (need more nonces)

═══ Batch 103/625: nonces 3264000-3295999 (32000 nonces) ═══

--- Mining batch: 32000 nonces (64000 hashes) starting at nonce 3264000 ---
  [DEBUG] idx=0 -> nonce g=3264000
  [DEBUG] idx=1 -> nonce g=3264000
  [DEBUG] idx=2 -> nonce g=3264001
  [DEBUG] idx=3 -> nonce g=3264001
  [DEBUG] idx=63998 -> nonce g=3295999
  [DEBUG] idx=63999 -> nonce g=3295999
  [DEBUG] First 10 hash bucket IDs: 738132 666032 473300 634006 446493 526775 51152 895788 554137 85121 
  [DEBUG] First hash bytes: b4 35 43 be
Running GPU stages 1-7...
  Stage 1: 476 collisions in 465 buckets (max 3 per bucket)
  [DEBUG] First 5 non-empty buckets: bucket 10=1 colls, bucket 25=1 colls, bucket 43=1 colls, bucket 58=1 colls, bucket 114=1 colls, 
  [DEBUG] First collision attr=0x00000000 hash=00000000
  Stage 2: 5 collisions
  [DEBUG] Stage 2 first 10 bucket_counts: 0 0 0 0 0 0 0 0 0 0 
  Stage 3: 0 collisions
  Stage 4: 0 collisions
  Stage 5: 0 collisions
  Stage 6: 0 collisions
  Stage 7: 0 solution candidates
GPU mining complete: 0.66 seconds

No solution candidates found (need more nonces)

═══ Batch 104/625: nonces 3296000-3327999 (32000 nonces) ═══

--- Mining batch: 32000 nonces (64000 hashes) starting at nonce 3296000 ---
  [DEBUG] idx=0 -> nonce g=3296000
  [DEBUG] idx=1 -> nonce g=3296000
  [DEBUG] idx=2 -> nonce g=3296001
  [DEBUG] idx=3 -> nonce g=3296001
  [DEBUG] idx=63998 -> nonce g=3327999
  [DEBUG] idx=63999 -> nonce g=3327999
  [DEBUG] First 10 hash bucket IDs: 838596 786197 285609 685843 48212 2256 939475 795320 943735 369525 
  [DEBUG] First hash bytes: cc bc 48 2e
Running GPU stages 1-7...
  Stage 1: 472 collisions in 460 buckets (max 3 per bucket)
  [DEBUG] First 5 non-empty buckets: bucket 62=1 colls, bucket 95=1 colls, bucket 96=1 colls, bucket 108=1 colls, bucket 160=1 colls, 
  [DEBUG] First collision attr=0x00000000 hash=00000000
  Stage 2: 4 collisions
  [DEBUG] Stage 2 first 10 bucket_counts: 0 0 0 0 0 0 0 0 0 0 
  Stage 3: 0 collisions
  Stage 4: 0 collisions
  Stage 5: 0 collisions
  Stage 6: 0 collisions
  Stage 7: 0 solution candidates
GPU mining complete: 0.65 seconds

No solution candidates found (need more nonces)

═══ Batch 105/625: nonces 3328000-3359999 (32000 nonces) ═══

--- Mining batch: 32000 nonces (64000 hashes) starting at nonce 3328000 ---
  [DEBUG] idx=0 -> nonce g=3328000
  [DEBUG] idx=1 -> nonce g=3328000
  [DEBUG] idx=2 -> nonce g=3328001
  [DEBUG] idx=3 -> nonce g=3328001
  [DEBUG] idx=63998 -> nonce g=3359999
  [DEBUG] idx=63999 -> nonce g=3359999
  [DEBUG] First 10 hash bucket IDs: 532486 536167 292721 993434 647359 423457 557323 780455 479265 278342 
  [DEBUG] First hash bytes: 82 00 6f 3a
Running GPU stages 1-7...
  Stage 1: 488 collisions in 476 buckets (max 3 per bucket)
  [DEBUG] First 5 non-empty buckets: bucket 38=1 colls, bucket 58=1 colls, bucket 74=1 colls, bucket 86=1 colls, bucket 103=1 colls, 
  [DEBUG] First collision attr=0x00000000 hash=00000000
  Stage 2: 6 collisions
  [DEBUG] Stage 2 first 10 bucket_counts: 0 0 0 0 0 0 0 0 0 0 
  Stage 3: 0 collisions
  Stage 4: 0 collisions
  Stage 5: 0 collisions
  Stage 6: 0 collisions
  Stage 7: 0 solution candidates
GPU mining complete: 0.65 seconds

No solution candidates found (need more nonces)

═══ Batch 106/625: nonces 3360000-3391999 (32000 nonces) ═══

--- Mining batch: 32000 nonces (64000 hashes) starting at nonce 3360000 ---
  [DEBUG] idx=0 -> nonce g=3360000
  [DEBUG] idx=1 -> nonce g=3360000
  [DEBUG] idx=2 -> nonce g=3360001
  [DEBUG] idx=3 -> nonce g=3360001
  [DEBUG] idx=63998 -> nonce g=3391999
  [DEBUG] idx=63999 -> nonce g=3391999
  [DEBUG] First 10 hash bucket IDs: 432249 713321 945403 778885 152966 81173 882994 577802 840371 261294 
  [DEBUG] First hash bytes: 69 87 9e c5
Running GPU stages 1-7...
  Stage 1: 500 collisions in 489 buckets (max 3 per bucket)
  [DEBUG] First 5 non-empty buckets: bucket 30=1 colls, bucket 48=1 colls, bucket 63=1 colls, bucket 157=1 colls, bucket 175=1 colls, 
  [DEBUG] First collision attr=0x00000000 hash=00000000
  Stage 2: 9 collisions
  [DEBUG] Stage 2 first 10 bucket_counts: 0 0 0 0 0 0 0 0 0 0 
  Stage 3: 0 collisions
  Stage 4: 0 collisions
  Stage 5: 0 collisions
  Stage 6: 0 collisions
  Stage 7: 0 solution candidates
GPU mining complete: 0.68 seconds

No solution candidates found (need more nonces)

═══ Batch 107/625: nonces 3392000-3423999 (32000 nonces) ═══

--- Mining batch: 32000 nonces (64000 hashes) starting at nonce 3392000 ---
  [DEBUG] idx=0 -> nonce g=3392000
  [DEBUG] idx=1 -> nonce g=3392000
  [DEBUG] idx=2 -> nonce g=3392001
  [DEBUG] idx=3 -> nonce g=3392001
  [DEBUG] idx=63998 -> nonce g=3423999
  [DEBUG] idx=63999 -> nonce g=3423999
  [DEBUG] First 10 hash bucket IDs: 134303 1038708 256364 893580 250314 757336 908544 296424 81797 805588 
  [DEBUG] First hash bytes: 20 c9 f3 dc
Running GPU stages 1-7...
  Stage 1: 490 collisions in 471 buckets (max 4 per bucket)
  [DEBUG] First 5 non-empty buckets: bucket 10=1 colls, bucket 102=1 colls, bucket 129=1 colls, bucket 156=3 colls, bucket 216=1 colls, 
  [DEBUG] First collision attr=0x00000000 hash=00000000
  Stage 2: 8 collisions
  [DEBUG] Stage 2 first 10 bucket_counts: 0 0 0 0 0 0 0 0 0 0 
  Stage 3: 0 collisions
  Stage 4: 0 collisions
  Stage 5: 0 collisions
  Stage 6: 0 collisions
  Stage 7: 0 solution candidates
GPU mining complete: 0.65 seconds

No solution candidates found (need more nonces)

═══ Batch 108/625: nonces 3424000-3455999 (32000 nonces) ═══

--- Mining batch: 32000 nonces (64000 hashes) starting at nonce 3424000 ---
  [DEBUG] idx=0 -> nonce g=3424000
  [DEBUG] idx=1 -> nonce g=3424000
  [DEBUG] idx=2 -> nonce g=3424001
  [DEBUG] idx=3 -> nonce g=3424001
  [DEBUG] idx=63998 -> nonce g=3455999
  [DEBUG] idx=63999 -> nonce g=3455999
  [DEBUG] First 10 hash bucket IDs: 143836 795743 424718 44469 544609 695905 418922 440700 1041733 761525 
  [DEBUG] First hash bytes: 23 1d c2 a5
Running GPU stages 1-7...
  Stage 1: 467 collisions in 459 buckets (max 2 per bucket)
  [DEBUG] First 5 non-empty buckets: bucket 57=1 colls, bucket 61=1 colls, bucket 64=1 colls, bucket 71=1 colls, bucket 115=1 colls, 
  [DEBUG] First collision attr=0x00000000 hash=00000000
  Stage 2: 9 collisions
  [DEBUG] Stage 2 first 10 bucket_counts: 0 0 0 0 0 0 0 0 0 0 
  Stage 3: 0 collisions
  Stage 4: 0 collisions
  Stage 5: 0 collisions
  Stage 6: 0 collisions
  Stage 7: 0 solution candidates
GPU mining complete: 0.63 seconds

No solution candidates found (need more nonces)

═══ Batch 109/625: nonces 3456000-3487999 (32000 nonces) ═══

--- Mining batch: 32000 nonces (64000 hashes) starting at nonce 3456000 ---
  [DEBUG] idx=0 -> nonce g=3456000
  [DEBUG] idx=1 -> nonce g=3456000
  [DEBUG] idx=2 -> nonce g=3456001
  [DEBUG] idx=3 -> nonce g=3456001
  [DEBUG] idx=63998 -> nonce g=3487999
  [DEBUG] idx=63999 -> nonce g=3487999
  [DEBUG] First 10 hash bucket IDs: 72280 1012705 888958 781603 790899 592912 593738 602155 452991 1011014 
  [DEBUG] First hash bytes: 11 a5 80 d6
Running GPU stages 1-7...
  Stage 1: 495 collisions in 484 buckets (max 3 per bucket)
  [DEBUG] First 5 non-empty buckets: bucket 2=1 colls, bucket 13=1 colls, bucket 153=1 colls, bucket 191=1 colls, bucket 214=1 colls, 
  [DEBUG] First collision attr=0x00000000 hash=00000000
  Stage 2: 7 collisions
  [DEBUG] Stage 2 first 10 bucket_counts: 0 0 0 0 0 0 0 0 0 0 
  Stage 3: 0 collisions
  Stage 4: 0 collisions
  Stage 5: 0 collisions
  Stage 6: 0 collisions
  Stage 7: 0 solution candidates
GPU mining complete: 0.64 seconds

No solution candidates found (need more nonces)

═══ Batch 110/625: nonces 3488000-3519999 (32000 nonces) ═══

--- Mining batch: 32000 nonces (64000 hashes) starting at nonce 3488000 ---
  [DEBUG] idx=0 -> nonce g=3488000
  [DEBUG] idx=1 -> nonce g=3488000
  [DEBUG] idx=2 -> nonce g=3488001
  [DEBUG] idx=3 -> nonce g=3488001
  [DEBUG] idx=63998 -> nonce g=3519999
  [DEBUG] idx=63999 -> nonce g=3519999
  [DEBUG] First 10 hash bucket IDs: 1047473 835617 1038032 775246 973179 679523 596025 827185 1028445 750653 
  [DEBUG] First hash bytes: ff bb 1e 7b
Running GPU stages 1-7...
  Stage 1: 531 collisions in 521 buckets (max 3 per bucket)
  [DEBUG] First 5 non-empty buckets: bucket 19=1 colls, bucket 41=1 colls, bucket 52=1 colls, bucket 65=1 colls, bucket 137=1 colls, 
  [DEBUG] First collision attr=0x00000000 hash=00000000
  Stage 2: 14 collisions
  [DEBUG] Stage 2 first 10 bucket_counts: 0 0 0 0 0 0 0 0 0 0 
  Stage 3: 0 collisions
  Stage 4: 0 collisions
  Stage 5: 0 collisions
  Stage 6: 0 collisions
  Stage 7: 0 solution candidates
GPU mining complete: 0.65 seconds

No solution candidates found (need more nonces)

═══ Batch 111/625: nonces 3520000-3551999 (32000 nonces) ═══

--- Mining batch: 32000 nonces (64000 hashes) starting at nonce 3520000 ---
  [DEBUG] idx=0 -> nonce g=3520000
  [DEBUG] idx=1 -> nonce g=3520000
  [DEBUG] idx=2 -> nonce g=3520001
  [DEBUG] idx=3 -> nonce g=3520001
  [DEBUG] idx=63998 -> nonce g=3551999
  [DEBUG] idx=63999 -> nonce g=3551999
  [DEBUG] First 10 hash bucket IDs: 927869 364032 109569 309410 936695 1033169 649571 596668 217481 172168 
  [DEBUG] First hash bytes: e2 87 d1 03
Running GPU stages 1-7...
  Stage 1: 491 collisions in 480 buckets (max 3 per bucket)
  [DEBUG] First 5 non-empty buckets: bucket 6=1 colls, bucket 22=1 colls, bucket 36=1 colls, bucket 37=1 colls, bucket 84=1 colls, 
  [DEBUG] First collision attr=0x00000000 hash=00000000
  Stage 2: 7 collisions
  [DEBUG] Stage 2 first 10 bucket_counts: 0 0 0 0 0 0 0 0 0 0 
  Stage 3: 0 collisions
  Stage 4: 0 collisions
  Stage 5: 0 collisions
  Stage 6: 0 collisions
  Stage 7: 0 solution candidates
GPU mining complete: 0.65 seconds

No solution candidates found (need more nonces)

═══ Batch 112/625: nonces 3552000-3583999 (32000 nonces) ═══

--- Mining batch: 32000 nonces (64000 hashes) starting at nonce 3552000 ---
  [DEBUG] idx=0 -> nonce g=3552000
  [DEBUG] idx=1 -> nonce g=3552000
  [DEBUG] idx=2 -> nonce g=3552001
  [DEBUG] idx=3 -> nonce g=3552001
  [DEBUG] idx=63998 -> nonce g=3583999
  [DEBUG] idx=63999 -> nonce g=3583999
  [DEBUG] First 10 hash bucket IDs: 66486 272624 969284 608022 130571 336074 215565 669408 778217 597148 
  [DEBUG] First hash bytes: 10 3b 62 00
Running GPU stages 1-7...
  Stage 1: 485 collisions in 473 buckets (max 3 per bucket)
  [DEBUG] First 5 non-empty buckets: bucket 89=1 colls, bucket 93=1 colls, bucket 104=1 colls, bucket 147=1 colls, bucket 252=1 colls, 
  [DEBUG] First collision attr=0x00000000 hash=00000000
  Stage 2: 4 collisions
  [DEBUG] Stage 2 first 10 bucket_counts: 0 0 0 0 0 0 0 0 0 0 
  Stage 3: 0 collisions
  Stage 4: 0 collisions
  Stage 5: 0 collisions
  Stage 6: 0 collisions
  Stage 7: 0 solution candidates
GPU mining complete: 0.64 seconds

No solution candidates found (need more nonces)

═══ Batch 113/625: nonces 3584000-3615999 (32000 nonces) ═══

--- Mining batch: 32000 nonces (64000 hashes) starting at nonce 3584000 ---
  [DEBUG] idx=0 -> nonce g=3584000
  [DEBUG] idx=1 -> nonce g=3584000
  [DEBUG] idx=2 -> nonce g=3584001
  [DEBUG] idx=3 -> nonce g=3584001
  [DEBUG] idx=63998 -> nonce g=3615999
  [DEBUG] idx=63999 -> nonce g=3615999
  [DEBUG] First 10 hash bucket IDs: 137764 980661 685138 388518 528220 837966 381031 204203 989498 7125 
  [DEBUG] First hash bytes: 21 a2 48 29
Running GPU stages 1-7...
  Stage 1: 445 collisions in 435 buckets (max 3 per bucket)
  [DEBUG] First 5 non-empty buckets: bucket 36=1 colls, bucket 53=1 colls, bucket 94=1 colls, bucket 124=1 colls, bucket 269=1 colls, 
  [DEBUG] First collision attr=0x00000000 hash=00000000
  Stage 2: 8 collisions
  [DEBUG] Stage 2 first 10 bucket_counts: 0 0 0 0 0 0 0 0 0 0 
  Stage 3: 0 collisions
  Stage 4: 0 collisions
  Stage 5: 0 collisions
  Stage 6: 0 collisions
  Stage 7: 0 solution candidates
GPU mining complete: 0.65 seconds

No solution candidates found (need more nonces)

═══ Batch 114/625: nonces 3616000-3647999 (32000 nonces) ═══

--- Mining batch: 32000 nonces (64000 hashes) starting at nonce 3616000 ---
  [DEBUG] idx=0 -> nonce g=3616000
  [DEBUG] idx=1 -> nonce g=3616000
  [DEBUG] idx=2 -> nonce g=3616001
  [DEBUG] idx=3 -> nonce g=3616001
  [DEBUG] idx=63998 -> nonce g=3647999
  [DEBUG] idx=63999 -> nonce g=3647999
  [DEBUG] First 10 hash bucket IDs: 199181 909860 855327 661454 254292 282554 685598 338523 618583 713596 
  [DEBUG] First hash bytes: 30 a0 d4 ae
Running GPU stages 1-7...
  Stage 1: 509 collisions in 492 buckets (max 3 per bucket)
  [DEBUG] First 5 non-empty buckets: bucket 19=1 colls, bucket 68=1 colls, bucket 162=1 colls, bucket 269=1 colls, bucket 270=1 colls, 
  [DEBUG] First collision attr=0x00000000 hash=00000000
  Stage 2: 9 collisions
  [DEBUG] Stage 2 first 10 bucket_counts: 0 0 0 0 0 0 0 0 0 0 
  Stage 3: 0 collisions
  Stage 4: 0 collisions
  Stage 5: 0 collisions
  Stage 6: 0 collisions
  Stage 7: 0 solution candidates
GPU mining complete: 0.65 seconds

No solution candidates found (need more nonces)

═══ Batch 115/625: nonces 3648000-3679999 (32000 nonces) ═══

--- Mining batch: 32000 nonces (64000 hashes) starting at nonce 3648000 ---
  [DEBUG] idx=0 -> nonce g=3648000
  [DEBUG] idx=1 -> nonce g=3648000
  [DEBUG] idx=2 -> nonce g=3648001
  [DEBUG] idx=3 -> nonce g=3648001
  [DEBUG] idx=63998 -> nonce g=3679999
  [DEBUG] idx=63999 -> nonce g=3679999
  [DEBUG] First 10 hash bucket IDs: 706250 797701 1022669 37268 601855 408064 213974 87401 877516 336090 
  [DEBUG] First hash bytes: ac 6c a2 16
Running GPU stages 1-7...
  Stage 1: 521 collisions in 498 buckets (max 3 per bucket)
  [DEBUG] First 5 non-empty buckets: bucket 39=1 colls, bucket 77=1 colls, bucket 102=1 colls, bucket 116=1 colls, bucket 155=1 colls, 
  [DEBUG] First collision attr=0x00000000 hash=00000000
  Stage 2: 8 collisions
  [DEBUG] Stage 2 first 10 bucket_counts: 0 0 0 0 0 0 0 0 0 0 
  Stage 3: 0 collisions
  Stage 4: 0 collisions
  Stage 5: 0 collisions
  Stage 6: 0 collisions
  Stage 7: 0 solution candidates
GPU mining complete: 0.65 seconds

No solution candidates found (need more nonces)

═══ Batch 116/625: nonces 3680000-3711999 (32000 nonces) ═══

--- Mining batch: 32000 nonces (64000 hashes) starting at nonce 3680000 ---
  [DEBUG] idx=0 -> nonce g=3680000
  [DEBUG] idx=1 -> nonce g=3680000
  [DEBUG] idx=2 -> nonce g=3680001
  [DEBUG] idx=3 -> nonce g=3680001
  [DEBUG] idx=63998 -> nonce g=3711999
  [DEBUG] idx=63999 -> nonce g=3711999
  [DEBUG] First 10 hash bucket IDs: 508066 1028840 857406 291337 263156 404902 387254 898459 269523 431131 
  [DEBUG] First hash bytes: 7c 0a 25 c5
Running GPU stages 1-7...
  Stage 1: 496 collisions in 485 buckets (max 3 per bucket)
  [DEBUG] First 5 non-empty buckets: bucket 39=1 colls, bucket 115=1 colls, bucket 152=1 colls, bucket 169=1 colls, bucket 175=1 colls, 
  [DEBUG] First collision attr=0x00000000 hash=00000000
  Stage 2: 6 collisions
  [DEBUG] Stage 2 first 10 bucket_counts: 0 0 0 0 0 0 0 0 0 0 
  Stage 3: 0 collisions
  Stage 4: 0 collisions
  Stage 5: 0 collisions
  Stage 6: 0 collisions
  Stage 7: 0 solution candidates
GPU mining complete: 0.65 seconds

No solution candidates found (need more nonces)

═══ Batch 117/625: nonces 3712000-3743999 (32000 nonces) ═══

--- Mining batch: 32000 nonces (64000 hashes) starting at nonce 3712000 ---
  [DEBUG] idx=0 -> nonce g=3712000
  [DEBUG] idx=1 -> nonce g=3712000
  [DEBUG] idx=2 -> nonce g=3712001
  [DEBUG] idx=3 -> nonce g=3712001
  [DEBUG] idx=63998 -> nonce g=3743999
  [DEBUG] idx=63999 -> nonce g=3743999
  [DEBUG] First 10 hash bucket IDs: 393516 542938 843091 756622 377064 116659 876082 290890 32585 956142 
  [DEBUG] First hash bytes: 60 12 cb 69
Running GPU stages 1-7...
  Stage 1: 464 collisions in 450 buckets (max 3 per bucket)
  [DEBUG] First 5 non-empty buckets: bucket 25=1 colls, bucket 34=1 colls, bucket 66=1 colls, bucket 156=1 colls, bucket 191=1 colls, 
  [DEBUG] First collision attr=0x00000000 hash=00000000
  Stage 2: 7 collisions
  [DEBUG] Stage 2 first 10 bucket_counts: 0 0 0 0 0 0 0 0 0 0 
  Stage 3: 0 collisions
  Stage 4: 0 collisions
  Stage 5: 0 collisions
  Stage 6: 0 collisions
  Stage 7: 0 solution candidates
GPU mining complete: 0.65 seconds

No solution candidates found (need more nonces)

═══ Batch 118/625: nonces 3744000-3775999 (32000 nonces) ═══

--- Mining batch: 32000 nonces (64000 hashes) starting at nonce 3744000 ---
  [DEBUG] idx=0 -> nonce g=3744000
  [DEBUG] idx=1 -> nonce g=3744000
  [DEBUG] idx=2 -> nonce g=3744001
  [DEBUG] idx=3 -> nonce g=3744001
  [DEBUG] idx=63998 -> nonce g=3775999
  [DEBUG] idx=63999 -> nonce g=3775999
  [DEBUG] First 10 hash bucket IDs: 392860 94231 1000687 929316 907266 959059 59737 712605 873165 650942 
  [DEBUG] First hash bytes: 5f e9 c6 a3
Running GPU stages 1-7...
  Stage 1: 482 collisions in 476 buckets (max 3 per bucket)
  [DEBUG] First 5 non-empty buckets: bucket 3=1 colls, bucket 131=1 colls, bucket 134=1 colls, bucket 205=1 colls, bucket 300=1 colls, 
  [DEBUG] First collision attr=0x00000000 hash=00000000
  Stage 2: 13 collisions
  [DEBUG] Stage 2 first 10 bucket_counts: 0 0 0 0 0 0 0 0 0 0 
  Stage 3: 0 collisions
  Stage 4: 0 collisions
  Stage 5: 0 collisions
  Stage 6: 0 collisions
  Stage 7: 0 solution candidates
GPU mining complete: 0.70 seconds

No solution candidates found (need more nonces)

═══ Batch 119/625: nonces 3776000-3807999 (32000 nonces) ═══

--- Mining batch: 32000 nonces (64000 hashes) starting at nonce 3776000 ---
  [DEBUG] idx=0 -> nonce g=3776000
  [DEBUG] idx=1 -> nonce g=3776000
  [DEBUG] idx=2 -> nonce g=3776001
  [DEBUG] idx=3 -> nonce g=3776001
  [DEBUG] idx=63998 -> nonce g=3807999
  [DEBUG] idx=63999 -> nonce g=3807999
  [DEBUG] First 10 hash bucket IDs: 726288 8747 623152 773215 386220 165252 127803 153266 941485 963893 
  [DEBUG] First hash bytes: b1 51 06 f7
Running GPU stages 1-7...
  Stage 1: 489 collisions in 479 buckets (max 3 per bucket)
  [DEBUG] First 5 non-empty buckets: bucket 1=1 colls, bucket 19=1 colls, bucket 23=1 colls, bucket 27=1 colls, bucket 46=1 colls, 
  [DEBUG] First collision attr=0x00000000 hash=00000000
  Stage 2: 10 collisions
  [DEBUG] Stage 2 first 10 bucket_counts: 0 0 0 0 0 0 0 0 0 0 
  Stage 3: 0 collisions
  Stage 4: 0 collisions
  Stage 5: 0 collisions
  Stage 6: 0 collisions
  Stage 7: 0 solution candidates
GPU mining complete: 0.64 seconds

No solution candidates found (need more nonces)

═══ Batch 120/625: nonces 3808000-3839999 (32000 nonces) ═══

--- Mining batch: 32000 nonces (64000 hashes) starting at nonce 3808000 ---
  [DEBUG] idx=0 -> nonce g=3808000
  [DEBUG] idx=1 -> nonce g=3808000
  [DEBUG] idx=2 -> nonce g=3808001
  [DEBUG] idx=3 -> nonce g=3808001
  [DEBUG] idx=63998 -> nonce g=3839999
  [DEBUG] idx=63999 -> nonce g=3839999
  [DEBUG] First 10 hash bucket IDs: 374330 412247 964394 359313 279738 225912 668300 371504 609162 525394 
  [DEBUG] First hash bytes: 5b 63 a3 1d
Running GPU stages 1-7...
  Stage 1: 469 collisions in 457 buckets (max 3 per bucket)
  [DEBUG] First 5 non-empty buckets: bucket 0=1 colls, bucket 45=1 colls, bucket 69=1 colls, bucket 84=1 colls, bucket 102=1 colls, 
  [DEBUG] First collision attr=0x3b6c635c hash=00c76cfd
  Stage 2: 8 collisions
  [DEBUG] Stage 2 first 10 bucket_counts: 0 0 0 0 0 0 0 0 0 0 
  Stage 3: 0 collisions
  Stage 4: 0 collisions
  Stage 5: 0 collisions
  Stage 6: 0 collisions
  Stage 7: 0 solution candidates
GPU mining complete: 0.64 seconds

No solution candidates found (need more nonces)

═══ Batch 121/625: nonces 3840000-3871999 (32000 nonces) ═══

--- Mining batch: 32000 nonces (64000 hashes) starting at nonce 3840000 ---
  [DEBUG] idx=0 -> nonce g=3840000
  [DEBUG] idx=1 -> nonce g=3840000
  [DEBUG] idx=2 -> nonce g=3840001
  [DEBUG] idx=3 -> nonce g=3840001
  [DEBUG] idx=63998 -> nonce g=3871999
  [DEBUG] idx=63999 -> nonce g=3871999
  [DEBUG] First 10 hash bucket IDs: 219167 400587 663210 663129 870544 1008927 855523 90516 891874 856825 
  [DEBUG] First hash bytes: 35 81 f6 7e
Running GPU stages 1-7...
  Stage 1: 474 collisions in 466 buckets (max 3 per bucket)
  [DEBUG] First 5 non-empty buckets: bucket 1=1 colls, bucket 3=1 colls, bucket 73=1 colls, bucket 144=1 colls, bucket 218=1 colls, 
  [DEBUG] First collision attr=0x00000000 hash=00000000
  Stage 2: 3 collisions
  [DEBUG] Stage 2 first 10 bucket_counts: 0 0 0 0 0 0 0 0 0 0 
  Stage 3: 0 collisions
  Stage 4: 0 collisions
  Stage 5: 0 collisions
  Stage 6: 0 collisions
  Stage 7: 0 solution candidates
GPU mining complete: 0.65 seconds

No solution candidates found (need more nonces)

═══ Batch 122/625: nonces 3872000-3903999 (32000 nonces) ═══

--- Mining batch: 32000 nonces (64000 hashes) starting at nonce 3872000 ---
  [DEBUG] idx=0 -> nonce g=3872000
  [DEBUG] idx=1 -> nonce g=3872000
  [DEBUG] idx=2 -> nonce g=3872001
  [DEBUG] idx=3 -> nonce g=3872001
  [DEBUG] idx=63998 -> nonce g=3903999
  [DEBUG] idx=63999 -> nonce g=3903999
  [DEBUG] First 10 hash bucket IDs: 602776 569397 178694 43480 182257 418426 24016 282961 461102 180467 
  [DEBUG] First hash bytes: 93 29 80 27
Running GPU stages 1-7...
  Stage 1: 478 collisions in 464 buckets (max 3 per bucket)
  [DEBUG] First 5 non-empty buckets: bucket 0=1 colls, bucket 52=1 colls, bucket 75=1 colls, bucket 81=1 colls, bucket 94=1 colls, 
  [DEBUG] First collision attr=0x8f8dc37d hash=00adb864
  Stage 2: 4 collisions
  [DEBUG] Stage 2 first 10 bucket_counts: 0 0 0 0 0 0 0 0 0 0 
  Stage 3: 0 collisions
  Stage 4: 0 collisions
  Stage 5: 0 collisions
  Stage 6: 0 collisions
  Stage 7: 0 solution candidates
GPU mining complete: 0.65 seconds

No solution candidates found (need more nonces)

═══ Batch 123/625: nonces 3904000-3935999 (32000 nonces) ═══

--- Mining batch: 32000 nonces (64000 hashes) starting at nonce 3904000 ---
  [DEBUG] idx=0 -> nonce g=3904000
  [DEBUG] idx=1 -> nonce g=3904000
  [DEBUG] idx=2 -> nonce g=3904001
  [DEBUG] idx=3 -> nonce g=3904001
  [DEBUG] idx=63998 -> nonce g=3935999
  [DEBUG] idx=63999 -> nonce g=3935999
  [DEBUG] First 10 hash bucket IDs: 957652 561568 853772 184695 467169 509568 590756 46925 503109 108870 
  [DEBUG] First hash bytes: e9 cd 4f bd
Running GPU stages 1-7...
  Stage 1: 518 collisions in 501 buckets (max 4 per bucket)
  [DEBUG] First 5 non-empty buckets: bucket 12=1 colls, bucket 83=1 colls, bucket 92=1 colls, bucket 126=1 colls, bucket 182=4 colls, 
  [DEBUG] First collision attr=0x00000000 hash=00000000
  Stage 2: 8 collisions
  [DEBUG] Stage 2 first 10 bucket_counts: 0 0 0 0 0 0 0 0 0 0 
  Stage 3: 0 collisions
  Stage 4: 0 collisions
  Stage 5: 0 collisions
  Stage 6: 0 collisions
  Stage 7: 0 solution candidates
GPU mining complete: 0.66 seconds

No solution candidates found (need more nonces)

═══ Batch 124/625: nonces 3936000-3967999 (32000 nonces) ═══

--- Mining batch: 32000 nonces (64000 hashes) starting at nonce 3936000 ---
  [DEBUG] idx=0 -> nonce g=3936000
  [DEBUG] idx=1 -> nonce g=3936000
  [DEBUG] idx=2 -> nonce g=3936001
  [DEBUG] idx=3 -> nonce g=3936001
  [DEBUG] idx=63998 -> nonce g=3967999
  [DEBUG] idx=63999 -> nonce g=3967999
  [DEBUG] First 10 hash bucket IDs: 765730 257704 338029 619992 1025457 299575 225460 511713 127696 247240 
  [DEBUG] First hash bytes: ba f2 2f 8b
Running GPU stages 1-7...
  Stage 1: 487 collisions in 474 buckets (max 3 per bucket)
  [DEBUG] First 5 non-empty buckets: bucket 0=1 colls, bucket 7=1 colls, bucket 69=1 colls, bucket 120=1 colls, bucket 213=1 colls, 
  [DEBUG] First collision attr=0x5ad2a303 hash=0043469e
  Stage 2: 8 collisions
  [DEBUG] Stage 2 first 10 bucket_counts: 0 0 0 0 0 0 0 0 0 0 
  Stage 3: 0 collisions
  Stage 4: 0 collisions
  Stage 5: 0 collisions
  Stage 6: 0 collisions
  Stage 7: 0 solution candidates
GPU mining complete: 0.65 seconds

No solution candidates found (need more nonces)

═══ Batch 125/625: nonces 3968000-3999999 (32000 nonces) ═══

--- Mining batch: 32000 nonces (64000 hashes) starting at nonce 3968000 ---
  [DEBUG] idx=0 -> nonce g=3968000
  [DEBUG] idx=1 -> nonce g=3968000
  [DEBUG] idx=2 -> nonce g=3968001
  [DEBUG] idx=3 -> nonce g=3968001
  [DEBUG] idx=63998 -> nonce g=3999999
  [DEBUG] idx=63999 -> nonce g=3999999
  [DEBUG] First 10 hash bucket IDs: 944452 410451 888798 778785 1015331 921025 401485 779644 43532 704404 
  [DEBUG] First hash bytes: e6 94 45 a1
Running GPU stages 1-7...
  Stage 1: 479 collisions in 464 buckets (max 3 per bucket)
  [DEBUG] First 5 non-empty buckets: bucket 6=1 colls, bucket 55=1 colls, bucket 70=1 colls, bucket 77=1 colls, bucket 215=1 colls, 
  [DEBUG] First collision attr=0x00000000 hash=00000000
  Stage 2: 5 collisions
  [DEBUG] Stage 2 first 10 bucket_counts: 0 0 0 0 0 0 0 0 0 0 
  Stage 3: 0 collisions
  Stage 4: 0 collisions
  Stage 5: 0 collisions
  Stage 6: 0 collisions
  Stage 7: 0 solution candidates
GPU mining complete: 0.66 seconds

No solution candidates found (need more nonces)

═══ Batch 126/625: nonces 4000000-4031999 (32000 nonces) ═══

--- Mining batch: 32000 nonces (64000 hashes) starting at nonce 4000000 ---
  [DEBUG] idx=0 -> nonce g=4000000
  [DEBUG] idx=1 -> nonce g=4000000
  [DEBUG] idx=2 -> nonce g=4000001
  [DEBUG] idx=3 -> nonce g=4000001
  [DEBUG] idx=63998 -> nonce g=4031999
  [DEBUG] idx=63999 -> nonce g=4031999
  [DEBUG] First 10 hash bucket IDs: 322438 610346 739593 135775 450357 516501 984720 534193 129340 652491 
  [DEBUG] First hash bytes: 4e b8 68 84
Running GPU stages 1-7...
  Stage 1: 505 collisions in 488 buckets (max 3 per bucket)
  [DEBUG] First 5 non-empty buckets: bucket 7=1 colls, bucket 24=1 colls, bucket 87=1 colls, bucket 126=1 colls, bucket 136=1 colls, 
  [DEBUG] First collision attr=0x00000000 hash=00000000
  Stage 2: 12 collisions
  [DEBUG] Stage 2 first 10 bucket_counts: 0 0 0 0 0 0 0 0 0 0 
  Stage 3: 0 collisions
  Stage 4: 0 collisions
  Stage 5: 0 collisions
  Stage 6: 0 collisions
  Stage 7: 0 solution candidates
GPU mining complete: 0.65 seconds

No solution candidates found (need more nonces)

═══ Batch 127/625: nonces 4032000-4063999 (32000 nonces) ═══

--- Mining batch: 32000 nonces (64000 hashes) starting at nonce 4032000 ---
  [DEBUG] idx=0 -> nonce g=4032000
  [DEBUG] idx=1 -> nonce g=4032000
  [DEBUG] idx=2 -> nonce g=4032001
  [DEBUG] idx=3 -> nonce g=4032001
  [DEBUG] idx=63998 -> nonce g=4063999
  [DEBUG] idx=63999 -> nonce g=4063999
  [DEBUG] First 10 hash bucket IDs: 55445 1024654 502346 243537 612141 1014120 368820 321085 473261 1041957 
  [DEBUG] First hash bytes: 0d 89 52 51
Running GPU stages 1-7...
  Stage 1: 456 collisions in 449 buckets (max 2 per bucket)
  [DEBUG] First 5 non-empty buckets: bucket 159=1 colls, bucket 166=1 colls, bucket 219=1 colls, bucket 272=1 colls, bucket 321=1 colls, 
  [DEBUG] First collision attr=0x00000000 hash=00000000
  Stage 2: 9 collisions
  [DEBUG] Stage 2 first 10 bucket_counts: 0 0 0 0 0 0 0 0 0 0 
  Stage 3: 0 collisions
  Stage 4: 0 collisions
  Stage 5: 0 collisions
  Stage 6: 0 collisions
  Stage 7: 0 solution candidates
GPU mining complete: 0.65 seconds

No solution candidates found (need more nonces)

═══ Batch 128/625: nonces 4064000-4095999 (32000 nonces) ═══

--- Mining batch: 32000 nonces (64000 hashes) starting at nonce 4064000 ---
  [DEBUG] idx=0 -> nonce g=4064000
  [DEBUG] idx=1 -> nonce g=4064000
  [DEBUG] idx=2 -> nonce g=4064001
  [DEBUG] idx=3 -> nonce g=4064001
  [DEBUG] idx=63998 -> nonce g=4095999
  [DEBUG] idx=63999 -> nonce g=4095999
  [DEBUG] First 10 hash bucket IDs: 422045 87407 206994 280780 378578 358475 642506 491469 793887 744118 
  [DEBUG] First hash bytes: 67 09 d5 0b
Running GPU stages 1-7...
  Stage 1: 501 collisions in 486 buckets (max 3 per bucket)
  [DEBUG] First 5 non-empty buckets: bucket 81=1 colls, bucket 111=1 colls, bucket 118=1 colls, bucket 121=2 colls, bucket 163=1 colls, 
  [DEBUG] First collision attr=0x00000000 hash=00000000
  Stage 2: 6 collisions
  [DEBUG] Stage 2 first 10 bucket_counts: 0 0 0 0 0 0 0 0 0 0 
  Stage 3: 0 collisions
  Stage 4: 0 collisions
  Stage 5: 0 collisions
  Stage 6: 0 collisions
  Stage 7: 0 solution candidates
GPU mining complete: 0.65 seconds

No solution candidates found (need more nonces)

═══ Batch 129/625: nonces 4096000-4127999 (32000 nonces) ═══

--- Mining batch: 32000 nonces (64000 hashes) starting at nonce 4096000 ---
  [DEBUG] idx=0 -> nonce g=4096000
  [DEBUG] idx=1 -> nonce g=4096000
  [DEBUG] idx=2 -> nonce g=4096001
  [DEBUG] idx=3 -> nonce g=4096001
  [DEBUG] idx=63998 -> nonce g=4127999
  [DEBUG] idx=63999 -> nonce g=4127999
  [DEBUG] First 10 hash bucket IDs: 676675 696263 272839 853481 516132 82094 361300 88572 648918 630918 
  [DEBUG] First hash bytes: a5 34 32 44
Running GPU stages 1-7...
  Stage 1: 485 collisions in 479 buckets (max 2 per bucket)
  [DEBUG] First 5 non-empty buckets: bucket 23=1 colls, bucket 26=2 colls, bucket 57=1 colls, bucket 103=1 colls, bucket 119=1 colls, 
  [DEBUG] First collision attr=0x00000000 hash=00000000
  Stage 2: 7 collisions
  [DEBUG] Stage 2 first 10 bucket_counts: 0 0 0 0 0 0 0 0 0 0 
  Stage 3: 0 collisions
  Stage 4: 0 collisions
  Stage 5: 0 collisions
  Stage 6: 0 collisions
  Stage 7: 0 solution candidates
GPU mining complete: 0.65 seconds

No solution candidates found (need more nonces)

═══ Batch 130/625: nonces 4128000-4159999 (32000 nonces) ═══

--- Mining batch: 32000 nonces (64000 hashes) starting at nonce 4128000 ---
  [DEBUG] idx=0 -> nonce g=4128000
  [DEBUG] idx=1 -> nonce g=4128000
  [DEBUG] idx=2 -> nonce g=4128001
  [DEBUG] idx=3 -> nonce g=4128001
  [DEBUG] idx=63998 -> nonce g=4159999
  [DEBUG] idx=63999 -> nonce g=4159999
  [DEBUG] First 10 hash bucket IDs: 137588 364672 664277 216945 300829 772853 411980 922921 837929 132320 
  [DEBUG] First hash bytes: 21 97 46 51
Running GPU stages 1-7...
  Stage 1: 523 collisions in 512 buckets (max 3 per bucket)
  [DEBUG] First 5 non-empty buckets: bucket 55=1 colls, bucket 59=1 colls, bucket 65=1 colls, bucket 168=1 colls, bucket 169=1 colls, 
  [DEBUG] First collision attr=0x00000000 hash=00000000
  Stage 2: 5 collisions
  [DEBUG] Stage 2 first 10 bucket_counts: 0 0 0 0 0 0 0 0 0 0 
  Stage 3: 0 collisions
  Stage 4: 0 collisions
  Stage 5: 0 collisions
  Stage 6: 0 collisions
  Stage 7: 0 solution candidates
GPU mining complete: 0.64 seconds

No solution candidates found (need more nonces)

═══ Batch 131/625: nonces 4160000-4191999 (32000 nonces) ═══

--- Mining batch: 32000 nonces (64000 hashes) starting at nonce 4160000 ---
  [DEBUG] idx=0 -> nonce g=4160000
  [DEBUG] idx=1 -> nonce g=4160000
  [DEBUG] idx=2 -> nonce g=4160001
  [DEBUG] idx=3 -> nonce g=4160001
  [DEBUG] idx=63998 -> nonce g=4191999
  [DEBUG] idx=63999 -> nonce g=4191999
  [DEBUG] First 10 hash bucket IDs: 462735 898089 17591 772061 947068 727145 1005416 513080 689249 161611 
  [DEBUG] First hash bytes: 70 f8 fe 8a
Running GPU stages 1-7...
  Stage 1: 497 collisions in 490 buckets (max 3 per bucket)
  [DEBUG] First 5 non-empty buckets: bucket 20=1 colls, bucket 84=1 colls, bucket 102=1 colls, bucket 103=1 colls, bucket 115=1 colls, 
  [DEBUG] First collision attr=0x00000000 hash=00000000
  Stage 2: 11 collisions
  [DEBUG] Stage 2 first 10 bucket_counts: 0 0 0 0 0 0 0 0 0 0 
  Stage 3: 0 collisions
  Stage 4: 0 collisions
  Stage 5: 0 collisions
  Stage 6: 0 collisions
  Stage 7: 0 solution candidates
GPU mining complete: 0.65 seconds

No solution candidates found (need more nonces)

═══ Batch 132/625: nonces 4192000-4223999 (32000 nonces) ═══

--- Mining batch: 32000 nonces (64000 hashes) starting at nonce 4192000 ---
  [DEBUG] idx=0 -> nonce g=4192000
  [DEBUG] idx=1 -> nonce g=4192000
  [DEBUG] idx=2 -> nonce g=4192001
  [DEBUG] idx=3 -> nonce g=4192001
  [DEBUG] idx=63998 -> nonce g=4223999
  [DEBUG] idx=63999 -> nonce g=4223999
  [DEBUG] First 10 hash bucket IDs: 772728 304290 1001095 228467 713436 1044955 194802 460108 667108 908050 
  [DEBUG] First hash bytes: bc a7 8b 85
Running GPU stages 1-7...
  Stage 1: 489 collisions in 473 buckets (max 3 per bucket)
  [DEBUG] First 5 non-empty buckets: bucket 10=1 colls, bucket 20=1 colls, bucket 49=1 colls, bucket 61=1 colls, bucket 62=1 colls, 
  [DEBUG] First collision attr=0x00000000 hash=00000000
  Stage 2: 8 collisions
  [DEBUG] Stage 2 first 10 bucket_counts: 0 0 0 0 0 0 0 0 0 0 
  Stage 3: 0 collisions
  Stage 4: 0 collisions
  Stage 5: 0 collisions
  Stage 6: 0 collisions
  Stage 7: 0 solution candidates
GPU mining complete: 0.65 seconds

No solution candidates found (need more nonces)

═══ Batch 133/625: nonces 4224000-4255999 (32000 nonces) ═══

--- Mining batch: 32000 nonces (64000 hashes) starting at nonce 4224000 ---
  [DEBUG] idx=0 -> nonce g=4224000
  [DEBUG] idx=1 -> nonce g=4224000
  [DEBUG] idx=2 -> nonce g=4224001
  [DEBUG] idx=3 -> nonce g=4224001
  [DEBUG] idx=63998 -> nonce g=4255999
  [DEBUG] idx=63999 -> nonce g=4255999
  [DEBUG] First 10 hash bucket IDs: 646232 135160 605361 214887 735895 566593 876458 899127 798341 804846 
  [DEBUG] First hash bytes: 9d c5 8c 5d
Running GPU stages 1-7...
  Stage 1: 513 collisions in 505 buckets (max 3 per bucket)
  [DEBUG] First 5 non-empty buckets: bucket 53=1 colls, bucket 89=1 colls, bucket 95=1 colls, bucket 119=1 colls, bucket 131=1 colls, 
  [DEBUG] First collision attr=0x00000000 hash=00000000
  Stage 2: 11 collisions
  [DEBUG] Stage 2 first 10 bucket_counts: 0 0 0 0 0 0 0 0 0 0 
  Stage 3: 0 collisions
  Stage 4: 0 collisions
  Stage 5: 0 collisions
  Stage 6: 0 collisions
  Stage 7: 0 solution candidates
GPU mining complete: 0.66 seconds

No solution candidates found (need more nonces)

═══ Batch 134/625: nonces 4256000-4287999 (32000 nonces) ═══

--- Mining batch: 32000 nonces (64000 hashes) starting at nonce 4256000 ---
  [DEBUG] idx=0 -> nonce g=4256000
  [DEBUG] idx=1 -> nonce g=4256000
  [DEBUG] idx=2 -> nonce g=4256001
  [DEBUG] idx=3 -> nonce g=4256001
  [DEBUG] idx=63998 -> nonce g=4287999
  [DEBUG] idx=63999 -> nonce g=4287999
  [DEBUG] First 10 hash bucket IDs: 519361 909699 268348 70028 637065 940045 10392 305731 486349 691377 
  [DEBUG] First hash bytes: 7e cc 1b 7a
Running GPU stages 1-7...
  Stage 1: 513 collisions in 501 buckets (max 3 per bucket)
  [DEBUG] First 5 non-empty buckets: bucket 17=1 colls, bucket 28=1 colls, bucket 56=1 colls, bucket 63=1 colls, bucket 93=2 colls, 
  [DEBUG] First collision attr=0x00000000 hash=00000000
  Stage 2: 7 collisions
  [DEBUG] Stage 2 first 10 bucket_counts: 0 0 0 0 0 0 0 0 0 0 
  Stage 3: 0 collisions
  Stage 4: 0 collisions
  Stage 5: 0 collisions
  Stage 6: 0 collisions
  Stage 7: 0 solution candidates
GPU mining complete: 0.68 seconds

No solution candidates found (need more nonces)

═══ Batch 135/625: nonces 4288000-4319999 (32000 nonces) ═══

--- Mining batch: 32000 nonces (64000 hashes) starting at nonce 4288000 ---
  [DEBUG] idx=0 -> nonce g=4288000
  [DEBUG] idx=1 -> nonce g=4288000
  [DEBUG] idx=2 -> nonce g=4288001
  [DEBUG] idx=3 -> nonce g=4288001
  [DEBUG] idx=63998 -> nonce g=4319999
  [DEBUG] idx=63999 -> nonce g=4319999
  [DEBUG] First 10 hash bucket IDs: 424911 379926 305012 346603 768767 560730 755889 240792 18410 93761 
  [DEBUG] First hash bytes: 67 bc f9 9e
Running GPU stages 1-7...
  Stage 1: 477 collisions in 466 buckets (max 3 per bucket)
  [DEBUG] First 5 non-empty buckets: bucket 14=1 colls, bucket 36=1 colls, bucket 59=1 colls, bucket 73=1 colls, bucket 80=1 colls, 
  [DEBUG] First collision attr=0x00000000 hash=00000000
  Stage 2: 6 collisions
  [DEBUG] Stage 2 first 10 bucket_counts: 0 0 0 0 0 0 0 0 0 0 
  Stage 3: 0 collisions
  Stage 4: 0 collisions
  Stage 5: 0 collisions
  Stage 6: 0 collisions
  Stage 7: 0 solution candidates
GPU mining complete: 0.65 seconds

No solution candidates found (need more nonces)

═══ Batch 136/625: nonces 4320000-4351999 (32000 nonces) ═══

--- Mining batch: 32000 nonces (64000 hashes) starting at nonce 4320000 ---
  [DEBUG] idx=0 -> nonce g=4320000
  [DEBUG] idx=1 -> nonce g=4320000
  [DEBUG] idx=2 -> nonce g=4320001
  [DEBUG] idx=3 -> nonce g=4320001
  [DEBUG] idx=63998 -> nonce g=4351999
  [DEBUG] idx=63999 -> nonce g=4351999
  [DEBUG] First 10 hash bucket IDs: 784103 200295 364187 817652 409079 482197 345035 603501 284369 902164 
  [DEBUG] First hash bytes: bf 6e 79 45
Running GPU stages 1-7...
  Stage 1: 530 collisions in 516 buckets (max 3 per bucket)
  [DEBUG] First 5 non-empty buckets: bucket 6=1 colls, bucket 76=1 colls, bucket 94=1 colls, bucket 101=1 colls, bucket 163=1 colls, 
  [DEBUG] First collision attr=0x00000000 hash=00000000
  Stage 2: 10 collisions
  [DEBUG] Stage 2 first 10 bucket_counts: 0 0 0 0 0 0 0 0 0 0 
  Stage 3: 0 collisions
  Stage 4: 0 collisions
  Stage 5: 0 collisions
  Stage 6: 0 collisions
  Stage 7: 0 solution candidates
GPU mining complete: 0.65 seconds

No solution candidates found (need more nonces)

═══ Batch 137/625: nonces 4352000-4383999 (32000 nonces) ═══

--- Mining batch: 32000 nonces (64000 hashes) starting at nonce 4352000 ---
  [DEBUG] idx=0 -> nonce g=4352000
  [DEBUG] idx=1 -> nonce g=4352000
  [DEBUG] idx=2 -> nonce g=4352001
  [DEBUG] idx=3 -> nonce g=4352001
  [DEBUG] idx=63998 -> nonce g=4383999
  [DEBUG] idx=63999 -> nonce g=4383999
  [DEBUG] First 10 hash bucket IDs: 750419 350478 589792 980634 925078 70322 585348 251824 827212 520208 
  [DEBUG] First hash bytes: b7 35 35 0c
Running GPU stages 1-7...
  Stage 1: 479 collisions in 472 buckets (max 3 per bucket)
  [DEBUG] First 5 non-empty buckets: bucket 13=1 colls, bucket 26=1 colls, bucket 88=1 colls, bucket 271=1 colls, bucket 309=1 colls, 
  [DEBUG] First collision attr=0x00000000 hash=00000000
  Stage 2: 9 collisions
  [DEBUG] Stage 2 first 10 bucket_counts: 0 0 0 0 0 0 0 0 0 0 
  Stage 3: 0 collisions
  Stage 4: 0 collisions
  Stage 5: 0 collisions
  Stage 6: 0 collisions
  Stage 7: 0 solution candidates
GPU mining complete: 0.64 seconds

No solution candidates found (need more nonces)

═══ Batch 138/625: nonces 4384000-4415999 (32000 nonces) ═══

--- Mining batch: 32000 nonces (64000 hashes) starting at nonce 4384000 ---
  [DEBUG] idx=0 -> nonce g=4384000
  [DEBUG] idx=1 -> nonce g=4384000
  [DEBUG] idx=2 -> nonce g=4384001
  [DEBUG] idx=3 -> nonce g=4384001
  [DEBUG] idx=63998 -> nonce g=4415999
  [DEBUG] idx=63999 -> nonce g=4415999
  [DEBUG] First 10 hash bucket IDs: 724079 276388 453319 556254 565467 960944 609262 906819 597059 494120 
  [DEBUG] First hash bytes: b0 c6 fd ea
Running GPU stages 1-7...
  Stage 1: 484 collisions in 473 buckets (max 3 per bucket)
  [DEBUG] First 5 non-empty buckets: bucket 7=1 colls, bucket 10=1 colls, bucket 15=1 colls, bucket 35=1 colls, bucket 67=1 colls, 
  [DEBUG] First collision attr=0x00000000 hash=00000000
  Stage 2: 9 collisions
  [DEBUG] Stage 2 first 10 bucket_counts: 0 0 0 0 0 0 0 0 0 0 
  Stage 3: 0 collisions
  Stage 4: 0 collisions
  Stage 5: 0 collisions
  Stage 6: 0 collisions
  Stage 7: 0 solution candidates
GPU mining complete: 0.64 seconds

No solution candidates found (need more nonces)

═══ Batch 139/625: nonces 4416000-4447999 (32000 nonces) ═══

--- Mining batch: 32000 nonces (64000 hashes) starting at nonce 4416000 ---
  [DEBUG] idx=0 -> nonce g=4416000
  [DEBUG] idx=1 -> nonce g=4416000
  [DEBUG] idx=2 -> nonce g=4416001
  [DEBUG] idx=3 -> nonce g=4416001
  [DEBUG] idx=63998 -> nonce g=4447999
  [DEBUG] idx=63999 -> nonce g=4447999
  [DEBUG] First 10 hash bucket IDs: 370410 942818 156068 101160 783478 1014051 365934 439028 290137 752121 
  [DEBUG] First hash bytes: 5a 6e a2 e2
Running GPU stages 1-7...
  Stage 1: 486 collisions in 475 buckets (max 3 per bucket)
  [DEBUG] First 5 non-empty buckets: bucket 58=1 colls, bucket 90=1 colls, bucket 132=1 colls, bucket 176=1 colls, bucket 209=1 colls, 
  [DEBUG] First collision attr=0x00000000 hash=00000000
  Stage 2: 10 collisions
  [DEBUG] Stage 2 first 10 bucket_counts: 0 0 0 0 0 0 0 0 0 0 
  Stage 3: 0 collisions
  Stage 4: 0 collisions
  Stage 5: 0 collisions
  Stage 6: 0 collisions
  Stage 7: 0 solution candidates
GPU mining complete: 0.65 seconds

No solution candidates found (need more nonces)

═══ Batch 140/625: nonces 4448000-4479999 (32000 nonces) ═══

--- Mining batch: 32000 nonces (64000 hashes) starting at nonce 4448000 ---
  [DEBUG] idx=0 -> nonce g=4448000
  [DEBUG] idx=1 -> nonce g=4448000
  [DEBUG] idx=2 -> nonce g=4448001
  [DEBUG] idx=3 -> nonce g=4448001
  [DEBUG] idx=63998 -> nonce g=4479999
  [DEBUG] idx=63999 -> nonce g=4479999
  [DEBUG] First 10 hash bucket IDs: 466654 519036 655943 782033 659195 318934 115518 79046 400911 134972 
  [DEBUG] First hash bytes: 71 ed e8 88
Running GPU stages 1-7...
  Stage 1: 482 collisions in 469 buckets (max 4 per bucket)
  [DEBUG] First 5 non-empty buckets: bucket 11=1 colls, bucket 69=1 colls, bucket 193=1 colls, bucket 201=1 colls, bucket 217=1 colls, 
  [DEBUG] First collision attr=0x00000000 hash=00000000
  Stage 2: 4 collisions
  [DEBUG] Stage 2 first 10 bucket_counts: 0 0 0 0 0 0 0 0 0 0 
  Stage 3: 0 collisions
  Stage 4: 0 collisions
  Stage 5: 0 collisions
  Stage 6: 0 collisions
  Stage 7: 0 solution candidates
GPU mining complete: 0.65 seconds

No solution candidates found (need more nonces)

═══ Batch 141/625: nonces 4480000-4511999 (32000 nonces) ═══

--- Mining batch: 32000 nonces (64000 hashes) starting at nonce 4480000 ---
  [DEBUG] idx=0 -> nonce g=4480000
  [DEBUG] idx=1 -> nonce g=4480000
  [DEBUG] idx=2 -> nonce g=4480001
  [DEBUG] idx=3 -> nonce g=4480001
  [DEBUG] idx=63998 -> nonce g=4511999
  [DEBUG] idx=63999 -> nonce g=4511999
  [DEBUG] First 10 hash bucket IDs: 505043 31061 935975 874586 4415 687285 4070 705204 167950 26913 
  [DEBUG] First hash bytes: 7b 4d 3b 5a
Running GPU stages 1-7...
  Stage 1: 512 collisions in 505 buckets (max 2 per bucket)
  [DEBUG] First 5 non-empty buckets: bucket 27=1 colls, bucket 33=1 colls, bucket 42=1 colls, bucket 60=2 colls, bucket 94=1 colls, 
  [DEBUG] First collision attr=0x00000000 hash=00000000
  Stage 2: 5 collisions
  [DEBUG] Stage 2 first 10 bucket_counts: 0 0 0 0 0 0 0 0 0 0 
  Stage 3: 0 collisions
  Stage 4: 0 collisions
  Stage 5: 0 collisions
  Stage 6: 0 collisions
  Stage 7: 0 solution candidates
GPU mining complete: 0.65 seconds

No solution candidates found (need more nonces)

═══ Batch 142/625: nonces 4512000-4543999 (32000 nonces) ═══

--- Mining batch: 32000 nonces (64000 hashes) starting at nonce 4512000 ---
  [DEBUG] idx=0 -> nonce g=4512000
  [DEBUG] idx=1 -> nonce g=4512000
  [DEBUG] idx=2 -> nonce g=4512001
  [DEBUG] idx=3 -> nonce g=4512001
  [DEBUG] idx=63998 -> nonce g=4543999
  [DEBUG] idx=63999 -> nonce g=4543999
  [DEBUG] First 10 hash bucket IDs: 417102 558300 965706 373506 859940 287345 744642 383434 861325 446859 
  [DEBUG] First hash bytes: 65 d4 e0 e8
Running GPU stages 1-7...
  Stage 1: 506 collisions in 494 buckets (max 3 per bucket)
  [DEBUG] First 5 non-empty buckets: bucket 33=1 colls, bucket 89=1 colls, bucket 273=1 colls, bucket 277=1 colls, bucket 301=1 colls, 
  [DEBUG] First collision attr=0x00000000 hash=00000000
  Stage 2: 9 collisions
  [DEBUG] Stage 2 first 10 bucket_counts: 0 0 0 0 0 0 0 0 0 0 
  Stage 3: 0 collisions
  Stage 4: 0 collisions
  Stage 5: 0 collisions
  Stage 6: 0 collisions
  Stage 7: 0 solution candidates
GPU mining complete: 0.65 seconds

No solution candidates found (need more nonces)

═══ Batch 143/625: nonces 4544000-4575999 (32000 nonces) ═══

--- Mining batch: 32000 nonces (64000 hashes) starting at nonce 4544000 ---
  [DEBUG] idx=0 -> nonce g=4544000
  [DEBUG] idx=1 -> nonce g=4544000
  [DEBUG] idx=2 -> nonce g=4544001
  [DEBUG] idx=3 -> nonce g=4544001
  [DEBUG] idx=63998 -> nonce g=4575999
  [DEBUG] idx=63999 -> nonce g=4575999
  [DEBUG] First 10 hash bucket IDs: 409356 884576 1008407 959547 591129 1028300 1013438 522 737758 9202 
  [DEBUG] First hash bytes: 63 f0 c9 da
Running GPU stages 1-7...
  Stage 1: 467 collisions in 452 buckets (max 6 per bucket)
  [DEBUG] First 5 non-empty buckets: bucket 99=1 colls, bucket 126=1 colls, bucket 146=1 colls, bucket 162=1 colls, bucket 186=1 colls, 
  [DEBUG] First collision attr=0x00000000 hash=00000000
  Stage 2: 8 collisions
  [DEBUG] Stage 2 first 10 bucket_counts: 0 0 0 0 0 0 0 0 0 0 
  Stage 3: 0 collisions
  Stage 4: 0 collisions
  Stage 5: 0 collisions
  Stage 6: 0 collisions
  Stage 7: 0 solution candidates
GPU mining complete: 0.65 seconds

No solution candidates found (need more nonces)

═══ Batch 144/625: nonces 4576000-4607999 (32000 nonces) ═══

--- Mining batch: 32000 nonces (64000 hashes) starting at nonce 4576000 ---
  [DEBUG] idx=0 -> nonce g=4576000
  [DEBUG] idx=1 -> nonce g=4576000
  [DEBUG] idx=2 -> nonce g=4576001
  [DEBUG] idx=3 -> nonce g=4576001
  [DEBUG] idx=63998 -> nonce g=4607999
  [DEBUG] idx=63999 -> nonce g=4607999
  [DEBUG] First 10 hash bucket IDs: 989336 925388 161628 508194 792610 980059 214491 234956 376482 1031140 
  [DEBUG] First hash bytes: f1 89 89 d2
Running GPU stages 1-7...
  Stage 1: 476 collisions in 463 buckets (max 3 per bucket)
  [DEBUG] First 5 non-empty buckets: bucket 14=1 colls, bucket 49=1 colls, bucket 93=1 colls, bucket 131=1 colls, bucket 161=1 colls, 
  [DEBUG] First collision attr=0x00000000 hash=00000000
  Stage 2: 7 collisions
  [DEBUG] Stage 2 first 10 bucket_counts: 0 0 0 0 0 0 0 0 0 0 
  Stage 3: 0 collisions
  Stage 4: 0 collisions
  Stage 5: 0 collisions
  Stage 6: 0 collisions
  Stage 7: 0 solution candidates
GPU mining complete: 0.66 seconds

No solution candidates found (need more nonces)

═══ Batch 145/625: nonces 4608000-4639999 (32000 nonces) ═══

--- Mining batch: 32000 nonces (64000 hashes) starting at nonce 4608000 ---
  [DEBUG] idx=0 -> nonce g=4608000
  [DEBUG] idx=1 -> nonce g=4608000
  [DEBUG] idx=2 -> nonce g=4608001
  [DEBUG] idx=3 -> nonce g=4608001
  [DEBUG] idx=63998 -> nonce g=4639999
  [DEBUG] idx=63999 -> nonce g=4639999
  [DEBUG] First 10 hash bucket IDs: 474433 914799 848885 614904 80780 197905 689693 693975 302756 186058 
  [DEBUG] First hash bytes: 73 d4 13 55
Running GPU stages 1-7...
  Stage 1: 493 collisions in 485 buckets (max 3 per bucket)
  [DEBUG] First 5 non-empty buckets: bucket 28=1 colls, bucket 77=1 colls, bucket 91=1 colls, bucket 95=1 colls, bucket 106=1 colls, 
  [DEBUG] First collision attr=0x00000000 hash=00000000
  Stage 2: 7 collisions
  [DEBUG] Stage 2 first 10 bucket_counts: 0 0 0 0 0 0 0 0 0 0 
  Stage 3: 0 collisions
  Stage 4: 0 collisions
  Stage 5: 0 collisions
  Stage 6: 0 collisions
  Stage 7: 0 solution candidates
GPU mining complete: 0.67 seconds

No solution candidates found (need more nonces)

═══ Batch 146/625: nonces 4640000-4671999 (32000 nonces) ═══

--- Mining batch: 32000 nonces (64000 hashes) starting at nonce 4640000 ---
  [DEBUG] idx=0 -> nonce g=4640000
  [DEBUG] idx=1 -> nonce g=4640000
  [DEBUG] idx=2 -> nonce g=4640001
  [DEBUG] idx=3 -> nonce g=4640001
  [DEBUG] idx=63998 -> nonce g=4671999
  [DEBUG] idx=63999 -> nonce g=4671999
  [DEBUG] First 10 hash bucket IDs: 103882 790057 657978 747302 80565 135853 233059 624881 212055 158779 
  [DEBUG] First hash bytes: 19 5c a3 ba
Running GPU stages 1-7...
  Stage 1: 461 collisions in 451 buckets (max 3 per bucket)
  [DEBUG] First 5 non-empty buckets: bucket 74=1 colls, bucket 148=1 colls, bucket 182=1 colls, bucket 183=1 colls, bucket 199=1 colls, 
  [DEBUG] First collision attr=0x00000000 hash=00000000
  Stage 2: 8 collisions
  [DEBUG] Stage 2 first 10 bucket_counts: 0 0 0 0 0 0 0 0 0 0 
  Stage 3: 0 collisions
  Stage 4: 0 collisions
  Stage 5: 0 collisions
  Stage 6: 0 collisions
  Stage 7: 0 solution candidates
GPU mining complete: 0.65 seconds

No solution candidates found (need more nonces)

═══ Batch 147/625: nonces 4672000-4703999 (32000 nonces) ═══

--- Mining batch: 32000 nonces (64000 hashes) starting at nonce 4672000 ---
  [DEBUG] idx=0 -> nonce g=4672000
  [DEBUG] idx=1 -> nonce g=4672000
  [DEBUG] idx=2 -> nonce g=4672001
  [DEBUG] idx=3 -> nonce g=4672001
  [DEBUG] idx=63998 -> nonce g=4703999
  [DEBUG] idx=63999 -> nonce g=4703999
  [DEBUG] First 10 hash bucket IDs: 932008 430709 641673 210245 664171 374701 1035444 1016806 64612 956141 
  [DEBUG] First hash bytes: e3 8a 88 25
Running GPU stages 1-7...
  Stage 1: 490 collisions in 476 buckets (max 4 per bucket)
  [DEBUG] First 5 non-empty buckets: bucket 24=1 colls, bucket 127=1 colls, bucket 156=1 colls, bucket 188=1 colls, bucket 201=1 colls, 
  [DEBUG] First collision attr=0x00000000 hash=00000000
  Stage 2: 11 collisions
  [DEBUG] Stage 2 first 10 bucket_counts: 0 0 0 0 0 0 0 0 0 0 
  Stage 3: 0 collisions
  Stage 4: 0 collisions
  Stage 5: 0 collisions
  Stage 6: 0 collisions
  Stage 7: 0 solution candidates
GPU mining complete: 0.62 seconds

No solution candidates found (need more nonces)

═══ Batch 148/625: nonces 4704000-4735999 (32000 nonces) ═══

--- Mining batch: 32000 nonces (64000 hashes) starting at nonce 4704000 ---
  [DEBUG] idx=0 -> nonce g=4704000
  [DEBUG] idx=1 -> nonce g=4704000
  [DEBUG] idx=2 -> nonce g=4704001
  [DEBUG] idx=3 -> nonce g=4704001
  [DEBUG] idx=63998 -> nonce g=4735999
  [DEBUG] idx=63999 -> nonce g=4735999
  [DEBUG] First 10 hash bucket IDs: 257163 641268 949081 916648 311736 326346 816474 693052 472194 814902 
  [DEBUG] First hash bytes: 3e c8 bf 2f
Running GPU stages 1-7...
  Stage 1: 491 collisions in 473 buckets (max 3 per bucket)
  [DEBUG] First 5 non-empty buckets: bucket 67=1 colls, bucket 75=1 colls, bucket 143=1 colls, bucket 152=1 colls, bucket 172=1 colls, 
  [DEBUG] First collision attr=0x00000000 hash=00000000
  Stage 2: 4 collisions
  [DEBUG] Stage 2 first 10 bucket_counts: 0 0 0 0 0 0 0 0 0 0 
  Stage 3: 0 collisions
  Stage 4: 0 collisions
  Stage 5: 0 collisions
  Stage 6: 0 collisions
  Stage 7: 0 solution candidates
GPU mining complete: 0.68 seconds

No solution candidates found (need more nonces)

═══ Batch 149/625: nonces 4736000-4767999 (32000 nonces) ═══

--- Mining batch: 32000 nonces (64000 hashes) starting at nonce 4736000 ---
  [DEBUG] idx=0 -> nonce g=4736000
  [DEBUG] idx=1 -> nonce g=4736000
  [DEBUG] idx=2 -> nonce g=4736001
  [DEBUG] idx=3 -> nonce g=4736001
  [DEBUG] idx=63998 -> nonce g=4767999
  [DEBUG] idx=63999 -> nonce g=4767999
  [DEBUG] First 10 hash bucket IDs: 346215 675363 968536 961075 452259 617223 116423 401282 554573 795840 
  [DEBUG] First hash bytes: 54 86 71 d3
Running GPU stages 1-7...
  Stage 1: 484 collisions in 473 buckets (max 2 per bucket)
  [DEBUG] First 5 non-empty buckets: bucket 5=1 colls, bucket 12=1 colls, bucket 24=1 colls, bucket 79=1 colls, bucket 98=1 colls, 
  [DEBUG] First collision attr=0x00000000 hash=00000000
  Stage 2: 7 collisions
  [DEBUG] Stage 2 first 10 bucket_counts: 0 0 0 0 0 0 0 0 0 0 
  Stage 3: 0 collisions
  Stage 4: 0 collisions
  Stage 5: 0 collisions
  Stage 6: 0 collisions
  Stage 7: 0 solution candidates
GPU mining complete: 0.65 seconds

No solution candidates found (need more nonces)

═══ Batch 150/625: nonces 4768000-4799999 (32000 nonces) ═══

--- Mining batch: 32000 nonces (64000 hashes) starting at nonce 4768000 ---
  [DEBUG] idx=0 -> nonce g=4768000
  [DEBUG] idx=1 -> nonce g=4768000
  [DEBUG] idx=2 -> nonce g=4768001
  [DEBUG] idx=3 -> nonce g=4768001
  [DEBUG] idx=63998 -> nonce g=4799999
  [DEBUG] idx=63999 -> nonce g=4799999
  [DEBUG] First 10 hash bucket IDs: 881431 838032 631775 594010 800599 812582 177823 1045844 104416 834805 
  [DEBUG] First hash bytes: d7 31 71 82
Running GPU stages 1-7...
  Stage 1: 492 collisions in 480 buckets (max 3 per bucket)
  [DEBUG] First 5 non-empty buckets: bucket 7=1 colls, bucket 112=1 colls, bucket 159=2 colls, bucket 194=1 colls, bucket 268=1 colls, 
  [DEBUG] First collision attr=0x00000000 hash=00000000
  Stage 2: 6 collisions
  [DEBUG] Stage 2 first 10 bucket_counts: 0 0 0 0 0 0 0 0 0 0 
  Stage 3: 0 collisions
  Stage 4: 0 collisions
  Stage 5: 0 collisions
  Stage 6: 0 collisions
  Stage 7: 0 solution candidates
GPU mining complete: 0.65 seconds

No solution candidates found (need more nonces)

═══ Batch 151/625: nonces 4800000-4831999 (32000 nonces) ═══

--- Mining batch: 32000 nonces (64000 hashes) starting at nonce 4800000 ---
  [DEBUG] idx=0 -> nonce g=4800000
  [DEBUG] idx=1 -> nonce g=4800000
  [DEBUG] idx=2 -> nonce g=4800001
  [DEBUG] idx=3 -> nonce g=4800001
  [DEBUG] idx=63998 -> nonce g=4831999
  [DEBUG] idx=63999 -> nonce g=4831999
  [DEBUG] First 10 hash bucket IDs: 658669 201077 1015990 891676 1016055 970648 532107 409010 784357 703779 
  [DEBUG] First hash bytes: a0 ce d4 05
Running GPU stages 1-7...
  Stage 1: 483 collisions in 475 buckets (max 3 per bucket)
  [DEBUG] First 5 non-empty buckets: bucket 7=1 colls, bucket 8=1 colls, bucket 13=1 colls, bucket 37=1 colls, bucket 40=1 colls, 
  [DEBUG] First collision attr=0x00000000 hash=00000000
  Stage 2: 10 collisions
  [DEBUG] Stage 2 first 10 bucket_counts: 0 0 0 0 0 0 0 0 0 0 
  Stage 3: 0 collisions
  Stage 4: 0 collisions
  Stage 5: 0 collisions
  Stage 6: 0 collisions
  Stage 7: 0 solution candidates
GPU mining complete: 0.65 seconds

No solution candidates found (need more nonces)

═══ Batch 152/625: nonces 4832000-4863999 (32000 nonces) ═══

--- Mining batch: 32000 nonces (64000 hashes) starting at nonce 4832000 ---
  [DEBUG] idx=0 -> nonce g=4832000
  [DEBUG] idx=1 -> nonce g=4832000
  [DEBUG] idx=2 -> nonce g=4832001
  [DEBUG] idx=3 -> nonce g=4832001
  [DEBUG] idx=63998 -> nonce g=4863999
  [DEBUG] idx=63999 -> nonce g=4863999
  [DEBUG] First 10 hash bucket IDs: 815950 757045 264680 843899 319272 10355 553278 490357 535843 67534 
  [DEBUG] First hash bytes: c7 34 ea 9f
Running GPU stages 1-7...
  Stage 1: 478 collisions in 466 buckets (max 4 per bucket)
  [DEBUG] First 5 non-empty buckets: bucket 36=1 colls, bucket 60=1 colls, bucket 81=1 colls, bucket 122=1 colls, bucket 138=1 colls, 
  [DEBUG] First collision attr=0x00000000 hash=00000000
  Stage 2: 8 collisions
  [DEBUG] Stage 2 first 10 bucket_counts: 0 0 0 0 0 0 0 0 0 0 
  Stage 3: 0 collisions
  Stage 4: 0 collisions
  Stage 5: 0 collisions
  Stage 6: 0 collisions
  Stage 7: 0 solution candidates
GPU mining complete: 0.65 seconds

No solution candidates found (need more nonces)

═══ Batch 153/625: nonces 4864000-4895999 (32000 nonces) ═══

--- Mining batch: 32000 nonces (64000 hashes) starting at nonce 4864000 ---
  [DEBUG] idx=0 -> nonce g=4864000
  [DEBUG] idx=1 -> nonce g=4864000
  [DEBUG] idx=2 -> nonce g=4864001
  [DEBUG] idx=3 -> nonce g=4864001
  [DEBUG] idx=63998 -> nonce g=4895999
  [DEBUG] idx=63999 -> nonce g=4895999
  [DEBUG] First 10 hash bucket IDs: 353794 503089 503339 311008 583955 98203 6097 791351 978252 490723 
  [DEBUG] First hash bytes: 56 60 20 6a
Running GPU stages 1-7...
  Stage 1: 497 collisions in 480 buckets (max 3 per bucket)
  [DEBUG] First 5 non-empty buckets: bucket 15=1 colls, bucket 79=1 colls, bucket 102=1 colls, bucket 159=1 colls, bucket 194=1 colls, 
  [DEBUG] First collision attr=0x00000000 hash=00000000
  Stage 2: 7 collisions
  [DEBUG] Stage 2 first 10 bucket_counts: 0 0 0 0 0 0 0 0 0 0 
  Stage 3: 0 collisions
  Stage 4: 0 collisions
  Stage 5: 0 collisions
  Stage 6: 0 collisions
  Stage 7: 0 solution candidates
GPU mining complete: 0.65 seconds

No solution candidates found (need more nonces)

═══ Batch 154/625: nonces 4896000-4927999 (32000 nonces) ═══

--- Mining batch: 32000 nonces (64000 hashes) starting at nonce 4896000 ---
  [DEBUG] idx=0 -> nonce g=4896000
  [DEBUG] idx=1 -> nonce g=4896000
  [DEBUG] idx=2 -> nonce g=4896001
  [DEBUG] idx=3 -> nonce g=4896001
  [DEBUG] idx=63998 -> nonce g=4927999
  [DEBUG] idx=63999 -> nonce g=4927999
  [DEBUG] First 10 hash bucket IDs: 646409 380226 615319 984555 405938 844788 584988 613258 673789 865136 
  [DEBUG] First hash bytes: 9d d0 9e 81
Running GPU stages 1-7...
  Stage 1: 507 collisions in 489 buckets (max 3 per bucket)
  [DEBUG] First 5 non-empty buckets: bucket 51=2 colls, bucket 92=1 colls, bucket 96=1 colls, bucket 121=1 colls, bucket 168=1 colls, 
  [DEBUG] First collision attr=0x00000000 hash=00000000
  Stage 2: 6 collisions
  [DEBUG] Stage 2 first 10 bucket_counts: 0 0 0 0 0 0 0 0 0 0 
  Stage 3: 0 collisions
  Stage 4: 0 collisions
  Stage 5: 0 collisions
  Stage 6: 0 collisions
  Stage 7: 0 solution candidates
GPU mining complete: 0.65 seconds

No solution candidates found (need more nonces)

═══ Batch 155/625: nonces 4928000-4959999 (32000 nonces) ═══

--- Mining batch: 32000 nonces (64000 hashes) starting at nonce 4928000 ---
  [DEBUG] idx=0 -> nonce g=4928000
  [DEBUG] idx=1 -> nonce g=4928000
  [DEBUG] idx=2 -> nonce g=4928001
  [DEBUG] idx=3 -> nonce g=4928001
  [DEBUG] idx=63998 -> nonce g=4959999
  [DEBUG] idx=63999 -> nonce g=4959999
  [DEBUG] First 10 hash bucket IDs: 804630 990005 369464 16494 21484 317469 278937 141897 306727 43262 
  [DEBUG] First hash bytes: c4 71 68 18
Running GPU stages 1-7...
  Stage 1: 434 collisions in 420 buckets (max 3 per bucket)
  [DEBUG] First 5 non-empty buckets: bucket 21=1 colls, bucket 110=1 colls, bucket 115=1 colls, bucket 182=1 colls, bucket 222=1 colls, 
  [DEBUG] First collision attr=0x00000000 hash=00000000
  Stage 2: 10 collisions
  [DEBUG] Stage 2 first 10 bucket_counts: 0 0 0 0 0 0 0 0 0 0 
  Stage 3: 0 collisions
  Stage 4: 0 collisions
  Stage 5: 0 collisions
  Stage 6: 0 collisions
  Stage 7: 0 solution candidates
GPU mining complete: 0.65 seconds

No solution candidates found (need more nonces)

═══ Batch 156/625: nonces 4960000-4991999 (32000 nonces) ═══

--- Mining batch: 32000 nonces (64000 hashes) starting at nonce 4960000 ---
  [DEBUG] idx=0 -> nonce g=4960000
  [DEBUG] idx=1 -> nonce g=4960000
  [DEBUG] idx=2 -> nonce g=4960001
  [DEBUG] idx=3 -> nonce g=4960001
  [DEBUG] idx=63998 -> nonce g=4991999
  [DEBUG] idx=63999 -> nonce g=4991999
  [DEBUG] First 10 hash bucket IDs: 826831 72571 490098 592467 266056 1002290 478908 841959 458677 333135 
  [DEBUG] First hash bytes: c9 dc f7 6c
Running GPU stages 1-7...
  Stage 1: 443 collisions in 433 buckets (max 3 per bucket)
  [DEBUG] First 5 non-empty buckets: bucket 67=1 colls, bucket 88=1 colls, bucket 106=1 colls, bucket 171=1 colls, bucket 218=1 colls, 
  [DEBUG] First collision attr=0x00000000 hash=00000000
  Stage 2: 4 collisions
  [DEBUG] Stage 2 first 10 bucket_counts: 0 0 0 0 0 0 0 0 0 0 
  Stage 3: 0 collisions
  Stage 4: 0 collisions
  Stage 5: 0 collisions
  Stage 6: 0 collisions
  Stage 7: 0 solution candidates
GPU mining complete: 0.65 seconds

No solution candidates found (need more nonces)

═══ Batch 157/625: nonces 4992000-5023999 (32000 nonces) ═══

--- Mining batch: 32000 nonces (64000 hashes) starting at nonce 4992000 ---
  [DEBUG] idx=0 -> nonce g=4992000
  [DEBUG] idx=1 -> nonce g=4992000
  [DEBUG] idx=2 -> nonce g=4992001
  [DEBUG] idx=3 -> nonce g=4992001
  [DEBUG] idx=63998 -> nonce g=5023999
  [DEBUG] idx=63999 -> nonce g=5023999
  [DEBUG] First 10 hash bucket IDs: 894644 1005167 478699 334787 958935 86103 898423 1030581 324724 585725 
  [DEBUG] First hash bytes: da 6b 44 40
Running GPU stages 1-7...
  Stage 1: 499 collisions in 486 buckets (max 3 per bucket)
  [DEBUG] First 5 non-empty buckets: bucket 30=2 colls, bucket 115=1 colls, bucket 127=1 colls, bucket 140=1 colls, bucket 155=1 colls, 
  [DEBUG] First collision attr=0x00000000 hash=00000000
  Stage 2: 8 collisions
  [DEBUG] Stage 2 first 10 bucket_counts: 0 0 0 0 0 0 0 0 0 0 
  Stage 3: 0 collisions
  Stage 4: 0 collisions
  Stage 5: 0 collisions
  Stage 6: 0 collisions
  Stage 7: 0 solution candidates
GPU mining complete: 0.65 seconds

No solution candidates found (need more nonces)

═══ Batch 158/625: nonces 5024000-5055999 (32000 nonces) ═══

--- Mining batch: 32000 nonces (64000 hashes) starting at nonce 5024000 ---
  [DEBUG] idx=0 -> nonce g=5024000
  [DEBUG] idx=1 -> nonce g=5024000
  [DEBUG] idx=2 -> nonce g=5024001
  [DEBUG] idx=3 -> nonce g=5024001
  [DEBUG] idx=63998 -> nonce g=5055999
  [DEBUG] idx=63999 -> nonce g=5055999
  [DEBUG] First 10 hash bucket IDs: 289029 818724 790297 9260 440753 845674 880088 803149 102671 90565 
  [DEBUG] First hash bytes: 46 90 50 03
Running GPU stages 1-7...
  Stage 1: 495 collisions in 487 buckets (max 3 per bucket)
  [DEBUG] First 5 non-empty buckets: bucket 3=1 colls, bucket 71=1 colls, bucket 87=1 colls, bucket 102=1 colls, bucket 143=2 colls, 
  [DEBUG] First collision attr=0x00000000 hash=00000000
  Stage 2: 9 collisions
  [DEBUG] Stage 2 first 10 bucket_counts: 0 0 0 0 0 0 0 0 0 0 
  Stage 3: 0 collisions
  Stage 4: 0 collisions
  Stage 5: 0 collisions
  Stage 6: 0 collisions
  Stage 7: 0 solution candidates
GPU mining complete: 0.65 seconds

No solution candidates found (need more nonces)

═══ Batch 159/625: nonces 5056000-5087999 (32000 nonces) ═══

--- Mining batch: 32000 nonces (64000 hashes) starting at nonce 5056000 ---
  [DEBUG] idx=0 -> nonce g=5056000
  [DEBUG] idx=1 -> nonce g=5056000
  [DEBUG] idx=2 -> nonce g=5056001
  [DEBUG] idx=3 -> nonce g=5056001
  [DEBUG] idx=63998 -> nonce g=5087999
  [DEBUG] idx=63999 -> nonce g=5087999
  [DEBUG] First 10 hash bucket IDs: 1033702 186004 788826 676845 577119 677505 669255 536950 342480 463040 
  [DEBUG] First hash bytes: fc 5e 6b de
Running GPU stages 1-7...
  Stage 1: 492 collisions in 480 buckets (max 3 per bucket)
  [DEBUG] First 5 non-empty buckets: bucket 23=1 colls, bucket 110=1 colls, bucket 146=1 colls, bucket 149=1 colls, bucket 159=1 colls, 
  [DEBUG] First collision attr=0x00000000 hash=00000000
  Stage 2: 7 collisions
  [DEBUG] Stage 2 first 10 bucket_counts: 0 0 0 0 0 0 0 0 0 0 
  Stage 3: 0 collisions
  Stage 4: 0 collisions
  Stage 5: 0 collisions
  Stage 6: 0 collisions
  Stage 7: 0 solution candidates
GPU mining complete: 0.65 seconds

No solution candidates found (need more nonces)

═══ Batch 160/625: nonces 5088000-5119999 (32000 nonces) ═══

--- Mining batch: 32000 nonces (64000 hashes) starting at nonce 5088000 ---
  [DEBUG] idx=0 -> nonce g=5088000
  [DEBUG] idx=1 -> nonce g=5088000
  [DEBUG] idx=2 -> nonce g=5088001
  [DEBUG] idx=3 -> nonce g=5088001
  [DEBUG] idx=63998 -> nonce g=5119999
  [DEBUG] idx=63999 -> nonce g=5119999
  [DEBUG] First 10 hash bucket IDs: 852146 158065 799338 617653 386305 104047 849287 1003199 608758 630328 
  [DEBUG] First hash bytes: d0 0b 2b 8a
Running GPU stages 1-7...
  Stage 1: 505 collisions in 488 buckets (max 3 per bucket)
  [DEBUG] First 5 non-empty buckets: bucket 57=1 colls, bucket 127=1 colls, bucket 188=1 colls, bucket 243=1 colls, bucket 296=1 colls, 
  [DEBUG] First collision attr=0x00000000 hash=00000000
  Stage 2: 8 collisions
  [DEBUG] Stage 2 first 10 bucket_counts: 0 0 0 0 0 0 0 0 0 0 
  Stage 3: 0 collisions
  Stage 4: 0 collisions
  Stage 5: 0 collisions
  Stage 6: 0 collisions
  Stage 7: 0 solution candidates
GPU mining complete: 0.65 seconds

No solution candidates found (need more nonces)

═══ Batch 161/625: nonces 5120000-5151999 (32000 nonces) ═══

--- Mining batch: 32000 nonces (64000 hashes) starting at nonce 5120000 ---
  [DEBUG] idx=0 -> nonce g=5120000
  [DEBUG] idx=1 -> nonce g=5120000
  [DEBUG] idx=2 -> nonce g=5120001
  [DEBUG] idx=3 -> nonce g=5120001
  [DEBUG] idx=63998 -> nonce g=5151999
  [DEBUG] idx=63999 -> nonce g=5151999
  [DEBUG] First 10 hash bucket IDs: 228886 578956 719166 379124 506303 216 937399 797424 41711 422062 
  [DEBUG] First hash bytes: 37 e1 67 5e
Running GPU stages 1-7...
  Stage 1: 507 collisions in 487 buckets (max 4 per bucket)
  [DEBUG] First 5 non-empty buckets: bucket 15=1 colls, bucket 35=1 colls, bucket 63=1 colls, bucket 68=1 colls, bucket 70=1 colls, 
  [DEBUG] First collision attr=0x00000000 hash=00000000
  Stage 2: 5 collisions
  [DEBUG] Stage 2 first 10 bucket_counts: 0 0 0 0 0 0 0 0 0 0 
  Stage 3: 0 collisions
  Stage 4: 0 collisions
  Stage 5: 0 collisions
  Stage 6: 0 collisions
  Stage 7: 0 solution candidates
GPU mining complete: 0.61 seconds

No solution candidates found (need more nonces)

═══ Batch 162/625: nonces 5152000-5183999 (32000 nonces) ═══

--- Mining batch: 32000 nonces (64000 hashes) starting at nonce 5152000 ---
  [DEBUG] idx=0 -> nonce g=5152000
  [DEBUG] idx=1 -> nonce g=5152000
  [DEBUG] idx=2 -> nonce g=5152001
  [DEBUG] idx=3 -> nonce g=5152001
  [DEBUG] idx=63998 -> nonce g=5183999
  [DEBUG] idx=63999 -> nonce g=5183999
  [DEBUG] First 10 hash bucket IDs: 195658 426516 87856 869397 280489 657816 66261 319367 866659 204606 
  [DEBUG] First hash bytes: 2f c4 a9 60
Running GPU stages 1-7...
  Stage 1: 496 collisions in 477 buckets (max 3 per bucket)
  [DEBUG] First 5 non-empty buckets: bucket 22=1 colls, bucket 57=1 colls, bucket 156=1 colls, bucket 157=1 colls, bucket 251=1 colls, 
  [DEBUG] First collision attr=0x00000000 hash=00000000
  Stage 2: 7 collisions
  [DEBUG] Stage 2 first 10 bucket_counts: 0 0 0 0 0 0 0 0 0 0 
  Stage 3: 0 collisions
  Stage 4: 0 collisions
  Stage 5: 0 collisions
  Stage 6: 0 collisions
  Stage 7: 0 solution candidates
GPU mining complete: 0.65 seconds

No solution candidates found (need more nonces)

═══ Batch 163/625: nonces 5184000-5215999 (32000 nonces) ═══

--- Mining batch: 32000 nonces (64000 hashes) starting at nonce 5184000 ---
  [DEBUG] idx=0 -> nonce g=5184000
  [DEBUG] idx=1 -> nonce g=5184000
  [DEBUG] idx=2 -> nonce g=5184001
  [DEBUG] idx=3 -> nonce g=5184001
  [DEBUG] idx=63998 -> nonce g=5215999
  [DEBUG] idx=63999 -> nonce g=5215999
  [DEBUG] First 10 hash bucket IDs: 714759 1021712 647269 870447 216290 979998 789834 13042 971216 1041337 
  [DEBUG] First hash bytes: ae 80 7a ba
Running GPU stages 1-7...
  Stage 1: 506 collisions in 490 buckets (max 3 per bucket)
  [DEBUG] First 5 non-empty buckets: bucket 24=1 colls, bucket 104=1 colls, bucket 185=1 colls, bucket 261=1 colls, bucket 401=1 colls, 
  [DEBUG] First collision attr=0x00000000 hash=00000000
  Stage 2: 9 collisions
  [DEBUG] Stage 2 first 10 bucket_counts: 0 0 0 0 0 0 0 0 0 0 
  Stage 3: 0 collisions
  Stage 4: 0 collisions
  Stage 5: 0 collisions
  Stage 6: 0 collisions
  Stage 7: 0 solution candidates
GPU mining complete: 0.65 seconds

No solution candidates found (need more nonces)

═══ Batch 164/625: nonces 5216000-5247999 (32000 nonces) ═══

--- Mining batch: 32000 nonces (64000 hashes) starting at nonce 5216000 ---
  [DEBUG] idx=0 -> nonce g=5216000
  [DEBUG] idx=1 -> nonce g=5216000
  [DEBUG] idx=2 -> nonce g=5216001
  [DEBUG] idx=3 -> nonce g=5216001
  [DEBUG] idx=63998 -> nonce g=5247999
  [DEBUG] idx=63999 -> nonce g=5247999
  [DEBUG] First 10 hash bucket IDs: 1004091 1045504 956088 476728 441313 1036420 673752 1011655 773568 762776 
  [DEBUG] First hash bytes: f5 23 be 68
Running GPU stages 1-7...
  Stage 1: 495 collisions in 482 buckets (max 3 per bucket)
  [DEBUG] First 5 non-empty buckets: bucket 52=1 colls, bucket 79=1 colls, bucket 132=1 colls, bucket 153=1 colls, bucket 209=1 colls, 
  [DEBUG] First collision attr=0x00000000 hash=00000000
  Stage 2: 8 collisions
  [DEBUG] Stage 2 first 10 bucket_counts: 0 0 0 0 0 0 0 0 0 0 
  Stage 3: 0 collisions
  Stage 4: 0 collisions
  Stage 5: 0 collisions
  Stage 6: 0 collisions
  Stage 7: 0 solution candidates
GPU mining complete: 0.63 seconds

No solution candidates found (need more nonces)

═══ Batch 165/625: nonces 5248000-5279999 (32000 nonces) ═══

--- Mining batch: 32000 nonces (64000 hashes) starting at nonce 5248000 ---
  [DEBUG] idx=0 -> nonce g=5248000
  [DEBUG] idx=1 -> nonce g=5248000
  [DEBUG] idx=2 -> nonce g=5248001
  [DEBUG] idx=3 -> nonce g=5248001
  [DEBUG] idx=63998 -> nonce g=5279999
  [DEBUG] idx=63999 -> nonce g=5279999
  [DEBUG] First 10 hash bucket IDs: 824751 251448 1020032 929994 538480 428259 95407 899243 383980 939776 
  [DEBUG] First hash bytes: c9 5a f1 27
Running GPU stages 1-7...
  Stage 1: 450 collisions in 446 buckets (max 2 per bucket)
  [DEBUG] First 5 non-empty buckets: bucket 36=1 colls, bucket 48=1 colls, bucket 50=1 colls, bucket 62=1 colls, bucket 115=1 colls, 
  [DEBUG] First collision attr=0x00000000 hash=00000000
  Stage 2: 6 collisions
  [DEBUG] Stage 2 first 10 bucket_counts: 0 0 0 0 0 0 0 0 0 0 
  Stage 3: 0 collisions
  Stage 4: 0 collisions
  Stage 5: 0 collisions
  Stage 6: 0 collisions
  Stage 7: 0 solution candidates
GPU mining complete: 0.65 seconds

No solution candidates found (need more nonces)

═══ Batch 166/625: nonces 5280000-5311999 (32000 nonces) ═══

--- Mining batch: 32000 nonces (64000 hashes) starting at nonce 5280000 ---
  [DEBUG] idx=0 -> nonce g=5280000
  [DEBUG] idx=1 -> nonce g=5280000
  [DEBUG] idx=2 -> nonce g=5280001
  [DEBUG] idx=3 -> nonce g=5280001
  [DEBUG] idx=63998 -> nonce g=5311999
  [DEBUG] idx=63999 -> nonce g=5311999
  [DEBUG] First 10 hash bucket IDs: 288053 830204 755882 1029112 962013 619196 1036107 1009346 922835 472731 
  [DEBUG] First hash bytes: 46 53 5c 85
Running GPU stages 1-7...
  Stage 1: 508 collisions in 491 buckets (max 3 per bucket)
  [DEBUG] First 5 non-empty buckets: bucket 4=1 colls, bucket 7=1 colls, bucket 19=1 colls, bucket 35=1 colls, bucket 38=1 colls, 
  [DEBUG] First collision attr=0x00000000 hash=00000000
  Stage 2: 4 collisions
  [DEBUG] Stage 2 first 10 bucket_counts: 0 0 0 0 0 0 0 0 0 0 
  Stage 3: 0 collisions
  Stage 4: 0 collisions
  Stage 5: 0 collisions
  Stage 6: 0 collisions
  Stage 7: 0 solution candidates
GPU mining complete: 0.65 seconds

No solution candidates found (need more nonces)

═══ Batch 167/625: nonces 5312000-5343999 (32000 nonces) ═══

--- Mining batch: 32000 nonces (64000 hashes) starting at nonce 5312000 ---
  [DEBUG] idx=0 -> nonce g=5312000
  [DEBUG] idx=1 -> nonce g=5312000
  [DEBUG] idx=2 -> nonce g=5312001
  [DEBUG] idx=3 -> nonce g=5312001
  [DEBUG] idx=63998 -> nonce g=5343999
  [DEBUG] idx=63999 -> nonce g=5343999
  [DEBUG] First 10 hash bucket IDs: 447948 172574 1020173 508508 610750 847581 937602 403086 545199 459539 
  [DEBUG] First hash bytes: 6d 5c c4 1e
Running GPU stages 1-7...
  Stage 1: 506 collisions in 493 buckets (max 3 per bucket)
  [DEBUG] First 5 non-empty buckets: bucket 64=1 colls, bucket 97=1 colls, bucket 139=1 colls, bucket 176=1 colls, bucket 190=1 colls, 
  [DEBUG] First collision attr=0x00000000 hash=00000000
  Stage 2: 9 collisions
  [DEBUG] Stage 2 first 10 bucket_counts: 0 0 0 0 0 0 0 0 0 0 
  Stage 3: 0 collisions
  Stage 4: 0 collisions
  Stage 5: 0 collisions
  Stage 6: 0 collisions
  Stage 7: 0 solution candidates
GPU mining complete: 0.65 seconds

No solution candidates found (need more nonces)

═══ Batch 168/625: nonces 5344000-5375999 (32000 nonces) ═══

--- Mining batch: 32000 nonces (64000 hashes) starting at nonce 5344000 ---
  [DEBUG] idx=0 -> nonce g=5344000
  [DEBUG] idx=1 -> nonce g=5344000
  [DEBUG] idx=2 -> nonce g=5344001
  [DEBUG] idx=3 -> nonce g=5344001
  [DEBUG] idx=63998 -> nonce g=5375999
  [DEBUG] idx=63999 -> nonce g=5375999
  [DEBUG] First 10 hash bucket IDs: 25190 769238 719651 400111 113487 344814 603715 225347 177390 183135 
  [DEBUG] First hash bytes: 06 26 61 a4
Running GPU stages 1-7...
  Stage 1: 481 collisions in 472 buckets (max 3 per bucket)
  [DEBUG] First 5 non-empty buckets: bucket 36=1 colls, bucket 95=1 colls, bucket 138=1 colls, bucket 193=1 colls, bucket 234=1 colls, 
  [DEBUG] First collision attr=0x00000000 hash=00000000
  Stage 2: 11 collisions
  [DEBUG] Stage 2 first 10 bucket_counts: 0 0 0 0 0 0 0 0 0 0 
  Stage 3: 0 collisions
  Stage 4: 0 collisions
  Stage 5: 0 collisions
  Stage 6: 0 collisions
  Stage 7: 0 solution candidates
GPU mining complete: 0.65 seconds

No solution candidates found (need more nonces)

═══ Batch 169/625: nonces 5376000-5407999 (32000 nonces) ═══

--- Mining batch: 32000 nonces (64000 hashes) starting at nonce 5376000 ---
  [DEBUG] idx=0 -> nonce g=5376000
  [DEBUG] idx=1 -> nonce g=5376000
  [DEBUG] idx=2 -> nonce g=5376001
  [DEBUG] idx=3 -> nonce g=5376001
  [DEBUG] idx=63998 -> nonce g=5407999
  [DEBUG] idx=63999 -> nonce g=5407999
  [DEBUG] First 10 hash bucket IDs: 147937 928756 834332 630380 93839 796217 233706 178676 677703 351014 
  [DEBUG] First hash bytes: 24 1e 11 96
Running GPU stages 1-7...
  Stage 1: 494 collisions in 483 buckets (max 3 per bucket)
  [DEBUG] First 5 non-empty buckets: bucket 33=1 colls, bucket 59=1 colls, bucket 65=1 colls, bucket 152=1 colls, bucket 161=1 colls, 
  [DEBUG] First collision attr=0x00000000 hash=00000000
  Stage 2: 7 collisions
  [DEBUG] Stage 2 first 10 bucket_counts: 0 0 0 0 0 0 0 0 0 0 
  Stage 3: 0 collisions
  Stage 4: 0 collisions
  Stage 5: 0 collisions
  Stage 6: 0 collisions
  Stage 7: 0 solution candidates
GPU mining complete: 0.65 seconds

No solution candidates found (need more nonces)

═══ Batch 170/625: nonces 5408000-5439999 (32000 nonces) ═══

--- Mining batch: 32000 nonces (64000 hashes) starting at nonce 5408000 ---
  [DEBUG] idx=0 -> nonce g=5408000
  [DEBUG] idx=1 -> nonce g=5408000
  [DEBUG] idx=2 -> nonce g=5408001
  [DEBUG] idx=3 -> nonce g=5408001
  [DEBUG] idx=63998 -> nonce g=5439999
  [DEBUG] idx=63999 -> nonce g=5439999
  [DEBUG] First 10 hash bucket IDs: 585245 146803 385234 162102 434073 925620 667484 295832 163830 383364 
  [DEBUG] First hash bytes: 8e e1 df b5
Running GPU stages 1-7...
  Stage 1: 453 collisions in 446 buckets (max 3 per bucket)
  [DEBUG] First 5 non-empty buckets: bucket 37=1 colls, bucket 88=1 colls, bucket 125=1 colls, bucket 130=1 colls, bucket 152=1 colls, 
  [DEBUG] First collision attr=0x00000000 hash=00000000
  Stage 2: 5 collisions
  [DEBUG] Stage 2 first 10 bucket_counts: 0 0 0 0 0 0 0 0 0 0 
  Stage 3: 0 collisions
  Stage 4: 0 collisions
  Stage 5: 0 collisions
  Stage 6: 0 collisions
  Stage 7: 0 solution candidates
GPU mining complete: 0.65 seconds

No solution candidates found (need more nonces)

═══ Batch 171/625: nonces 5440000-5471999 (32000 nonces) ═══

--- Mining batch: 32000 nonces (64000 hashes) starting at nonce 5440000 ---
  [DEBUG] idx=0 -> nonce g=5440000
  [DEBUG] idx=1 -> nonce g=5440000
  [DEBUG] idx=2 -> nonce g=5440001
  [DEBUG] idx=3 -> nonce g=5440001
  [DEBUG] idx=63998 -> nonce g=5471999
  [DEBUG] idx=63999 -> nonce g=5471999
  [DEBUG] First 10 hash bucket IDs: 372946 157359 393834 7221 997330 147265 838600 87136 551863 1010870 
  [DEBUG] First hash bytes: 5b 0d 2d 88
Running GPU stages 1-7...
  Stage 1: 476 collisions in 468 buckets (max 3 per bucket)
  [DEBUG] First 5 non-empty buckets: bucket 34=1 colls, bucket 115=1 colls, bucket 184=1 colls, bucket 255=1 colls, bucket 327=1 colls, 
  [DEBUG] First collision attr=0x00000000 hash=00000000
  Stage 2: 4 collisions
  [DEBUG] Stage 2 first 10 bucket_counts: 0 0 0 0 0 0 0 0 0 0 
  Stage 3: 0 collisions
  Stage 4: 0 collisions
  Stage 5: 0 collisions
  Stage 6: 0 collisions
  Stage 7: 0 solution candidates
GPU mining complete: 0.65 seconds

No solution candidates found (need more nonces)

═══ Batch 172/625: nonces 5472000-5503999 (32000 nonces) ═══

--- Mining batch: 32000 nonces (64000 hashes) starting at nonce 5472000 ---
  [DEBUG] idx=0 -> nonce g=5472000
  [DEBUG] idx=1 -> nonce g=5472000
  [DEBUG] idx=2 -> nonce g=5472001
  [DEBUG] idx=3 -> nonce g=5472001
  [DEBUG] idx=63998 -> nonce g=5503999
  [DEBUG] idx=63999 -> nonce g=5503999
  [DEBUG] First 10 hash bucket IDs: 958906 50250 543729 925974 37874 270539 443786 640043 933546 525661 
  [DEBUG] First hash bytes: ea 1b ac 74
Running GPU stages 1-7...
  Stage 1: 492 collisions in 485 buckets (max 3 per bucket)
  [DEBUG] First 5 non-empty buckets: bucket 18=2 colls, bucket 38=1 colls, bucket 48=1 colls, bucket 73=1 colls, bucket 83=1 colls, 
  [DEBUG] First collision attr=0x00000000 hash=00000000
  Stage 2: 9 collisions
  [DEBUG] Stage 2 first 10 bucket_counts: 0 0 0 0 0 0 0 0 0 0 
  Stage 3: 0 collisions
  Stage 4: 0 collisions
  Stage 5: 0 collisions
  Stage 6: 0 collisions
  Stage 7: 0 solution candidates
GPU mining complete: 0.65 seconds

No solution candidates found (need more nonces)

═══ Batch 173/625: nonces 5504000-5535999 (32000 nonces) ═══

--- Mining batch: 32000 nonces (64000 hashes) starting at nonce 5504000 ---
  [DEBUG] idx=0 -> nonce g=5504000
  [DEBUG] idx=1 -> nonce g=5504000
  [DEBUG] idx=2 -> nonce g=5504001
  [DEBUG] idx=3 -> nonce g=5504001
  [DEBUG] idx=63998 -> nonce g=5535999
  [DEBUG] idx=63999 -> nonce g=5535999
  [DEBUG] First 10 hash bucket IDs: 402367 300217 732107 958008 999829 493547 914557 307508 801610 358395 
  [DEBUG] First hash bytes: 62 3b f4 fd
Running GPU stages 1-7...
  Stage 1: 499 collisions in 491 buckets (max 3 per bucket)
  [DEBUG] First 5 non-empty buckets: bucket 10=1 colls, bucket 11=1 colls, bucket 16=1 colls, bucket 41=1 colls, bucket 81=1 colls, 
  [DEBUG] First collision attr=0x00000000 hash=00000000
  Stage 2: 3 collisions
  [DEBUG] Stage 2 first 10 bucket_counts: 0 0 0 0 0 0 0 0 0 0 
  Stage 3: 0 collisions
  Stage 4: 0 collisions
  Stage 5: 0 collisions
  Stage 6: 0 collisions
  Stage 7: 0 solution candidates
GPU mining complete: 0.65 seconds

No solution candidates found (need more nonces)

═══ Batch 174/625: nonces 5536000-5567999 (32000 nonces) ═══

--- Mining batch: 32000 nonces (64000 hashes) starting at nonce 5536000 ---
  [DEBUG] idx=0 -> nonce g=5536000
  [DEBUG] idx=1 -> nonce g=5536000
  [DEBUG] idx=2 -> nonce g=5536001
  [DEBUG] idx=3 -> nonce g=5536001
  [DEBUG] idx=63998 -> nonce g=5567999
  [DEBUG] idx=63999 -> nonce g=5567999
  [DEBUG] First 10 hash bucket IDs: 818700 1025631 933113 55068 359796 542743 963663 482293 776099 302544 
  [DEBUG] First hash bytes: c7 e0 c3 1d
Running GPU stages 1-7...
  Stage 1: 481 collisions in 471 buckets (max 3 per bucket)
  [DEBUG] First 5 non-empty buckets: bucket 43=1 colls, bucket 78=1 colls, bucket 135=1 colls, bucket 144=1 colls, bucket 190=1 colls, 
  [DEBUG] First collision attr=0x00000000 hash=00000000
  Stage 2: 7 collisions
  [DEBUG] Stage 2 first 10 bucket_counts: 0 0 0 0 0 0 0 0 0 0 
  Stage 3: 0 collisions
  Stage 4: 0 collisions
  Stage 5: 0 collisions
  Stage 6: 0 collisions
  Stage 7: 0 solution candidates
GPU mining complete: 0.66 seconds

No solution candidates found (need more nonces)

═══ Batch 175/625: nonces 5568000-5599999 (32000 nonces) ═══

--- Mining batch: 32000 nonces (64000 hashes) starting at nonce 5568000 ---
  [DEBUG] idx=0 -> nonce g=5568000
  [DEBUG] idx=1 -> nonce g=5568000
  [DEBUG] idx=2 -> nonce g=5568001
  [DEBUG] idx=3 -> nonce g=5568001
  [DEBUG] idx=63998 -> nonce g=5599999
  [DEBUG] idx=63999 -> nonce g=5599999
  [DEBUG] First 10 hash bucket IDs: 530939 967846 107013 550243 247602 373088 4903 32970 408506 197996 
  [DEBUG] First hash bytes: 81 9f b8 c8
Running GPU stages 1-7...
  Stage 1: 493 collisions in 487 buckets (max 3 per bucket)
  [DEBUG] First 5 non-empty buckets: bucket 43=1 colls, bucket 79=1 colls, bucket 95=1 colls, bucket 123=1 colls, bucket 198=1 colls, 
  [DEBUG] First collision attr=0x00000000 hash=00000000
  Stage 2: 10 collisions
  [DEBUG] Stage 2 first 10 bucket_counts: 0 0 0 0 0 0 0 0 0 0 
  Stage 3: 0 collisions
  Stage 4: 0 collisions
  Stage 5: 0 collisions
  Stage 6: 0 collisions
  Stage 7: 0 solution candidates
GPU mining complete: 0.65 seconds

No solution candidates found (need more nonces)

═══ Batch 176/625: nonces 5600000-5631999 (32000 nonces) ═══

--- Mining batch: 32000 nonces (64000 hashes) starting at nonce 5600000 ---
  [DEBUG] idx=0 -> nonce g=5600000
  [DEBUG] idx=1 -> nonce g=5600000
  [DEBUG] idx=2 -> nonce g=5600001
  [DEBUG] idx=3 -> nonce g=5600001
  [DEBUG] idx=63998 -> nonce g=5631999
  [DEBUG] idx=63999 -> nonce g=5631999
  [DEBUG] First 10 hash bucket IDs: 930124 39469 38157 686030 126111 42722 438721 414205 757643 616230 
  [DEBUG] First hash bytes: e3 14 c2 3c
Running GPU stages 1-7...
  Stage 1: 499 collisions in 484 buckets (max 3 per bucket)
  [DEBUG] First 5 non-empty buckets: bucket 4=2 colls, bucket 28=1 colls, bucket 48=1 colls, bucket 83=1 colls, bucket 102=2 colls, 
  [DEBUG] First collision attr=0x00000000 hash=00000000
  Stage 2: 8 collisions
  [DEBUG] Stage 2 first 10 bucket_counts: 0 0 0 0 0 0 0 0 0 0 
  Stage 3: 0 collisions
  Stage 4: 0 collisions
  Stage 5: 0 collisions
  Stage 6: 0 collisions
  Stage 7: 0 solution candidates
GPU mining complete: 0.68 seconds

No solution candidates found (need more nonces)

═══ Batch 177/625: nonces 5632000-5663999 (32000 nonces) ═══

--- Mining batch: 32000 nonces (64000 hashes) starting at nonce 5632000 ---
  [DEBUG] idx=0 -> nonce g=5632000
  [DEBUG] idx=1 -> nonce g=5632000
  [DEBUG] idx=2 -> nonce g=5632001
  [DEBUG] idx=3 -> nonce g=5632001
  [DEBUG] idx=63998 -> nonce g=5663999
  [DEBUG] idx=63999 -> nonce g=5663999
  [DEBUG] First 10 hash bucket IDs: 537454 670786 995658 820233 788732 687240 594036 693219 884801 708311 
  [DEBUG] First hash bytes: 83 36 ef 7b
Running GPU stages 1-7...
  Stage 1: 473 collisions in 458 buckets (max 3 per bucket)
  [DEBUG] First 5 non-empty buckets: bucket 16=1 colls, bucket 101=1 colls, bucket 104=1 colls, bucket 108=1 colls, bucket 152=1 colls, 
  [DEBUG] First collision attr=0x00000000 hash=00000000
  Stage 2: 8 collisions
  [DEBUG] Stage 2 first 10 bucket_counts: 0 0 0 0 0 0 0 0 0 0 
  Stage 3: 0 collisions
  Stage 4: 0 collisions
  Stage 5: 0 collisions
  Stage 6: 0 collisions
  Stage 7: 0 solution candidates
GPU mining complete: 0.65 seconds

No solution candidates found (need more nonces)

═══ Batch 178/625: nonces 5664000-5695999 (32000 nonces) ═══

--- Mining batch: 32000 nonces (64000 hashes) starting at nonce 5664000 ---
  [DEBUG] idx=0 -> nonce g=5664000
  [DEBUG] idx=1 -> nonce g=5664000
  [DEBUG] idx=2 -> nonce g=5664001
  [DEBUG] idx=3 -> nonce g=5664001
  [DEBUG] idx=63998 -> nonce g=5695999
  [DEBUG] idx=63999 -> nonce g=5695999
  [DEBUG] First 10 hash bucket IDs: 255135 17882 87529 808458 220254 292509 347849 336595 566115 6951 
  [DEBUG] First hash bytes: 3e 49 f8 e8
Running GPU stages 1-7...
  Stage 1: 498 collisions in 494 buckets (max 2 per bucket)
  [DEBUG] First 5 non-empty buckets: bucket 30=1 colls, bucket 159=1 colls, bucket 183=1 colls, bucket 185=1 colls, bucket 198=1 colls, 
  [DEBUG] First collision attr=0x00000000 hash=00000000
  Stage 2: 9 collisions
  [DEBUG] Stage 2 first 10 bucket_counts: 0 0 0 0 0 0 0 0 0 0 
  Stage 3: 0 collisions
  Stage 4: 0 collisions
  Stage 5: 0 collisions
  Stage 6: 0 collisions
  Stage 7: 0 solution candidates
GPU mining complete: 0.65 seconds

No solution candidates found (need more nonces)

═══ Batch 179/625: nonces 5696000-5727999 (32000 nonces) ═══

--- Mining batch: 32000 nonces (64000 hashes) starting at nonce 5696000 ---
  [DEBUG] idx=0 -> nonce g=5696000
  [DEBUG] idx=1 -> nonce g=5696000
  [DEBUG] idx=2 -> nonce g=5696001
  [DEBUG] idx=3 -> nonce g=5696001
  [DEBUG] idx=63998 -> nonce g=5727999
  [DEBUG] idx=63999 -> nonce g=5727999
  [DEBUG] First 10 hash bucket IDs: 709728 157626 934410 790473 918923 473582 489415 319651 330168 832217 
  [DEBUG] First hash bytes: ad 46 04 87
Running GPU stages 1-7...
  Stage 1: 485 collisions in 477 buckets (max 3 per bucket)
  [DEBUG] First 5 non-empty buckets: bucket 18=1 colls, bucket 63=1 colls, bucket 99=1 colls, bucket 115=1 colls, bucket 130=1 colls, 
  [DEBUG] First collision attr=0x00000000 hash=00000000
  Stage 2: 5 collisions
  [DEBUG] Stage 2 first 10 bucket_counts: 0 0 0 0 0 0 0 0 0 0 
  Stage 3: 0 collisions
  Stage 4: 0 collisions
  Stage 5: 0 collisions
  Stage 6: 0 collisions
  Stage 7: 0 solution candidates
GPU mining complete: 0.65 seconds

No solution candidates found (need more nonces)

═══ Batch 180/625: nonces 5728000-5759999 (32000 nonces) ═══

--- Mining batch: 32000 nonces (64000 hashes) starting at nonce 5728000 ---
  [DEBUG] idx=0 -> nonce g=5728000
  [DEBUG] idx=1 -> nonce g=5728000
  [DEBUG] idx=2 -> nonce g=5728001
  [DEBUG] idx=3 -> nonce g=5728001
  [DEBUG] idx=63998 -> nonce g=5759999
  [DEBUG] idx=63999 -> nonce g=5759999
  [DEBUG] First 10 hash bucket IDs: 719082 162263 309792 924039 360952 292389 561290 278485 648420 922758 
  [DEBUG] First hash bytes: af 8e a8 60
Running GPU stages 1-7...
  Stage 1: 478 collisions in 468 buckets (max 3 per bucket)
  [DEBUG] First 5 non-empty buckets: bucket 15=1 colls, bucket 21=1 colls, bucket 40=1 colls, bucket 42=1 colls, bucket 164=1 colls, 
  [DEBUG] First collision attr=0x00000000 hash=00000000
  Stage 2: 9 collisions
  [DEBUG] Stage 2 first 10 bucket_counts: 0 0 0 0 0 0 0 0 0 0 
  Stage 3: 0 collisions
  Stage 4: 0 collisions
  Stage 5: 0 collisions
  Stage 6: 0 collisions
  Stage 7: 0 solution candidates
GPU mining complete: 0.65 seconds

No solution candidates found (need more nonces)

═══ Batch 181/625: nonces 5760000-5791999 (32000 nonces) ═══

--- Mining batch: 32000 nonces (64000 hashes) starting at nonce 5760000 ---
  [DEBUG] idx=0 -> nonce g=5760000
  [DEBUG] idx=1 -> nonce g=5760000
  [DEBUG] idx=2 -> nonce g=5760001
  [DEBUG] idx=3 -> nonce g=5760001
  [DEBUG] idx=63998 -> nonce g=5791999
  [DEBUG] idx=63999 -> nonce g=5791999
  [DEBUG] First 10 hash bucket IDs: 702381 274053 344038 657551 667181 993274 8454 976521 219019 489343 
  [DEBUG] First hash bytes: ab 7a d8 a7
Running GPU stages 1-7...
  Stage 1: 505 collisions in 495 buckets (max 3 per bucket)
  [DEBUG] First 5 non-empty buckets: bucket 29=1 colls, bucket 60=1 colls, bucket 118=1 colls, bucket 180=1 colls, bucket 198=1 colls, 
  [DEBUG] First collision attr=0x00000000 hash=00000000
  Stage 2: 8 collisions
  [DEBUG] Stage 2 first 10 bucket_counts: 0 0 0 0 0 0 0 0 0 0 
  Stage 3: 0 collisions
  Stage 4: 0 collisions
  Stage 5: 0 collisions
  Stage 6: 0 collisions
  Stage 7: 0 solution candidates
GPU mining complete: 0.66 seconds

No solution candidates found (need more nonces)

═══ Batch 182/625: nonces 5792000-5823999 (32000 nonces) ═══

--- Mining batch: 32000 nonces (64000 hashes) starting at nonce 5792000 ---
  [DEBUG] idx=0 -> nonce g=5792000
  [DEBUG] idx=1 -> nonce g=5792000
  [DEBUG] idx=2 -> nonce g=5792001
  [DEBUG] idx=3 -> nonce g=5792001
  [DEBUG] idx=63998 -> nonce g=5823999
  [DEBUG] idx=63999 -> nonce g=5823999
  [DEBUG] First 10 hash bucket IDs: 393011 310485 927302 588490 468722 799236 201596 386595 394170 431150 
  [DEBUG] First hash bytes: 5f f3 3e 77
Running GPU stages 1-7...
  Stage 1: 475 collisions in 464 buckets (max 3 per bucket)
  [DEBUG] First 5 non-empty buckets: bucket 53=1 colls, bucket 105=1 colls, bucket 156=1 colls, bucket 228=1 colls, bucket 229=1 colls, 
  [DEBUG] First collision attr=0x00000000 hash=00000000
  Stage 2: 7 collisions
  [DEBUG] Stage 2 first 10 bucket_counts: 0 0 0 0 0 0 0 0 0 0 
  Stage 3: 0 collisions
  Stage 4: 0 collisions
  Stage 5: 0 collisions
  Stage 6: 0 collisions
  Stage 7: 0 solution candidates
GPU mining complete: 0.65 seconds

No solution candidates found (need more nonces)

═══ Batch 183/625: nonces 5824000-5855999 (32000 nonces) ═══

--- Mining batch: 32000 nonces (64000 hashes) starting at nonce 5824000 ---
  [DEBUG] idx=0 -> nonce g=5824000
  [DEBUG] idx=1 -> nonce g=5824000
  [DEBUG] idx=2 -> nonce g=5824001
  [DEBUG] idx=3 -> nonce g=5824001
  [DEBUG] idx=63998 -> nonce g=5855999
  [DEBUG] idx=63999 -> nonce g=5855999
  [DEBUG] First 10 hash bucket IDs: 935242 170642 488558 452762 861175 586473 419055 476529 444374 563921 
  [DEBUG] First hash bytes: e4 54 a4 92
Running GPU stages 1-7...
  Stage 1: 504 collisions in 488 buckets (max 3 per bucket)
  [DEBUG] First 5 non-empty buckets: bucket 44=1 colls, bucket 46=1 colls, bucket 53=1 colls, bucket 126=1 colls, bucket 138=2 colls, 
  [DEBUG] First collision attr=0x00000000 hash=00000000
  Stage 2: 9 collisions
  [DEBUG] Stage 2 first 10 bucket_counts: 0 0 0 0 0 0 0 0 0 0 
  Stage 3: 0 collisions
  Stage 4: 0 collisions
  Stage 5: 0 collisions
  Stage 6: 0 collisions
  Stage 7: 0 solution candidates
GPU mining complete: 0.65 seconds

No solution candidates found (need more nonces)

═══ Batch 184/625: nonces 5856000-5887999 (32000 nonces) ═══

--- Mining batch: 32000 nonces (64000 hashes) starting at nonce 5856000 ---
  [DEBUG] idx=0 -> nonce g=5856000
  [DEBUG] idx=1 -> nonce g=5856000
  [DEBUG] idx=2 -> nonce g=5856001
  [DEBUG] idx=3 -> nonce g=5856001
  [DEBUG] idx=63998 -> nonce g=5887999
  [DEBUG] idx=63999 -> nonce g=5887999
  [DEBUG] First 10 hash bucket IDs: 991252 412757 956562 647617 289643 1047949 504013 127499 217029 473513 
  [DEBUG] First hash bytes: f2 01 4f dd
Running GPU stages 1-7...
  Stage 1: 494 collisions in 489 buckets (max 3 per bucket)
  [DEBUG] First 5 non-empty buckets: bucket 30=1 colls, bucket 116=1 colls, bucket 148=1 colls, bucket 188=1 colls, bucket 201=1 colls, 
  [DEBUG] First collision attr=0x00000000 hash=00000000
  Stage 2: 6 collisions
  [DEBUG] Stage 2 first 10 bucket_counts: 0 0 0 0 0 0 0 0 0 0 
  Stage 3: 0 collisions
  Stage 4: 0 collisions
  Stage 5: 0 collisions
  Stage 6: 0 collisions
  Stage 7: 0 solution candidates
GPU mining complete: 0.64 seconds

No solution candidates found (need more nonces)

═══ Batch 185/625: nonces 5888000-5919999 (32000 nonces) ═══

--- Mining batch: 32000 nonces (64000 hashes) starting at nonce 5888000 ---
  [DEBUG] idx=0 -> nonce g=5888000
  [DEBUG] idx=1 -> nonce g=5888000
  [DEBUG] idx=2 -> nonce g=5888001
  [DEBUG] idx=3 -> nonce g=5888001
  [DEBUG] idx=63998 -> nonce g=5919999
  [DEBUG] idx=63999 -> nonce g=5919999
  [DEBUG] First 10 hash bucket IDs: 437320 532396 428697 198064 188880 844510 32126 885544 1001017 1023806 
  [DEBUG] First hash bytes: 6a c4 83 1d
Running GPU stages 1-7...
  Stage 1: 490 collisions in 480 buckets (max 3 per bucket)
  [DEBUG] First 5 non-empty buckets: bucket 5=1 colls, bucket 23=1 colls, bucket 55=1 colls, bucket 87=1 colls, bucket 159=1 colls, 
  [DEBUG] First collision attr=0x00000000 hash=00000000
  Stage 2: 13 collisions
  [DEBUG] Stage 2 first 10 bucket_counts: 0 0 0 0 0 0 0 0 0 0 
  Stage 3: 0 collisions
  Stage 4: 0 collisions
  Stage 5: 0 collisions
  Stage 6: 0 collisions
  Stage 7: 0 solution candidates
GPU mining complete: 0.65 seconds

No solution candidates found (need more nonces)

═══ Batch 186/625: nonces 5920000-5951999 (32000 nonces) ═══

--- Mining batch: 32000 nonces (64000 hashes) starting at nonce 5920000 ---
  [DEBUG] idx=0 -> nonce g=5920000
  [DEBUG] idx=1 -> nonce g=5920000
  [DEBUG] idx=2 -> nonce g=5920001
  [DEBUG] idx=3 -> nonce g=5920001
  [DEBUG] idx=63998 -> nonce g=5951999
  [DEBUG] idx=63999 -> nonce g=5951999
  [DEBUG] First 10 hash bucket IDs: 618659 848630 869185 634169 231262 36266 1366 427400 91700 436188 
  [DEBUG] First hash bytes: 97 0a 3a a1
Running GPU stages 1-7...
  Stage 1: 480 collisions in 467 buckets (max 3 per bucket)
  [DEBUG] First 5 non-empty buckets: bucket 9=1 colls, bucket 11=1 colls, bucket 24=1 colls, bucket 28=1 colls, bucket 29=1 colls, 
  [DEBUG] First collision attr=0x00000000 hash=00000000
  Stage 2: 3 collisions
  [DEBUG] Stage 2 first 10 bucket_counts: 0 0 0 0 0 0 0 0 0 0 
  Stage 3: 0 collisions
  Stage 4: 0 collisions
  Stage 5: 0 collisions
  Stage 6: 0 collisions
  Stage 7: 0 solution candidates
GPU mining complete: 0.62 seconds

No solution candidates found (need more nonces)

═══ Batch 187/625: nonces 5952000-5983999 (32000 nonces) ═══

--- Mining batch: 32000 nonces (64000 hashes) starting at nonce 5952000 ---
  [DEBUG] idx=0 -> nonce g=5952000
  [DEBUG] idx=1 -> nonce g=5952000
  [DEBUG] idx=2 -> nonce g=5952001
  [DEBUG] idx=3 -> nonce g=5952001
  [DEBUG] idx=63998 -> nonce g=5983999
  [DEBUG] idx=63999 -> nonce g=5983999
  [DEBUG] First 10 hash bucket IDs: 547470 748222 508848 942453 477313 700412 629703 769092 839101 918361 
  [DEBUG] First hash bytes: 85 a8 ef e4
Running GPU stages 1-7...
  Stage 1: 489 collisions in 476 buckets (max 4 per bucket)
  [DEBUG] First 5 non-empty buckets: bucket 65=1 colls, bucket 114=1 colls, bucket 178=1 colls, bucket 179=1 colls, bucket 220=1 colls, 
  [DEBUG] First collision attr=0x00000000 hash=00000000
  Stage 2: 8 collisions
  [DEBUG] Stage 2 first 10 bucket_counts: 0 0 0 0 0 0 0 0 0 0 
  Stage 3: 0 collisions
  Stage 4: 0 collisions
  Stage 5: 0 collisions
  Stage 6: 0 collisions
  Stage 7: 0 solution candidates
GPU mining complete: 0.66 seconds

No solution candidates found (need more nonces)

═══ Batch 188/625: nonces 5984000-6015999 (32000 nonces) ═══

--- Mining batch: 32000 nonces (64000 hashes) starting at nonce 5984000 ---
  [DEBUG] idx=0 -> nonce g=5984000
  [DEBUG] idx=1 -> nonce g=5984000
  [DEBUG] idx=2 -> nonce g=5984001
  [DEBUG] idx=3 -> nonce g=5984001
  [DEBUG] idx=63998 -> nonce g=6015999
  [DEBUG] idx=63999 -> nonce g=6015999
  [DEBUG] First 10 hash bucket IDs: 165987 620240 570674 878984 75195 1012321 882132 31991 948912 902455 
  [DEBUG] First hash bytes: 28 86 36 bc
Running GPU stages 1-7...
  Stage 1: 467 collisions in 458 buckets (max 2 per bucket)
  [DEBUG] First 5 non-empty buckets: bucket 45=1 colls, bucket 193=1 colls, bucket 204=1 colls, bucket 265=1 colls, bucket 300=1 colls, 
  [DEBUG] First collision attr=0x00000000 hash=00000000
  Stage 2: 12 collisions
  [DEBUG] Stage 2 first 10 bucket_counts: 0 0 0 0 0 0 0 0 0 0 
  Stage 3: 0 collisions
  Stage 4: 0 collisions
  Stage 5: 0 collisions
  Stage 6: 0 collisions
  Stage 7: 0 solution candidates
GPU mining complete: 0.65 seconds

No solution candidates found (need more nonces)

═══ Batch 189/625: nonces 6016000-6047999 (32000 nonces) ═══

--- Mining batch: 32000 nonces (64000 hashes) starting at nonce 6016000 ---
  [DEBUG] idx=0 -> nonce g=6016000
  [DEBUG] idx=1 -> nonce g=6016000
  [DEBUG] idx=2 -> nonce g=6016001
  [DEBUG] idx=3 -> nonce g=6016001
  [DEBUG] idx=63998 -> nonce g=6047999
  [DEBUG] idx=63999 -> nonce g=6047999
  [DEBUG] First 10 hash bucket IDs: 607748 863656 815068 730473 959565 55085 754151 506619 1041809 545623 
  [DEBUG] First hash bytes: 94 60 42 f4
Running GPU stages 1-7...
  Stage 1: 485 collisions in 469 buckets (max 3 per bucket)
  [DEBUG] First 5 non-empty buckets: bucket 32=1 colls, bucket 134=1 colls, bucket 190=1 colls, bucket 328=1 colls, bucket 344=1 colls, 
  [DEBUG] First collision attr=0x00000000 hash=00000000
  Stage 2: 5 collisions
  [DEBUG] Stage 2 first 10 bucket_counts: 0 0 0 0 0 0 0 0 0 0 
  Stage 3: 0 collisions
  Stage 4: 0 collisions
  Stage 5: 0 collisions
  Stage 6: 0 collisions
  Stage 7: 0 solution candidates
GPU mining complete: 0.68 seconds

No solution candidates found (need more nonces)

═══ Batch 190/625: nonces 6048000-6079999 (32000 nonces) ═══

--- Mining batch: 32000 nonces (64000 hashes) starting at nonce 6048000 ---
  [DEBUG] idx=0 -> nonce g=6048000
  [DEBUG] idx=1 -> nonce g=6048000
  [DEBUG] idx=2 -> nonce g=6048001
  [DEBUG] idx=3 -> nonce g=6048001
  [DEBUG] idx=63998 -> nonce g=6079999
  [DEBUG] idx=63999 -> nonce g=6079999
  [DEBUG] First 10 hash bucket IDs: 293756 402678 825641 300183 774331 202690 536702 733476 108905 143605 
  [DEBUG] First hash bytes: 47 b7 ca 6c
Running GPU stages 1-7...
  Stage 1: 490 collisions in 478 buckets (max 3 per bucket)
  [DEBUG] First 5 non-empty buckets: bucket 7=1 colls, bucket 37=1 colls, bucket 121=1 colls, bucket 198=1 colls, bucket 218=1 colls, 
  [DEBUG] First collision attr=0x00000000 hash=00000000
  Stage 2: 6 collisions
  [DEBUG] Stage 2 first 10 bucket_counts: 0 0 0 0 0 0 0 0 0 0 
  Stage 3: 0 collisions
  Stage 4: 0 collisions
  Stage 5: 0 collisions
  Stage 6: 0 collisions
  Stage 7: 0 solution candidates
GPU mining complete: 0.65 seconds

No solution candidates found (need more nonces)

═══ Batch 191/625: nonces 6080000-6111999 (32000 nonces) ═══

--- Mining batch: 32000 nonces (64000 hashes) starting at nonce 6080000 ---
  [DEBUG] idx=0 -> nonce g=6080000
  [DEBUG] idx=1 -> nonce g=6080000
  [DEBUG] idx=2 -> nonce g=6080001
  [DEBUG] idx=3 -> nonce g=6080001
  [DEBUG] idx=63998 -> nonce g=6111999
  [DEBUG] idx=63999 -> nonce g=6111999
  [DEBUG] First 10 hash bucket IDs: 125666 536537 656897 347560 546595 934849 1033991 2806 879726 10904 
  [DEBUG] First hash bytes: 1e ae 25 1f
Running GPU stages 1-7...
  Stage 1: 481 collisions in 467 buckets (max 4 per bucket)
  [DEBUG] First 5 non-empty buckets: bucket 12=1 colls, bucket 71=1 colls, bucket 92=1 colls, bucket 95=1 colls, bucket 110=1 colls, 
  [DEBUG] First collision attr=0x00000000 hash=00000000
  Stage 2: 8 collisions
  [DEBUG] Stage 2 first 10 bucket_counts: 0 0 0 0 0 0 0 0 0 0 
  Stage 3: 0 collisions
  Stage 4: 0 collisions
  Stage 5: 0 collisions
  Stage 6: 0 collisions
  Stage 7: 0 solution candidates
GPU mining complete: 0.65 seconds

No solution candidates found (need more nonces)

═══ Batch 192/625: nonces 6112000-6143999 (32000 nonces) ═══

--- Mining batch: 32000 nonces (64000 hashes) starting at nonce 6112000 ---
  [DEBUG] idx=0 -> nonce g=6112000
  [DEBUG] idx=1 -> nonce g=6112000
  [DEBUG] idx=2 -> nonce g=6112001
  [DEBUG] idx=3 -> nonce g=6112001
  [DEBUG] idx=63998 -> nonce g=6143999
  [DEBUG] idx=63999 -> nonce g=6143999
  [DEBUG] First 10 hash bucket IDs: 643510 732787 29110 1031841 40199 616361 796030 572880 711904 684611 
  [DEBUG] First hash bytes: 9d 1b 63 00
Running GPU stages 1-7...
  Stage 1: 458 collisions in 446 buckets (max 3 per bucket)
  [DEBUG] First 5 non-empty buckets: bucket 54=1 colls, bucket 59=1 colls, bucket 115=1 colls, bucket 187=1 colls, bucket 200=1 colls, 
  [DEBUG] First collision attr=0x00000000 hash=00000000
  Stage 2: 6 collisions
  [DEBUG] Stage 2 first 10 bucket_counts: 0 0 0 0 0 0 0 0 0 0 
  Stage 3: 0 collisions
  Stage 4: 0 collisions
  Stage 5: 0 collisions
  Stage 6: 0 collisions
  Stage 7: 0 solution candidates
GPU mining complete: 0.65 seconds

No solution candidates found (need more nonces)

═══ Batch 193/625: nonces 6144000-6175999 (32000 nonces) ═══

--- Mining batch: 32000 nonces (64000 hashes) starting at nonce 6144000 ---
  [DEBUG] idx=0 -> nonce g=6144000
  [DEBUG] idx=1 -> nonce g=6144000
  [DEBUG] idx=2 -> nonce g=6144001
  [DEBUG] idx=3 -> nonce g=6144001
  [DEBUG] idx=63998 -> nonce g=6175999
  [DEBUG] idx=63999 -> nonce g=6175999
  [DEBUG] First 10 hash bucket IDs: 465200 448744 370124 1000401 563671 23458 735930 124768 565972 848871 
  [DEBUG] First hash bytes: 71 93 03 c7
Running GPU stages 1-7...
  Stage 1: 482 collisions in 473 buckets (max 2 per bucket)
  [DEBUG] First 5 non-empty buckets: bucket 33=1 colls, bucket 43=1 colls, bucket 46=1 colls, bucket 85=1 colls, bucket 88=1 colls, 
  [DEBUG] First collision attr=0x00000000 hash=00000000
  Stage 2: 9 collisions
  [DEBUG] Stage 2 first 10 bucket_counts: 0 0 0 0 0 0 0 0 0 0 
  Stage 3: 0 collisions
  Stage 4: 0 collisions
  Stage 5: 0 collisions
  Stage 6: 0 collisions
  Stage 7: 0 solution candidates
GPU mining complete: 0.65 seconds

No solution candidates found (need more nonces)

═══ Batch 194/625: nonces 6176000-6207999 (32000 nonces) ═══

--- Mining batch: 32000 nonces (64000 hashes) starting at nonce 6176000 ---
  [DEBUG] idx=0 -> nonce g=6176000
  [DEBUG] idx=1 -> nonce g=6176000
  [DEBUG] idx=2 -> nonce g=6176001
  [DEBUG] idx=3 -> nonce g=6176001
  [DEBUG] idx=63998 -> nonce g=6207999
  [DEBUG] idx=63999 -> nonce g=6207999
  [DEBUG] First 10 hash bucket IDs: 458111 280528 824230 349490 36401 453599 30545 1012483 1041788 37063 
  [DEBUG] First hash bytes: 6f d7 fd 3c
Running GPU stages 1-7...
  Stage 1: 503 collisions in 496 buckets (max 2 per bucket)
  [DEBUG] First 5 non-empty buckets: bucket 55=1 colls, bucket 104=1 colls, bucket 127=1 colls, bucket 148=1 colls, bucket 167=1 colls, 
  [DEBUG] First collision attr=0x00000000 hash=00000000
  Stage 2: 5 collisions
  [DEBUG] Stage 2 first 10 bucket_counts: 0 0 0 0 0 0 0 0 0 0 
  Stage 3: 0 collisions
  Stage 4: 0 collisions
  Stage 5: 0 collisions
  Stage 6: 0 collisions
  Stage 7: 0 solution candidates
GPU mining complete: 0.67 seconds

No solution candidates found (need more nonces)

═══ Batch 195/625: nonces 6208000-6239999 (32000 nonces) ═══

--- Mining batch: 32000 nonces (64000 hashes) starting at nonce 6208000 ---
  [DEBUG] idx=0 -> nonce g=6208000
  [DEBUG] idx=1 -> nonce g=6208000
  [DEBUG] idx=2 -> nonce g=6208001
  [DEBUG] idx=3 -> nonce g=6208001
  [DEBUG] idx=63998 -> nonce g=6239999
  [DEBUG] idx=63999 -> nonce g=6239999
  [DEBUG] First 10 hash bucket IDs: 110254 640933 982072 461180 556593 539401 403231 433926 115431 146919 
  [DEBUG] First hash bytes: 1a ea e5 34
Running GPU stages 1-7...
  Stage 1: 526 collisions in 508 buckets (max 3 per bucket)
  [DEBUG] First 5 non-empty buckets: bucket 48=1 colls, bucket 55=1 colls, bucket 90=1 colls, bucket 138=1 colls, bucket 158=1 colls, 
  [DEBUG] First collision attr=0x00000000 hash=00000000
  Stage 2: 10 collisions
  [DEBUG] Stage 2 first 10 bucket_counts: 0 0 0 0 0 0 0 0 0 0 
  Stage 3: 0 collisions
  Stage 4: 0 collisions
  Stage 5: 0 collisions
  Stage 6: 0 collisions
  Stage 7: 0 solution candidates
GPU mining complete: 0.65 seconds

No solution candidates found (need more nonces)

═══ Batch 196/625: nonces 6240000-6271999 (32000 nonces) ═══

--- Mining batch: 32000 nonces (64000 hashes) starting at nonce 6240000 ---
  [DEBUG] idx=0 -> nonce g=6240000
  [DEBUG] idx=1 -> nonce g=6240000
  [DEBUG] idx=2 -> nonce g=6240001
  [DEBUG] idx=3 -> nonce g=6240001
  [DEBUG] idx=63998 -> nonce g=6271999
  [DEBUG] idx=63999 -> nonce g=6271999
  [DEBUG] First 10 hash bucket IDs: 179158 422814 621318 130857 1048474 862590 1027685 514105 933935 301656 
  [DEBUG] First hash bytes: 2b bd 63 4f
Running GPU stages 1-7...
  Stage 1: 478 collisions in 471 buckets (max 3 per bucket)
  [DEBUG] First 5 non-empty buckets: bucket 59=1 colls, bucket 61=1 colls, bucket 153=1 colls, bucket 165=1 colls, bucket 176=1 colls, 
  [DEBUG] First collision attr=0x00000000 hash=00000000
  Stage 2: 6 collisions
  [DEBUG] Stage 2 first 10 bucket_counts: 0 0 0 0 0 0 0 0 0 0 
  Stage 3: 0 collisions
  Stage 4: 0 collisions
  Stage 5: 0 collisions
  Stage 6: 0 collisions
  Stage 7: 0 solution candidates
GPU mining complete: 0.65 seconds

No solution candidates found (need more nonces)

═══ Batch 197/625: nonces 6272000-6303999 (32000 nonces) ═══

--- Mining batch: 32000 nonces (64000 hashes) starting at nonce 6272000 ---
  [DEBUG] idx=0 -> nonce g=6272000
  [DEBUG] idx=1 -> nonce g=6272000
  [DEBUG] idx=2 -> nonce g=6272001
  [DEBUG] idx=3 -> nonce g=6272001
  [DEBUG] idx=63998 -> nonce g=6303999
  [DEBUG] idx=63999 -> nonce g=6303999
  [DEBUG] First 10 hash bucket IDs: 786257 606281 569587 956449 59505 428965 180553 456084 12680 854778 
  [DEBUG] First hash bytes: bf f5 11 df
Running GPU stages 1-7...
  Stage 1: 469 collisions in 454 buckets (max 3 per bucket)
  [DEBUG] First 5 non-empty buckets: bucket 33=1 colls, bucket 42=1 colls, bucket 90=1 colls, bucket 160=1 colls, bucket 203=1 colls, 
  [DEBUG] First collision attr=0x00000000 hash=00000000
  Stage 2: 7 collisions
  [DEBUG] Stage 2 first 10 bucket_counts: 0 0 0 0 0 0 0 0 0 0 
  Stage 3: 0 collisions
  Stage 4: 0 collisions
  Stage 5: 0 collisions
  Stage 6: 0 collisions
  Stage 7: 0 solution candidates
GPU mining complete: 0.65 seconds

No solution candidates found (need more nonces)

═══ Batch 198/625: nonces 6304000-6335999 (32000 nonces) ═══

--- Mining batch: 32000 nonces (64000 hashes) starting at nonce 6304000 ---
  [DEBUG] idx=0 -> nonce g=6304000
  [DEBUG] idx=1 -> nonce g=6304000
  [DEBUG] idx=2 -> nonce g=6304001
  [DEBUG] idx=3 -> nonce g=6304001
  [DEBUG] idx=63998 -> nonce g=6335999
  [DEBUG] idx=63999 -> nonce g=6335999
  [DEBUG] First 10 hash bucket IDs: 280684 260230 649818 709442 228671 919720 532060 166173 263473 515158 
  [DEBUG] First hash bytes: 44 86 c8 9d
Running GPU stages 1-7...
  Stage 1: 468 collisions in 453 buckets (max 4 per bucket)
  [DEBUG] First 5 non-empty buckets: bucket 74=1 colls, bucket 110=1 colls, bucket 153=1 colls, bucket 166=1 colls, bucket 226=1 colls, 
  [DEBUG] First collision attr=0x00000000 hash=00000000
  Stage 2: 6 collisions
  [DEBUG] Stage 2 first 10 bucket_counts: 0 0 0 0 0 0 0 0 0 0 
  Stage 3: 0 collisions
  Stage 4: 0 collisions
  Stage 5: 0 collisions
  Stage 6: 0 collisions
  Stage 7: 0 solution candidates
GPU mining complete: 0.65 seconds

No solution candidates found (need more nonces)

═══ Batch 199/625: nonces 6336000-6367999 (32000 nonces) ═══

--- Mining batch: 32000 nonces (64000 hashes) starting at nonce 6336000 ---
  [DEBUG] idx=0 -> nonce g=6336000
  [DEBUG] idx=1 -> nonce g=6336000
  [DEBUG] idx=2 -> nonce g=6336001
  [DEBUG] idx=3 -> nonce g=6336001
  [DEBUG] idx=63998 -> nonce g=6367999
  [DEBUG] idx=63999 -> nonce g=6367999
  [DEBUG] First 10 hash bucket IDs: 29670 855759 197019 788549 179274 622571 492311 440644 62934 825322 
  [DEBUG] First hash bytes: 07 3e 6d 4a
Running GPU stages 1-7...
  Stage 1: 515 collisions in 511 buckets (max 2 per bucket)
  [DEBUG] First 5 non-empty buckets: bucket 16=1 colls, bucket 38=1 colls, bucket 54=1 colls, bucket 80=1 colls, bucket 105=1 colls, 
  [DEBUG] First collision attr=0x00000000 hash=00000000
  Stage 2: 7 collisions
  [DEBUG] Stage 2 first 10 bucket_counts: 0 0 0 0 0 0 0 0 0 0 
  Stage 3: 0 collisions
  Stage 4: 0 collisions
  Stage 5: 0 collisions
  Stage 6: 0 collisions
  Stage 7: 0 solution candidates
GPU mining complete: 0.66 seconds

No solution candidates found (need more nonces)

═══ Batch 200/625: nonces 6368000-6399999 (32000 nonces) ═══

--- Mining batch: 32000 nonces (64000 hashes) starting at nonce 6368000 ---
  [DEBUG] idx=0 -> nonce g=6368000
  [DEBUG] idx=1 -> nonce g=6368000
  [DEBUG] idx=2 -> nonce g=6368001
  [DEBUG] idx=3 -> nonce g=6368001
  [DEBUG] idx=63998 -> nonce g=6399999
  [DEBUG] idx=63999 -> nonce g=6399999
  [DEBUG] First 10 hash bucket IDs: 738112 324538 525047 212075 440363 714177 798640 1014829 83413 677073 
  [DEBUG] First hash bytes: b4 34 08 29
Running GPU stages 1-7...
  Stage 1: 480 collisions in 460 buckets (max 3 per bucket)
  [DEBUG] First 5 non-empty buckets: bucket 21=1 colls, bucket 74=1 colls, bucket 105=1 colls, bucket 114=1 colls, bucket 170=1 colls, 
  [DEBUG] First collision attr=0x00000000 hash=00000000
  Stage 2: 9 collisions
  [DEBUG] Stage 2 first 10 bucket_counts: 0 0 0 0 0 0 0 0 0 0 
  Stage 3: 0 collisions
  Stage 4: 0 collisions
  Stage 5: 0 collisions
  Stage 6: 0 collisions
  Stage 7: 0 solution candidates
GPU mining complete: 0.66 seconds

No solution candidates found (need more nonces)

═══ Batch 201/625: nonces 6400000-6431999 (32000 nonces) ═══

--- Mining batch: 32000 nonces (64000 hashes) starting at nonce 6400000 ---
  [DEBUG] idx=0 -> nonce g=6400000
  [DEBUG] idx=1 -> nonce g=6400000
  [DEBUG] idx=2 -> nonce g=6400001
  [DEBUG] idx=3 -> nonce g=6400001
  [DEBUG] idx=63998 -> nonce g=6431999
  [DEBUG] idx=63999 -> nonce g=6431999
  [DEBUG] First 10 hash bucket IDs: 991487 690024 895416 390995 311993 127325 135927 929157 762969 501661 
  [DEBUG] First hash bytes: f2 0f f7 b8
Running GPU stages 1-7...
  Stage 1: 499 collisions in 494 buckets (max 2 per bucket)
  [DEBUG] First 5 non-empty buckets: bucket 100=1 colls, bucket 106=1 colls, bucket 111=1 colls, bucket 119=1 colls, bucket 198=1 colls, 
  [DEBUG] First collision attr=0x00000000 hash=00000000
  Stage 2: 7 collisions
  [DEBUG] Stage 2 first 10 bucket_counts: 0 0 0 0 0 0 0 0 0 0 
  Stage 3: 0 collisions
  Stage 4: 0 collisions
  Stage 5: 0 collisions
  Stage 6: 0 collisions
  Stage 7: 0 solution candidates
GPU mining complete: 0.65 seconds

No solution candidates found (need more nonces)

═══ Batch 202/625: nonces 6432000-6463999 (32000 nonces) ═══

--- Mining batch: 32000 nonces (64000 hashes) starting at nonce 6432000 ---
  [DEBUG] idx=0 -> nonce g=6432000
  [DEBUG] idx=1 -> nonce g=6432000
  [DEBUG] idx=2 -> nonce g=6432001
  [DEBUG] idx=3 -> nonce g=6432001
  [DEBUG] idx=63998 -> nonce g=6463999
  [DEBUG] idx=63999 -> nonce g=6463999
  [DEBUG] First 10 hash bucket IDs: 572762 896725 444041 986290 438378 147110 763430 601715 215091 101426 
  [DEBUG] First hash bytes: 8b d5 ae 6e
Running GPU stages 1-7...
  Stage 1: 504 collisions in 493 buckets (max 3 per bucket)
  [DEBUG] First 5 non-empty buckets: bucket 8=1 colls, bucket 11=1 colls, bucket 16=1 colls, bucket 103=1 colls, bucket 104=1 colls, 
  [DEBUG] First collision attr=0x00000000 hash=00000000
  Stage 2: 11 collisions
  [DEBUG] Stage 2 first 10 bucket_counts: 0 0 0 0 0 0 0 0 0 0 
  Stage 3: 0 collisions
  Stage 4: 0 collisions
  Stage 5: 0 collisions
  Stage 6: 0 collisions
  Stage 7: 0 solution candidates
GPU mining complete: 0.65 seconds

No solution candidates found (need more nonces)

═══ Batch 203/625: nonces 6464000-6495999 (32000 nonces) ═══

--- Mining batch: 32000 nonces (64000 hashes) starting at nonce 6464000 ---
  [DEBUG] idx=0 -> nonce g=6464000
  [DEBUG] idx=1 -> nonce g=6464000
  [DEBUG] idx=2 -> nonce g=6464001
  [DEBUG] idx=3 -> nonce g=6464001
  [DEBUG] idx=63998 -> nonce g=6495999
  [DEBUG] idx=63999 -> nonce g=6495999
  [DEBUG] First 10 hash bucket IDs: 197459 77026 727589 1048285 989463 570439 894972 51531 37666 811635 
  [DEBUG] First hash bytes: 30 35 38 8a
Running GPU stages 1-7...
  Stage 1: 486 collisions in 478 buckets (max 3 per bucket)
  [DEBUG] First 5 non-empty buckets: bucket 0=1 colls, bucket 73=1 colls, bucket 82=1 colls, bucket 94=1 colls, bucket 235=1 colls, 
  [DEBUG] First collision attr=0x324741e5 hash=0045d190
  Stage 2: 8 collisions
  [DEBUG] Stage 2 first 10 bucket_counts: 0 0 0 0 0 0 0 0 0 0 
  Stage 3: 0 collisions
  Stage 4: 0 collisions
  Stage 5: 0 collisions
  Stage 6: 0 collisions
  Stage 7: 0 solution candidates
GPU mining complete: 0.65 seconds

No solution candidates found (need more nonces)

═══ Batch 204/625: nonces 6496000-6527999 (32000 nonces) ═══

--- Mining batch: 32000 nonces (64000 hashes) starting at nonce 6496000 ---
  [DEBUG] idx=0 -> nonce g=6496000
  [DEBUG] idx=1 -> nonce g=6496000
  [DEBUG] idx=2 -> nonce g=6496001
  [DEBUG] idx=3 -> nonce g=6496001
  [DEBUG] idx=63998 -> nonce g=6527999
  [DEBUG] idx=63999 -> nonce g=6527999
  [DEBUG] First 10 hash bucket IDs: 414112 5916 169565 960852 824402 954473 791451 597437 710158 222774 
  [DEBUG] First hash bytes: 65 1a 0b b4
Running GPU stages 1-7...
  Stage 1: 435 collisions in 427 buckets (max 3 per bucket)
  [DEBUG] First 5 non-empty buckets: bucket 6=1 colls, bucket 61=1 colls, bucket 65=1 colls, bucket 71=1 colls, bucket 154=1 colls, 
  [DEBUG] First collision attr=0x00000000 hash=00000000
  Stage 2: 9 collisions
  [DEBUG] Stage 2 first 10 bucket_counts: 0 0 0 0 0 0 0 0 0 0 
  Stage 3: 0 collisions
  Stage 4: 0 collisions
  Stage 5: 0 collisions
  Stage 6: 0 collisions
  Stage 7: 0 solution candidates
GPU mining complete: 0.66 seconds

No solution candidates found (need more nonces)

═══ Batch 205/625: nonces 6528000-6559999 (32000 nonces) ═══

--- Mining batch: 32000 nonces (64000 hashes) starting at nonce 6528000 ---
  [DEBUG] idx=0 -> nonce g=6528000
  [DEBUG] idx=1 -> nonce g=6528000
  [DEBUG] idx=2 -> nonce g=6528001
  [DEBUG] idx=3 -> nonce g=6528001
  [DEBUG] idx=63998 -> nonce g=6559999
  [DEBUG] idx=63999 -> nonce g=6559999
  [DEBUG] First 10 hash bucket IDs: 311988 461355 978979 54646 1028196 525614 550653 110788 656831 248122 
  [DEBUG] First hash bytes: 4c 2b 4b 65
Running GPU stages 1-7...
  Stage 1: 474 collisions in 457 buckets (max 4 per bucket)
  [DEBUG] First 5 non-empty buckets: bucket 11=1 colls, bucket 13=1 colls, bucket 30=1 colls, bucket 82=2 colls, bucket 103=1 colls, 
  [DEBUG] First collision attr=0x00000000 hash=00000000
  Stage 2: 0 collisions
  [DEBUG] Stage 2 first 10 bucket_counts: 0 0 0 0 0 0 0 0 0 0 
  Stage 3: 0 collisions
  Stage 4: 0 collisions
  Stage 5: 0 collisions
  Stage 6: 0 collisions
  Stage 7: 0 solution candidates
GPU mining complete: 0.66 seconds

No solution candidates found (need more nonces)

═══ Batch 206/625: nonces 6560000-6591999 (32000 nonces) ═══

--- Mining batch: 32000 nonces (64000 hashes) starting at nonce 6560000 ---
  [DEBUG] idx=0 -> nonce g=6560000
  [DEBUG] idx=1 -> nonce g=6560000
  [DEBUG] idx=2 -> nonce g=6560001
  [DEBUG] idx=3 -> nonce g=6560001
  [DEBUG] idx=63998 -> nonce g=6591999
  [DEBUG] idx=63999 -> nonce g=6591999
  [DEBUG] First 10 hash bucket IDs: 228984 949922 161607 651445 571596 896989 189329 272768 116636 855677 
  [DEBUG] First hash bytes: 37 e7 83 34
Running GPU stages 1-7...
  Stage 1: 521 collisions in 506 buckets (max 3 per bucket)
  [DEBUG] First 5 non-empty buckets: bucket 25=1 colls, bucket 136=1 colls, bucket 145=1 colls, bucket 153=1 colls, bucket 240=1 colls, 
  [DEBUG] First collision attr=0x00000000 hash=00000000
  Stage 2: 8 collisions
  [DEBUG] Stage 2 first 10 bucket_counts: 0 0 0 0 0 0 0 0 0 0 
  Stage 3: 0 collisions
  Stage 4: 0 collisions
  Stage 5: 0 collisions
  Stage 6: 0 collisions
  Stage 7: 0 solution candidates
GPU mining complete: 0.63 seconds

No solution candidates found (need more nonces)

═══ Batch 207/625: nonces 6592000-6623999 (32000 nonces) ═══

--- Mining batch: 32000 nonces (64000 hashes) starting at nonce 6592000 ---
  [DEBUG] idx=0 -> nonce g=6592000
  [DEBUG] idx=1 -> nonce g=6592000
  [DEBUG] idx=2 -> nonce g=6592001
  [DEBUG] idx=3 -> nonce g=6592001
  [DEBUG] idx=63998 -> nonce g=6623999
  [DEBUG] idx=63999 -> nonce g=6623999
  [DEBUG] First 10 hash bucket IDs: 625717 472502 190804 870286 145739 184441 294898 601764 266867 969063 
  [DEBUG] First hash bytes: 98 c3 5d cc
Running GPU stages 1-7...
  Stage 1: 497 collisions in 483 buckets (max 3 per bucket)
  [DEBUG] First 5 non-empty buckets: bucket 29=1 colls, bucket 52=1 colls, bucket 72=1 colls, bucket 79=1 colls, bucket 114=1 colls, 
  [DEBUG] First collision attr=0x00000000 hash=00000000
  Stage 2: 2 collisions
  [DEBUG] Stage 2 first 10 bucket_counts: 0 0 0 0 0 0 0 0 0 0 
  Stage 3: 0 collisions
  Stage 4: 0 collisions
  Stage 5: 0 collisions
  Stage 6: 0 collisions
  Stage 7: 0 solution candidates
GPU mining complete: 0.65 seconds

No solution candidates found (need more nonces)

═══ Batch 208/625: nonces 6624000-6655999 (32000 nonces) ═══

--- Mining batch: 32000 nonces (64000 hashes) starting at nonce 6624000 ---
  [DEBUG] idx=0 -> nonce g=6624000
  [DEBUG] idx=1 -> nonce g=6624000
  [DEBUG] idx=2 -> nonce g=6624001
  [DEBUG] idx=3 -> nonce g=6624001
  [DEBUG] idx=63998 -> nonce g=6655999
  [DEBUG] idx=63999 -> nonce g=6655999
  [DEBUG] First 10 hash bucket IDs: 24487 204961 492524 37614 462099 865239 774207 181681 533152 56997 
  [DEBUG] First hash bytes: 05 fa 7d 7f
Running GPU stages 1-7...
  Stage 1: 514 collisions in 496 buckets (max 3 per bucket)
  [DEBUG] First 5 non-empty buckets: bucket 8=1 colls, bucket 22=1 colls, bucket 23=1 colls, bucket 43=1 colls, bucket 113=1 colls, 
  [DEBUG] First collision attr=0x00000000 hash=00000000
  Stage 2: 13 collisions
  [DEBUG] Stage 2 first 10 bucket_counts: 0 0 0 0 0 0 0 0 0 0 
  Stage 3: 0 collisions
  Stage 4: 0 collisions
  Stage 5: 0 collisions
  Stage 6: 0 collisions
  Stage 7: 0 solution candidates
GPU mining complete: 0.65 seconds

No solution candidates found (need more nonces)

═══ Batch 209/625: nonces 6656000-6687999 (32000 nonces) ═══

--- Mining batch: 32000 nonces (64000 hashes) starting at nonce 6656000 ---
  [DEBUG] idx=0 -> nonce g=6656000
  [DEBUG] idx=1 -> nonce g=6656000
  [DEBUG] idx=2 -> nonce g=6656001
  [DEBUG] idx=3 -> nonce g=6656001
  [DEBUG] idx=63998 -> nonce g=6687999
  [DEBUG] idx=63999 -> nonce g=6687999
  [DEBUG] First 10 hash bucket IDs: 229290 958871 420221 687195 236084 67360 584235 702554 652604 320161 
  [DEBUG] First hash bytes: 37 fa ab af
Running GPU stages 1-7...
  Stage 1: 515 collisions in 505 buckets (max 2 per bucket)
  [DEBUG] First 5 non-empty buckets: bucket 20=1 colls, bucket 26=1 colls, bucket 30=1 colls, bucket 91=1 colls, bucket 98=1 colls, 
  [DEBUG] First collision attr=0x00000000 hash=00000000
  Stage 2: 10 collisions
  [DEBUG] Stage 2 first 10 bucket_counts: 0 0 0 0 0 0 0 0 0 0 
  Stage 3: 0 collisions
  Stage 4: 0 collisions
  Stage 5: 0 collisions
  Stage 6: 0 collisions
  Stage 7: 0 solution candidates
GPU mining complete: 0.70 seconds

No solution candidates found (need more nonces)

═══ Batch 210/625: nonces 6688000-6719999 (32000 nonces) ═══

--- Mining batch: 32000 nonces (64000 hashes) starting at nonce 6688000 ---
  [DEBUG] idx=0 -> nonce g=6688000
  [DEBUG] idx=1 -> nonce g=6688000
  [DEBUG] idx=2 -> nonce g=6688001
  [DEBUG] idx=3 -> nonce g=6688001
  [DEBUG] idx=63998 -> nonce g=6719999
  [DEBUG] idx=63999 -> nonce g=6719999
  [DEBUG] First 10 hash bucket IDs: 860753 335973 137343 906203 532986 783378 25915 100188 143577 42847 
  [DEBUG] First hash bytes: d2 25 1a 19
Running GPU stages 1-7...
  Stage 1: 514 collisions in 503 buckets (max 2 per bucket)
  [DEBUG] First 5 non-empty buckets: bucket 17=1 colls, bucket 66=1 colls, bucket 84=1 colls, bucket 85=1 colls, bucket 86=1 colls, 
  [DEBUG] First collision attr=0x00000000 hash=00000000
  Stage 2: 7 collisions
  [DEBUG] Stage 2 first 10 bucket_counts: 0 0 0 0 0 0 0 0 0 0 
  Stage 3: 0 collisions
  Stage 4: 0 collisions
  Stage 5: 0 collisions
  Stage 6: 0 collisions
  Stage 7: 0 solution candidates
GPU mining complete: 0.67 seconds

No solution candidates found (need more nonces)

═══ Batch 211/625: nonces 6720000-6751999 (32000 nonces) ═══

--- Mining batch: 32000 nonces (64000 hashes) starting at nonce 6720000 ---
  [DEBUG] idx=0 -> nonce g=6720000
  [DEBUG] idx=1 -> nonce g=6720000
  [DEBUG] idx=2 -> nonce g=6720001
  [DEBUG] idx=3 -> nonce g=6720001
  [DEBUG] idx=63998 -> nonce g=6751999
  [DEBUG] idx=63999 -> nonce g=6751999
  [DEBUG] First 10 hash bucket IDs: 323381 396057 116672 755910 421103 844912 612156 66336 270921 378860 
  [DEBUG] First hash bytes: 4e f3 53 6d
Running GPU stages 1-7...
  Stage 1: 484 collisions in 467 buckets (max 3 per bucket)
  [DEBUG] First 5 non-empty buckets: bucket 14=1 colls, bucket 16=1 colls, bucket 31=1 colls, bucket 114=1 colls, bucket 115=1 colls, 
  [DEBUG] First collision attr=0x00000000 hash=00000000
  Stage 2: 5 collisions
  [DEBUG] Stage 2 first 10 bucket_counts: 0 0 0 0 0 0 0 0 0 0 
  Stage 3: 0 collisions
  Stage 4: 0 collisions
  Stage 5: 0 collisions
  Stage 6: 0 collisions
  Stage 7: 0 solution candidates
GPU mining complete: 0.66 seconds

No solution candidates found (need more nonces)

═══ Batch 212/625: nonces 6752000-6783999 (32000 nonces) ═══

--- Mining batch: 32000 nonces (64000 hashes) starting at nonce 6752000 ---
  [DEBUG] idx=0 -> nonce g=6752000
  [DEBUG] idx=1 -> nonce g=6752000
  [DEBUG] idx=2 -> nonce g=6752001
  [DEBUG] idx=3 -> nonce g=6752001
  [DEBUG] idx=63998 -> nonce g=6783999
  [DEBUG] idx=63999 -> nonce g=6783999
  [DEBUG] First 10 hash bucket IDs: 436374 294386 233920 200106 907035 597185 765734 80245 74717 819142 
  [DEBUG] First hash bytes: 6a 89 61 47
Running GPU stages 1-7...
  Stage 1: 474 collisions in 460 buckets (max 3 per bucket)
  [DEBUG] First 5 non-empty buckets: bucket 2=1 colls, bucket 77=1 colls, bucket 87=1 colls, bucket 130=1 colls, bucket 158=1 colls, 
  [DEBUG] First collision attr=0x00000000 hash=00000000
  Stage 2: 8 collisions
  [DEBUG] Stage 2 first 10 bucket_counts: 0 0 0 0 0 0 0 0 0 0 
  Stage 3: 0 collisions
  Stage 4: 0 collisions
  Stage 5: 0 collisions
  Stage 6: 0 collisions
  Stage 7: 0 solution candidates
GPU mining complete: 0.65 seconds

No solution candidates found (need more nonces)

═══ Batch 213/625: nonces 6784000-6815999 (32000 nonces) ═══

--- Mining batch: 32000 nonces (64000 hashes) starting at nonce 6784000 ---
  [DEBUG] idx=0 -> nonce g=6784000
  [DEBUG] idx=1 -> nonce g=6784000
  [DEBUG] idx=2 -> nonce g=6784001
  [DEBUG] idx=3 -> nonce g=6784001
  [DEBUG] idx=63998 -> nonce g=6815999
  [DEBUG] idx=63999 -> nonce g=6815999
  [DEBUG] First 10 hash bucket IDs: 735543 553103 865941 593150 868564 90918 666964 35927 945665 99206 
  [DEBUG] First hash bytes: b3 93 76 0c
Running GPU stages 1-7...
  Stage 1: 508 collisions in 496 buckets (max 3 per bucket)
  [DEBUG] First 5 non-empty buckets: bucket 14=1 colls, bucket 20=1 colls, bucket 29=1 colls, bucket 32=1 colls, bucket 94=1 colls, 
  [DEBUG] First collision attr=0x00000000 hash=00000000
  Stage 2: 4 collisions
  [DEBUG] Stage 2 first 10 bucket_counts: 0 0 0 0 0 0 0 0 0 0 
  Stage 3: 0 collisions
  Stage 4: 0 collisions
  Stage 5: 0 collisions
  Stage 6: 0 collisions
  Stage 7: 0 solution candidates
GPU mining complete: 0.68 seconds

No solution candidates found (need more nonces)

═══ Batch 214/625: nonces 6816000-6847999 (32000 nonces) ═══

--- Mining batch: 32000 nonces (64000 hashes) starting at nonce 6816000 ---
  [DEBUG] idx=0 -> nonce g=6816000
  [DEBUG] idx=1 -> nonce g=6816000
  [DEBUG] idx=2 -> nonce g=6816001
  [DEBUG] idx=3 -> nonce g=6816001
  [DEBUG] idx=63998 -> nonce g=6847999
  [DEBUG] idx=63999 -> nonce g=6847999
  [DEBUG] First 10 hash bucket IDs: 22986 933308 289442 775336 231794 396044 355514 59424 1047159 786378 
  [DEBUG] First hash bytes: 05 9c a4 98
Running GPU stages 1-7...
  Stage 1: 461 collisions in 454 buckets (max 3 per bucket)
  [DEBUG] First 5 non-empty buckets: bucket 1=1 colls, bucket 47=1 colls, bucket 70=1 colls, bucket 118=1 colls, bucket 139=1 colls, 
  [DEBUG] First collision attr=0x00000000 hash=00000000
  Stage 2: 15 collisions
  [DEBUG] Stage 2 first 10 bucket_counts: 0 0 0 0 0 0 0 0 0 0 
  Stage 3: 0 collisions
  Stage 4: 0 collisions
  Stage 5: 0 collisions
  Stage 6: 0 collisions
  Stage 7: 0 solution candidates
GPU mining complete: 0.66 seconds

No solution candidates found (need more nonces)

═══ Batch 215/625: nonces 6848000-6879999 (32000 nonces) ═══

--- Mining batch: 32000 nonces (64000 hashes) starting at nonce 6848000 ---
  [DEBUG] idx=0 -> nonce g=6848000
  [DEBUG] idx=1 -> nonce g=6848000
  [DEBUG] idx=2 -> nonce g=6848001
  [DEBUG] idx=3 -> nonce g=6848001
  [DEBUG] idx=63998 -> nonce g=6879999
  [DEBUG] idx=63999 -> nonce g=6879999
  [DEBUG] First 10 hash bucket IDs: 578061 520216 82413 971359 178878 762075 485071 528479 269853 721355 
  [DEBUG] First hash bytes: 8d 20 d2 85
Running GPU stages 1-7...
  Stage 1: 495 collisions in 480 buckets (max 3 per bucket)
  [DEBUG] First 5 non-empty buckets: bucket 65=1 colls, bucket 84=1 colls, bucket 153=2 colls, bucket 240=1 colls, bucket 289=1 colls, 
  [DEBUG] First collision attr=0x00000000 hash=00000000
  Stage 2: 3 collisions
  [DEBUG] Stage 2 first 10 bucket_counts: 0 0 0 0 0 0 0 0 0 0 
  Stage 3: 0 collisions
  Stage 4: 0 collisions
  Stage 5: 0 collisions
  Stage 6: 0 collisions
  Stage 7: 0 solution candidates
GPU mining complete: 0.66 seconds

No solution candidates found (need more nonces)

═══ Batch 216/625: nonces 6880000-6911999 (32000 nonces) ═══

--- Mining batch: 32000 nonces (64000 hashes) starting at nonce 6880000 ---
  [DEBUG] idx=0 -> nonce g=6880000
  [DEBUG] idx=1 -> nonce g=6880000
  [DEBUG] idx=2 -> nonce g=6880001
  [DEBUG] idx=3 -> nonce g=6880001
  [DEBUG] idx=63998 -> nonce g=6911999
  [DEBUG] idx=63999 -> nonce g=6911999
  [DEBUG] First 10 hash bucket IDs: 841214 358052 197833 171007 59637 444230 150687 69958 970777 417259 
  [DEBUG] First hash bytes: cd 5f e9 4d
Running GPU stages 1-7...
  Stage 1: 485 collisions in 474 buckets (max 3 per bucket)
  [DEBUG] First 5 non-empty buckets: bucket 7=1 colls, bucket 33=1 colls, bucket 68=1 colls, bucket 86=1 colls, bucket 168=1 colls, 
  [DEBUG] First collision attr=0x00000000 hash=00000000
  Stage 2: 12 collisions
  [DEBUG] Stage 2 first 10 bucket_counts: 0 0 0 0 0 0 0 0 0 0 
  Stage 3: 0 collisions
  Stage 4: 0 collisions
  Stage 5: 0 collisions
  Stage 6: 0 collisions
  Stage 7: 0 solution candidates
GPU mining complete: 0.69 seconds

No solution candidates found (need more nonces)

═══ Batch 217/625: nonces 6912000-6943999 (32000 nonces) ═══

--- Mining batch: 32000 nonces (64000 hashes) starting at nonce 6912000 ---
  [DEBUG] idx=0 -> nonce g=6912000
  [DEBUG] idx=1 -> nonce g=6912000
  [DEBUG] idx=2 -> nonce g=6912001
  [DEBUG] idx=3 -> nonce g=6912001
  [DEBUG] idx=63998 -> nonce g=6943999
  [DEBUG] idx=63999 -> nonce g=6943999
  [DEBUG] First 10 hash bucket IDs: 18773 258070 4388 865866 999729 127614 1003428 1010846 1043434 1001925 
  [DEBUG] First hash bytes: 04 95 52 f4
Running GPU stages 1-7...
  Stage 1: 461 collisions in 454 buckets (max 3 per bucket)
  [DEBUG] First 5 non-empty buckets: bucket 6=1 colls, bucket 12=1 colls, bucket 34=1 colls, bucket 36=1 colls, bucket 148=1 colls, 
  [DEBUG] First collision attr=0x00000000 hash=00000000
  Stage 2: 7 collisions
  [DEBUG] Stage 2 first 10 bucket_counts: 0 0 0 0 0 0 0 0 0 0 
  Stage 3: 0 collisions
  Stage 4: 0 collisions
  Stage 5: 0 collisions
  Stage 6: 0 collisions
  Stage 7: 0 solution candidates
GPU mining complete: 0.66 seconds

No solution candidates found (need more nonces)

═══ Batch 218/625: nonces 6944000-6975999 (32000 nonces) ═══

--- Mining batch: 32000 nonces (64000 hashes) starting at nonce 6944000 ---
  [DEBUG] idx=0 -> nonce g=6944000
  [DEBUG] idx=1 -> nonce g=6944000
  [DEBUG] idx=2 -> nonce g=6944001
  [DEBUG] idx=3 -> nonce g=6944001
  [DEBUG] idx=63998 -> nonce g=6975999
  [DEBUG] idx=63999 -> nonce g=6975999
  [DEBUG] First 10 hash bucket IDs: 392607 997562 214896 710797 754239 657309 234416 471301 986755 212919 
  [DEBUG] First hash bytes: 5f d9 f0 01
Running GPU stages 1-7...
  Stage 1: 450 collisions in 441 buckets (max 3 per bucket)
  [DEBUG] First 5 non-empty buckets: bucket 2=1 colls, bucket 7=1 colls, bucket 36=1 colls, bucket 106=1 colls, bucket 115=1 colls, 
  [DEBUG] First collision attr=0x00000000 hash=00000000
  Stage 2: 7 collisions
  [DEBUG] Stage 2 first 10 bucket_counts: 0 0 0 0 0 0 0 0 0 0 
  Stage 3: 0 collisions
  Stage 4: 0 collisions
  Stage 5: 0 collisions
  Stage 6: 0 collisions
  Stage 7: 0 solution candidates
GPU mining complete: 0.68 seconds

No solution candidates found (need more nonces)

═══ Batch 219/625: nonces 6976000-7007999 (32000 nonces) ═══

--- Mining batch: 32000 nonces (64000 hashes) starting at nonce 6976000 ---
  [DEBUG] idx=0 -> nonce g=6976000
  [DEBUG] idx=1 -> nonce g=6976000
  [DEBUG] idx=2 -> nonce g=6976001
  [DEBUG] idx=3 -> nonce g=6976001
  [DEBUG] idx=63998 -> nonce g=7007999
  [DEBUG] idx=63999 -> nonce g=7007999
  [DEBUG] First 10 hash bucket IDs: 817830 790866 26305 515125 733572 185774 10768 1040190 795498 806915 
  [DEBUG] First hash bytes: c7 aa 66 e3
Running GPU stages 1-7...
  Stage 1: 500 collisions in 487 buckets (max 3 per bucket)
  [DEBUG] First 5 non-empty buckets: bucket 7=1 colls, bucket 21=1 colls, bucket 39=1 colls, bucket 65=2 colls, bucket 196=1 colls, 
  [DEBUG] First collision attr=0x00000000 hash=00000000
  Stage 2: 7 collisions
  [DEBUG] Stage 2 first 10 bucket_counts: 0 0 0 0 0 0 0 0 0 0 
  Stage 3: 0 collisions
  Stage 4: 0 collisions
  Stage 5: 0 collisions
  Stage 6: 0 collisions
  Stage 7: 0 solution candidates
GPU mining complete: 0.66 seconds

No solution candidates found (need more nonces)

═══ Batch 220/625: nonces 7008000-7039999 (32000 nonces) ═══

--- Mining batch: 32000 nonces (64000 hashes) starting at nonce 7008000 ---
  [DEBUG] idx=0 -> nonce g=7008000
  [DEBUG] idx=1 -> nonce g=7008000
  [DEBUG] idx=2 -> nonce g=7008001
  [DEBUG] idx=3 -> nonce g=7008001
  [DEBUG] idx=63998 -> nonce g=7039999
  [DEBUG] idx=63999 -> nonce g=7039999
  [DEBUG] First 10 hash bucket IDs: 417228 737190 329524 638403 34155 848783 181259 178339 668644 599887 
  [DEBUG] First hash bytes: 65 dc c5 05
Running GPU stages 1-7...
  Stage 1: 480 collisions in 466 buckets (max 3 per bucket)
  [DEBUG] First 5 non-empty buckets: bucket 16=1 colls, bucket 34=1 colls, bucket 37=1 colls, bucket 44=1 colls, bucket 67=1 colls, 
  [DEBUG] First collision attr=0x00000000 hash=00000000
  Stage 2: 7 collisions
  [DEBUG] Stage 2 first 10 bucket_counts: 0 0 0 0 0 0 0 0 0 0 
  Stage 3: 0 collisions
  Stage 4: 0 collisions
  Stage 5: 0 collisions
  Stage 6: 0 collisions
  Stage 7: 0 solution candidates
GPU mining complete: 0.65 seconds

No solution candidates found (need more nonces)

═══ Batch 221/625: nonces 7040000-7071999 (32000 nonces) ═══

--- Mining batch: 32000 nonces (64000 hashes) starting at nonce 7040000 ---
  [DEBUG] idx=0 -> nonce g=7040000
  [DEBUG] idx=1 -> nonce g=7040000
  [DEBUG] idx=2 -> nonce g=7040001
  [DEBUG] idx=3 -> nonce g=7040001
  [DEBUG] idx=63998 -> nonce g=7071999
  [DEBUG] idx=63999 -> nonce g=7071999
  [DEBUG] First 10 hash bucket IDs: 737932 36986 973529 831712 653281 338483 644477 257407 380420 622408 
  [DEBUG] First hash bytes: b4 28 ce 8e
Running GPU stages 1-7...
  Stage 1: 506 collisions in 495 buckets (max 3 per bucket)
  [DEBUG] First 5 non-empty buckets: bucket 8=1 colls, bucket 71=1 colls, bucket 75=1 colls, bucket 138=1 colls, bucket 150=1 colls, 
  [DEBUG] First collision attr=0x00000000 hash=00000000
  Stage 2: 8 collisions
  [DEBUG] Stage 2 first 10 bucket_counts: 0 0 0 0 0 0 0 0 0 0 
  Stage 3: 0 collisions
  Stage 4: 0 collisions
  Stage 5: 0 collisions
  Stage 6: 0 collisions
  Stage 7: 0 solution candidates
GPU mining complete: 0.65 seconds

No solution candidates found (need more nonces)

═══ Batch 222/625: nonces 7072000-7103999 (32000 nonces) ═══

--- Mining batch: 32000 nonces (64000 hashes) starting at nonce 7072000 ---
  [DEBUG] idx=0 -> nonce g=7072000
  [DEBUG] idx=1 -> nonce g=7072000
  [DEBUG] idx=2 -> nonce g=7072001
  [DEBUG] idx=3 -> nonce g=7072001
  [DEBUG] idx=63998 -> nonce g=7103999
  [DEBUG] idx=63999 -> nonce g=7103999
  [DEBUG] First 10 hash bucket IDs: 879471 1026264 555805 149691 826782 361293 305228 952208 836124 43470 
  [DEBUG] First hash bytes: d6 b6 f4 0b
Running GPU stages 1-7...
  Stage 1: 463 collisions in 456 buckets (max 3 per bucket)
  [DEBUG] First 5 non-empty buckets: bucket 1=1 colls, bucket 22=1 colls, bucket 64=1 colls, bucket 113=1 colls, bucket 120=1 colls, 
  [DEBUG] First collision attr=0x00000000 hash=00000000
  Stage 2: 10 collisions
  [DEBUG] Stage 2 first 10 bucket_counts: 0 0 0 0 0 0 0 0 0 0 
  Stage 3: 0 collisions
  Stage 4: 0 collisions
  Stage 5: 0 collisions
  Stage 6: 0 collisions
  Stage 7: 0 solution candidates
GPU mining complete: 0.65 seconds

No solution candidates found (need more nonces)

═══ Batch 223/625: nonces 7104000-7135999 (32000 nonces) ═══

--- Mining batch: 32000 nonces (64000 hashes) starting at nonce 7104000 ---
  [DEBUG] idx=0 -> nonce g=7104000
  [DEBUG] idx=1 -> nonce g=7104000
  [DEBUG] idx=2 -> nonce g=7104001
  [DEBUG] idx=3 -> nonce g=7104001
  [DEBUG] idx=63998 -> nonce g=7135999
  [DEBUG] idx=63999 -> nonce g=7135999
  [DEBUG] First 10 hash bucket IDs: 94218 570084 683181 641552 3927 583257 555943 564940 203978 704093 
  [DEBUG] First hash bytes: 17 00 a6 42
Running GPU stages 1-7...
  Stage 1: 475 collisions in 464 buckets (max 3 per bucket)
  [DEBUG] First 5 non-empty buckets: bucket 91=2 colls, bucket 128=1 colls, bucket 133=1 colls, bucket 164=1 colls, bucket 189=1 colls, 
  [DEBUG] First collision attr=0x00000000 hash=00000000
  Stage 2: 5 collisions
  [DEBUG] Stage 2 first 10 bucket_counts: 0 0 0 0 0 0 0 0 0 0 
  Stage 3: 0 collisions
  Stage 4: 0 collisions
  Stage 5: 0 collisions
  Stage 6: 0 collisions
  Stage 7: 0 solution candidates
GPU mining complete: 0.68 seconds

No solution candidates found (need more nonces)

═══ Batch 224/625: nonces 7136000-7167999 (32000 nonces) ═══

--- Mining batch: 32000 nonces (64000 hashes) starting at nonce 7136000 ---
  [DEBUG] idx=0 -> nonce g=7136000
  [DEBUG] idx=1 -> nonce g=7136000
  [DEBUG] idx=2 -> nonce g=7136001
  [DEBUG] idx=3 -> nonce g=7136001
  [DEBUG] idx=63998 -> nonce g=7167999
  [DEBUG] idx=63999 -> nonce g=7167999
  [DEBUG] First 10 hash bucket IDs: 482482 451925 513337 289708 408747 730975 1029769 514158 516331 909035 
  [DEBUG] First hash bytes: 75 cb 25 87
Running GPU stages 1-7...
  Stage 1: 521 collisions in 506 buckets (max 4 per bucket)
  [DEBUG] First 5 non-empty buckets: bucket 6=1 colls, bucket 12=1 colls, bucket 34=1 colls, bucket 43=1 colls, bucket 55=1 colls, 
  [DEBUG] First collision attr=0x00000000 hash=00000000
  Stage 2: 13 collisions
  [DEBUG] Stage 2 first 10 bucket_counts: 0 0 0 0 0 0 0 0 0 0 
  Stage 3: 0 collisions
  Stage 4: 0 collisions
  Stage 5: 0 collisions
  Stage 6: 0 collisions
  Stage 7: 0 solution candidates
GPU mining complete: 0.65 seconds

No solution candidates found (need more nonces)

═══ Batch 225/625: nonces 7168000-7199999 (32000 nonces) ═══

--- Mining batch: 32000 nonces (64000 hashes) starting at nonce 7168000 ---
  [DEBUG] idx=0 -> nonce g=7168000
  [DEBUG] idx=1 -> nonce g=7168000
  [DEBUG] idx=2 -> nonce g=7168001
  [DEBUG] idx=3 -> nonce g=7168001
  [DEBUG] idx=63998 -> nonce g=7199999
  [DEBUG] idx=63999 -> nonce g=7199999
  [DEBUG] First 10 hash bucket IDs: 941221 67918 356669 891028 323372 716795 243212 961326 569919 396359 
  [DEBUG] First hash bytes: e5 ca 5c be
Running GPU stages 1-7...
  Stage 1: 501 collisions in 487 buckets (max 3 per bucket)
  [DEBUG] First 5 non-empty buckets: bucket 65=1 colls, bucket 134=1 colls, bucket 143=1 colls, bucket 154=1 colls, bucket 179=1 colls, 
  [DEBUG] First collision attr=0x00000000 hash=00000000
  Stage 2: 5 collisions
  [DEBUG] Stage 2 first 10 bucket_counts: 0 0 0 0 0 0 0 0 0 0 
  Stage 3: 0 collisions
  Stage 4: 0 collisions
  Stage 5: 0 collisions
  Stage 6: 0 collisions
  Stage 7: 0 solution candidates
GPU mining complete: 0.66 seconds

No solution candidates found (need more nonces)

═══ Batch 226/625: nonces 7200000-7231999 (32000 nonces) ═══

--- Mining batch: 32000 nonces (64000 hashes) starting at nonce 7200000 ---
  [DEBUG] idx=0 -> nonce g=7200000
  [DEBUG] idx=1 -> nonce g=7200000
  [DEBUG] idx=2 -> nonce g=7200001
  [DEBUG] idx=3 -> nonce g=7200001
  [DEBUG] idx=63998 -> nonce g=7231999
  [DEBUG] idx=63999 -> nonce g=7231999
  [DEBUG] First 10 hash bucket IDs: 946081 658802 954538 47038 157115 762678 830569 230927 194563 65421 
  [DEBUG] First hash bytes: e6 fa 13 d3
Running GPU stages 1-7...
  Stage 1: 480 collisions in 468 buckets (max 3 per bucket)
  [DEBUG] First 5 non-empty buckets: bucket 2=1 colls, bucket 80=1 colls, bucket 91=1 colls, bucket 102=1 colls, bucket 170=1 colls, 
  [DEBUG] First collision attr=0x00000000 hash=00000000
  Stage 2: 5 collisions
  [DEBUG] Stage 2 first 10 bucket_counts: 0 0 0 0 0 0 0 0 0 0 
  Stage 3: 0 collisions
  Stage 4: 0 collisions
  Stage 5: 0 collisions
  Stage 6: 0 collisions
  Stage 7: 0 solution candidates
GPU mining complete: 0.65 seconds

No solution candidates found (need more nonces)

═══ Batch 227/625: nonces 7232000-7263999 (32000 nonces) ═══

--- Mining batch: 32000 nonces (64000 hashes) starting at nonce 7232000 ---
  [DEBUG] idx=0 -> nonce g=7232000
  [DEBUG] idx=1 -> nonce g=7232000
  [DEBUG] idx=2 -> nonce g=7232001
  [DEBUG] idx=3 -> nonce g=7232001
  [DEBUG] idx=63998 -> nonce g=7263999
  [DEBUG] idx=63999 -> nonce g=7263999
  [DEBUG] First 10 hash bucket IDs: 760725 669744 185706 173318 64763 302518 80085 1450 991226 306955 
  [DEBUG] First hash bytes: b9 b9 53 54
Running GPU stages 1-7...
  Stage 1: 526 collisions in 508 buckets (max 3 per bucket)
  [DEBUG] First 5 non-empty buckets: bucket 32=1 colls, bucket 45=1 colls, bucket 126=1 colls, bucket 143=1 colls, bucket 188=1 colls, 
  [DEBUG] First collision attr=0x00000000 hash=00000000
  Stage 2: 10 collisions
  [DEBUG] Stage 2 first 10 bucket_counts: 0 0 0 0 0 0 0 0 0 0 
  Stage 3: 0 collisions
  Stage 4: 0 collisions
  Stage 5: 0 collisions
  Stage 6: 0 collisions
  Stage 7: 0 solution candidates
GPU mining complete: 0.65 seconds

No solution candidates found (need more nonces)

═══ Batch 228/625: nonces 7264000-7295999 (32000 nonces) ═══

--- Mining batch: 32000 nonces (64000 hashes) starting at nonce 7264000 ---
  [DEBUG] idx=0 -> nonce g=7264000
  [DEBUG] idx=1 -> nonce g=7264000
  [DEBUG] idx=2 -> nonce g=7264001
  [DEBUG] idx=3 -> nonce g=7264001
  [DEBUG] idx=63998 -> nonce g=7295999
  [DEBUG] idx=63999 -> nonce g=7295999
  [DEBUG] First 10 hash bucket IDs: 153312 227892 1037278 988827 294902 651816 549549 646394 595561 622788 
  [DEBUG] First hash bytes: 25 6e 08 3b
Running GPU stages 1-7...
  Stage 1: 464 collisions in 459 buckets (max 3 per bucket)
  [DEBUG] First 5 non-empty buckets: bucket 12=1 colls, bucket 53=1 colls, bucket 91=1 colls, bucket 102=1 colls, bucket 202=1 colls, 
  [DEBUG] First collision attr=0x00000000 hash=00000000
  Stage 2: 8 collisions
  [DEBUG] Stage 2 first 10 bucket_counts: 0 0 0 0 0 0 0 0 0 0 
  Stage 3: 0 collisions
  Stage 4: 0 collisions
  Stage 5: 0 collisions
  Stage 6: 0 collisions
  Stage 7: 0 solution candidates
GPU mining complete: 0.65 seconds

No solution candidates found (need more nonces)

═══ Batch 229/625: nonces 7296000-7327999 (32000 nonces) ═══

--- Mining batch: 32000 nonces (64000 hashes) starting at nonce 7296000 ---
  [DEBUG] idx=0 -> nonce g=7296000
  [DEBUG] idx=1 -> nonce g=7296000
  [DEBUG] idx=2 -> nonce g=7296001
  [DEBUG] idx=3 -> nonce g=7296001
  [DEBUG] idx=63998 -> nonce g=7327999
  [DEBUG] idx=63999 -> nonce g=7327999
  [DEBUG] First 10 hash bucket IDs: 421645 222375 856284 306771 691689 856927 305067 629853 211533 812574 
  [DEBUG] First hash bytes: 66 f0 d0 d3
Running GPU stages 1-7...
  Stage 1: 492 collisions in 480 buckets (max 3 per bucket)
  [DEBUG] First 5 non-empty buckets: bucket 16=1 colls, bucket 50=1 colls, bucket 79=1 colls, bucket 93=1 colls, bucket 94=1 colls, 
  [DEBUG] First collision attr=0x00000000 hash=00000000
  Stage 2: 13 collisions
  [DEBUG] Stage 2 first 10 bucket_counts: 0 0 0 0 0 0 0 0 0 0 
  Stage 3: 0 collisions
  Stage 4: 0 collisions
  Stage 5: 0 collisions
  Stage 6: 0 collisions
  Stage 7: 0 solution candidates
GPU mining complete: 0.65 seconds

No solution candidates found (need more nonces)

═══ Batch 230/625: nonces 7328000-7359999 (32000 nonces) ═══

--- Mining batch: 32000 nonces (64000 hashes) starting at nonce 7328000 ---
  [DEBUG] idx=0 -> nonce g=7328000
  [DEBUG] idx=1 -> nonce g=7328000
  [DEBUG] idx=2 -> nonce g=7328001
  [DEBUG] idx=3 -> nonce g=7328001
  [DEBUG] idx=63998 -> nonce g=7359999
  [DEBUG] idx=63999 -> nonce g=7359999
  [DEBUG] First 10 hash bucket IDs: 894180 696961 314182 901401 866119 552230 5467 201752 671939 428399 
  [DEBUG] First hash bytes: da 4e 41 99
Running GPU stages 1-7...
  Stage 1: 492 collisions in 479 buckets (max 3 per bucket)
  [DEBUG] First 5 non-empty buckets: bucket 103=3 colls, bucket 186=1 colls, bucket 200=1 colls, bucket 356=1 colls, bucket 367=1 colls, 
  [DEBUG] First collision attr=0x00000000 hash=00000000
  Stage 2: 4 collisions
  [DEBUG] Stage 2 first 10 bucket_counts: 0 0 0 0 0 0 0 0 0 0 
  Stage 3: 0 collisions
  Stage 4: 0 collisions
  Stage 5: 0 collisions
  Stage 6: 0 collisions
  Stage 7: 0 solution candidates
GPU mining complete: 0.66 seconds

No solution candidates found (need more nonces)

═══ Batch 231/625: nonces 7360000-7391999 (32000 nonces) ═══

--- Mining batch: 32000 nonces (64000 hashes) starting at nonce 7360000 ---
  [DEBUG] idx=0 -> nonce g=7360000
  [DEBUG] idx=1 -> nonce g=7360000
  [DEBUG] idx=2 -> nonce g=7360001
  [DEBUG] idx=3 -> nonce g=7360001
  [DEBUG] idx=63998 -> nonce g=7391999
  [DEBUG] idx=63999 -> nonce g=7391999
  [DEBUG] First 10 hash bucket IDs: 496456 945840 231993 550447 668074 284525 955785 483243 803245 820670 
  [DEBUG] First hash bytes: 79 34 8d 0d
Running GPU stages 1-7...
  Stage 1: 462 collisions in 453 buckets (max 3 per bucket)
  [DEBUG] First 5 non-empty buckets: bucket 2=1 colls, bucket 5=1 colls, bucket 6=1 colls, bucket 43=1 colls, bucket 85=1 colls, 
  [DEBUG] First collision attr=0x00000000 hash=00000000
  Stage 2: 5 collisions
  [DEBUG] Stage 2 first 10 bucket_counts: 0 0 0 0 0 0 0 0 0 0 
  Stage 3: 0 collisions
  Stage 4: 0 collisions
  Stage 5: 0 collisions
  Stage 6: 0 collisions
  Stage 7: 0 solution candidates
GPU mining complete: 0.63 seconds

No solution candidates found (need more nonces)

═══ Batch 232/625: nonces 7392000-7423999 (32000 nonces) ═══

--- Mining batch: 32000 nonces (64000 hashes) starting at nonce 7392000 ---
  [DEBUG] idx=0 -> nonce g=7392000
  [DEBUG] idx=1 -> nonce g=7392000
  [DEBUG] idx=2 -> nonce g=7392001
  [DEBUG] idx=3 -> nonce g=7392001
  [DEBUG] idx=63998 -> nonce g=7423999
  [DEBUG] idx=63999 -> nonce g=7423999
  [DEBUG] First 10 hash bucket IDs: 207713 839947 974866 58996 400239 343735 628087 209293 704212 552840 
  [DEBUG] First hash bytes: 32 b6 10 f0
Running GPU stages 1-7...
  Stage 1: 480 collisions in 471 buckets (max 3 per bucket)
  [DEBUG] First 5 non-empty buckets: bucket 27=1 colls, bucket 65=1 colls, bucket 69=1 colls, bucket 100=1 colls, bucket 111=1 colls, 
  [DEBUG] First collision attr=0x00000000 hash=00000000
  Stage 2: 14 collisions
  [DEBUG] Stage 2 first 10 bucket_counts: 0 0 0 0 0 0 0 0 0 0 
  Stage 3: 0 collisions
  Stage 4: 0 collisions
  Stage 5: 0 collisions
  Stage 6: 0 collisions
  Stage 7: 0 solution candidates
GPU mining complete: 0.66 seconds

No solution candidates found (need more nonces)

═══ Batch 233/625: nonces 7424000-7455999 (32000 nonces) ═══

--- Mining batch: 32000 nonces (64000 hashes) starting at nonce 7424000 ---
  [DEBUG] idx=0 -> nonce g=7424000
  [DEBUG] idx=1 -> nonce g=7424000
  [DEBUG] idx=2 -> nonce g=7424001
  [DEBUG] idx=3 -> nonce g=7424001
  [DEBUG] idx=63998 -> nonce g=7455999
  [DEBUG] idx=63999 -> nonce g=7455999
  [DEBUG] First 10 hash bucket IDs: 948923 156749 42440 92775 408419 666296 445127 384245 623233 47509 
  [DEBUG] First hash bytes: e7 ab be 55
Running GPU stages 1-7...
  Stage 1: 484 collisions in 468 buckets (max 3 per bucket)
  [DEBUG] First 5 non-empty buckets: bucket 22=1 colls, bucket 36=1 colls, bucket 68=1 colls, bucket 78=1 colls, bucket 176=1 colls, 
  [DEBUG] First collision attr=0x00000000 hash=00000000
  Stage 2: 11 collisions
  [DEBUG] Stage 2 first 10 bucket_counts: 0 0 0 0 0 0 0 0 0 0 
  Stage 3: 0 collisions
  Stage 4: 0 collisions
  Stage 5: 0 collisions
  Stage 6: 0 collisions
  Stage 7: 0 solution candidates
GPU mining complete: 0.65 seconds

No solution candidates found (need more nonces)

═══ Batch 234/625: nonces 7456000-7487999 (32000 nonces) ═══

--- Mining batch: 32000 nonces (64000 hashes) starting at nonce 7456000 ---
  [DEBUG] idx=0 -> nonce g=7456000
  [DEBUG] idx=1 -> nonce g=7456000
  [DEBUG] idx=2 -> nonce g=7456001
  [DEBUG] idx=3 -> nonce g=7456001
  [DEBUG] idx=63998 -> nonce g=7487999
  [DEBUG] idx=63999 -> nonce g=7487999
  [DEBUG] First 10 hash bucket IDs: 393153 702244 220953 261926 424934 80922 668966 507250 418295 643840 
  [DEBUG] First hash bytes: 5f fc 10 21
Running GPU stages 1-7...
  Stage 1: 507 collisions in 490 buckets (max 3 per bucket)
  [DEBUG] First 5 non-empty buckets: bucket 13=1 colls, bucket 16=1 colls, bucket 32=1 colls, bucket 91=1 colls, bucket 122=1 colls, 
  [DEBUG] First collision attr=0x00000000 hash=00000000
  Stage 2: 8 collisions
  [DEBUG] Stage 2 first 10 bucket_counts: 0 0 0 0 0 0 0 0 0 0 
  Stage 3: 0 collisions
  Stage 4: 0 collisions
  Stage 5: 0 collisions
  Stage 6: 0 collisions
  Stage 7: 0 solution candidates
GPU mining complete: 0.65 seconds

No solution candidates found (need more nonces)

═══ Batch 235/625: nonces 7488000-7519999 (32000 nonces) ═══

--- Mining batch: 32000 nonces (64000 hashes) starting at nonce 7488000 ---
  [DEBUG] idx=0 -> nonce g=7488000
  [DEBUG] idx=1 -> nonce g=7488000
  [DEBUG] idx=2 -> nonce g=7488001
  [DEBUG] idx=3 -> nonce g=7488001
  [DEBUG] idx=63998 -> nonce g=7519999
  [DEBUG] idx=63999 -> nonce g=7519999
  [DEBUG] First 10 hash bucket IDs: 939384 148703 57247 608347 75237 693721 394852 569145 234020 600914 
  [DEBUG] First hash bytes: e5 57 8f 10
Running GPU stages 1-7...
  Stage 1: 453 collisions in 447 buckets (max 3 per bucket)
  [DEBUG] First 5 non-empty buckets: bucket 19=1 colls, bucket 120=1 colls, bucket 153=1 colls, bucket 268=1 colls, bucket 299=1 colls, 
  [DEBUG] First collision attr=0x00000000 hash=00000000
  Stage 2: 6 collisions
  [DEBUG] Stage 2 first 10 bucket_counts: 0 0 0 0 0 0 0 0 0 0 
  Stage 3: 0 collisions
  Stage 4: 0 collisions
  Stage 5: 0 collisions
  Stage 6: 0 collisions
  Stage 7: 0 solution candidates
GPU mining complete: 0.66 seconds

No solution candidates found (need more nonces)

═══ Batch 236/625: nonces 7520000-7551999 (32000 nonces) ═══

--- Mining batch: 32000 nonces (64000 hashes) starting at nonce 7520000 ---
  [DEBUG] idx=0 -> nonce g=7520000
  [DEBUG] idx=1 -> nonce g=7520000
  [DEBUG] idx=2 -> nonce g=7520001
  [DEBUG] idx=3 -> nonce g=7520001
  [DEBUG] idx=63998 -> nonce g=7551999
  [DEBUG] idx=63999 -> nonce g=7551999
  [DEBUG] First 10 hash bucket IDs: 271329 935031 192522 344828 448396 900759 714143 554746 722709 254048 
  [DEBUG] First hash bytes: 42 3e 1b 59
Running GPU stages 1-7...
  Stage 1: 529 collisions in 510 buckets (max 3 per bucket)
  [DEBUG] First 5 non-empty buckets: bucket 16=1 colls, bucket 18=1 colls, bucket 41=1 colls, bucket 49=1 colls, bucket 104=1 colls, 
  [DEBUG] First collision attr=0x00000000 hash=00000000
  Stage 2: 2 collisions
  [DEBUG] Stage 2 first 10 bucket_counts: 0 0 0 0 0 0 0 0 0 0 
  Stage 3: 0 collisions
  Stage 4: 0 collisions
  Stage 5: 0 collisions
  Stage 6: 0 collisions
  Stage 7: 0 solution candidates
GPU mining complete: 0.67 seconds

No solution candidates found (need more nonces)

═══ Batch 237/625: nonces 7552000-7583999 (32000 nonces) ═══

--- Mining batch: 32000 nonces (64000 hashes) starting at nonce 7552000 ---
  [DEBUG] idx=0 -> nonce g=7552000
  [DEBUG] idx=1 -> nonce g=7552000
  [DEBUG] idx=2 -> nonce g=7552001
  [DEBUG] idx=3 -> nonce g=7552001
  [DEBUG] idx=63998 -> nonce g=7583999
  [DEBUG] idx=63999 -> nonce g=7583999
  [DEBUG] First 10 hash bucket IDs: 822681 509788 416717 215631 779339 95152 826049 701080 99762 1004388 
  [DEBUG] First hash bytes: c8 d9 9f 3c
Running GPU stages 1-7...
  Stage 1: 495 collisions in 486 buckets (max 3 per bucket)
  [DEBUG] First 5 non-empty buckets: bucket 21=1 colls, bucket 31=1 colls, bucket 95=1 colls, bucket 101=1 colls, bucket 118=1 colls, 
  [DEBUG] First collision attr=0x00000000 hash=00000000
  Stage 2: 12 collisions
  [DEBUG] Stage 2 first 10 bucket_counts: 0 0 0 0 0 0 0 0 0 0 
  Stage 3: 0 collisions
  Stage 4: 0 collisions
  Stage 5: 0 collisions
  Stage 6: 0 collisions
  Stage 7: 0 solution candidates
GPU mining complete: 0.66 seconds

No solution candidates found (need more nonces)

═══ Batch 238/625: nonces 7584000-7615999 (32000 nonces) ═══

--- Mining batch: 32000 nonces (64000 hashes) starting at nonce 7584000 ---
  [DEBUG] idx=0 -> nonce g=7584000
  [DEBUG] idx=1 -> nonce g=7584000
  [DEBUG] idx=2 -> nonce g=7584001
  [DEBUG] idx=3 -> nonce g=7584001
  [DEBUG] idx=63998 -> nonce g=7615999
  [DEBUG] idx=63999 -> nonce g=7615999
  [DEBUG] First 10 hash bucket IDs: 321591 727251 723159 777642 936075 1038971 236217 875319 68537 534898 
  [DEBUG] First hash bytes: 4e 83 76 23
Running GPU stages 1-7...
  Stage 1: 474 collisions in 464 buckets (max 3 per bucket)
  [DEBUG] First 5 non-empty buckets: bucket 0=1 colls, bucket 9=1 colls, bucket 48=1 colls, bucket 58=1 colls, bucket 103=1 colls, 
  [DEBUG] First collision attr=0x39b5409a hash=0044fdde
  Stage 2: 8 collisions
  [DEBUG] Stage 2 first 10 bucket_counts: 0 0 0 0 0 0 0 0 0 0 
  Stage 3: 0 collisions
  Stage 4: 0 collisions
  Stage 5: 0 collisions
  Stage 6: 0 collisions
  Stage 7: 0 solution candidates
GPU mining complete: 0.66 seconds

No solution candidates found (need more nonces)

═══ Batch 239/625: nonces 7616000-7647999 (32000 nonces) ═══

--- Mining batch: 32000 nonces (64000 hashes) starting at nonce 7616000 ---
  [DEBUG] idx=0 -> nonce g=7616000
  [DEBUG] idx=1 -> nonce g=7616000
  [DEBUG] idx=2 -> nonce g=7616001
  [DEBUG] idx=3 -> nonce g=7616001
  [DEBUG] idx=63998 -> nonce g=7647999
  [DEBUG] idx=63999 -> nonce g=7647999
  [DEBUG] First 10 hash bucket IDs: 654471 892949 445589 70095 235342 970233 839765 957083 810230 464620 
  [DEBUG] First hash bytes: 9f c8 7b 63
Running GPU stages 1-7...
  Stage 1: 463 collisions in 453 buckets (max 3 per bucket)
  [DEBUG] First 5 non-empty buckets: bucket 35=1 colls, bucket 90=1 colls, bucket 94=1 colls, bucket 126=1 colls, bucket 161=1 colls, 
  [DEBUG] First collision attr=0x00000000 hash=00000000
  Stage 2: 11 collisions
  [DEBUG] Stage 2 first 10 bucket_counts: 0 0 0 0 0 0 0 0 0 0 
  Stage 3: 0 collisions
  Stage 4: 0 collisions
  Stage 5: 0 collisions
  Stage 6: 0 collisions
  Stage 7: 0 solution candidates
GPU mining complete: 0.66 seconds

No solution candidates found (need more nonces)

═══ Batch 240/625: nonces 7648000-7679999 (32000 nonces) ═══

--- Mining batch: 32000 nonces (64000 hashes) starting at nonce 7648000 ---
  [DEBUG] idx=0 -> nonce g=7648000
  [DEBUG] idx=1 -> nonce g=7648000
  [DEBUG] idx=2 -> nonce g=7648001
  [DEBUG] idx=3 -> nonce g=7648001
  [DEBUG] idx=63998 -> nonce g=7679999
  [DEBUG] idx=63999 -> nonce g=7679999
  [DEBUG] First 10 hash bucket IDs: 282259 906480 575826 226932 836704 684175 507750 620020 824671 592567 
  [DEBUG] First hash bytes: 44 e9 39 46
Running GPU stages 1-7...
  Stage 1: 473 collisions in 461 buckets (max 3 per bucket)
  [DEBUG] First 5 non-empty buckets: bucket 23=2 colls, bucket 24=1 colls, bucket 61=1 colls, bucket 115=1 colls, bucket 131=1 colls, 
  [DEBUG] First collision attr=0x00000000 hash=00000000
  Stage 2: 11 collisions
  [DEBUG] Stage 2 first 10 bucket_counts: 0 0 0 0 0 0 0 0 0 0 
  Stage 3: 0 collisions
  Stage 4: 0 collisions
  Stage 5: 0 collisions
  Stage 6: 0 collisions
  Stage 7: 0 solution candidates
GPU mining complete: 0.66 seconds

No solution candidates found (need more nonces)

═══ Batch 241/625: nonces 7680000-7711999 (32000 nonces) ═══

--- Mining batch: 32000 nonces (64000 hashes) starting at nonce 7680000 ---
  [DEBUG] idx=0 -> nonce g=7680000
  [DEBUG] idx=1 -> nonce g=7680000
  [DEBUG] idx=2 -> nonce g=7680001
  [DEBUG] idx=3 -> nonce g=7680001
  [DEBUG] idx=63998 -> nonce g=7711999
  [DEBUG] idx=63999 -> nonce g=7711999
  [DEBUG] First 10 hash bucket IDs: 865929 908627 251671 60312 299907 580932 672866 1038824 732478 225971 
  [DEBUG] First hash bytes: d3 68 92 f1
Running GPU stages 1-7...
  Stage 1: 470 collisions in 462 buckets (max 3 per bucket)
  [DEBUG] First 5 non-empty buckets: bucket 4=1 colls, bucket 72=1 colls, bucket 83=1 colls, bucket 84=1 colls, bucket 92=1 colls, 
  [DEBUG] First collision attr=0x00000000 hash=00000000
  Stage 2: 7 collisions
  [DEBUG] Stage 2 first 10 bucket_counts: 0 0 0 0 0 0 0 0 0 0 
  Stage 3: 0 collisions
  Stage 4: 0 collisions
  Stage 5: 0 collisions
  Stage 6: 0 collisions
  Stage 7: 0 solution candidates
GPU mining complete: 0.66 seconds

No solution candidates found (need more nonces)

═══ Batch 242/625: nonces 7712000-7743999 (32000 nonces) ═══

--- Mining batch: 32000 nonces (64000 hashes) starting at nonce 7712000 ---
  [DEBUG] idx=0 -> nonce g=7712000
  [DEBUG] idx=1 -> nonce g=7712000
  [DEBUG] idx=2 -> nonce g=7712001
  [DEBUG] idx=3 -> nonce g=7712001
  [DEBUG] idx=63998 -> nonce g=7743999
  [DEBUG] idx=63999 -> nonce g=7743999
  [DEBUG] First 10 hash bucket IDs: 550740 175927 443500 734851 345538 590388 794255 1023636 702877 493197 
  [DEBUG] First hash bytes: 86 75 4a 9b
Running GPU stages 1-7...
  Stage 1: 489 collisions in 476 buckets (max 3 per bucket)
  [DEBUG] First 5 non-empty buckets: bucket 2=1 colls, bucket 28=1 colls, bucket 39=1 colls, bucket 53=1 colls, bucket 66=1 colls, 
  [DEBUG] First collision attr=0x00000000 hash=00000000
  Stage 2: 8 collisions
  [DEBUG] Stage 2 first 10 bucket_counts: 0 0 0 0 0 0 0 0 0 0 
  Stage 3: 0 collisions
  Stage 4: 0 collisions
  Stage 5: 0 collisions
  Stage 6: 0 collisions
  Stage 7: 0 solution candidates
GPU mining complete: 0.65 seconds

No solution candidates found (need more nonces)

═══ Batch 243/625: nonces 7744000-7775999 (32000 nonces) ═══

--- Mining batch: 32000 nonces (64000 hashes) starting at nonce 7744000 ---
  [DEBUG] idx=0 -> nonce g=7744000
  [DEBUG] idx=1 -> nonce g=7744000
  [DEBUG] idx=2 -> nonce g=7744001
  [DEBUG] idx=3 -> nonce g=7744001
  [DEBUG] idx=63998 -> nonce g=7775999
  [DEBUG] idx=63999 -> nonce g=7775999
  [DEBUG] First 10 hash bucket IDs: 283616 162462 556007 683158 45832 735735 21466 229036 811479 1024042 
  [DEBUG] First hash bytes: 45 3e 00 12
Running GPU stages 1-7...
  Stage 1: 490 collisions in 482 buckets (max 3 per bucket)
  [DEBUG] First 5 non-empty buckets: bucket 5=1 colls, bucket 9=1 colls, bucket 52=1 colls, bucket 57=1 colls, bucket 117=1 colls, 
  [DEBUG] First collision attr=0x00000000 hash=00000000
  Stage 2: 5 collisions
  [DEBUG] Stage 2 first 10 bucket_counts: 0 0 0 0 0 0 0 0 0 0 
  Stage 3: 0 collisions
  Stage 4: 0 collisions
  Stage 5: 0 collisions
  Stage 6: 0 collisions
  Stage 7: 0 solution candidates
GPU mining complete: 0.68 seconds

No solution candidates found (need more nonces)

═══ Batch 244/625: nonces 7776000-7807999 (32000 nonces) ═══

--- Mining batch: 32000 nonces (64000 hashes) starting at nonce 7776000 ---
  [DEBUG] idx=0 -> nonce g=7776000
  [DEBUG] idx=1 -> nonce g=7776000
  [DEBUG] idx=2 -> nonce g=7776001
  [DEBUG] idx=3 -> nonce g=7776001
  [DEBUG] idx=63998 -> nonce g=7807999
  [DEBUG] idx=63999 -> nonce g=7807999
  [DEBUG] First 10 hash bucket IDs: 96959 341339 134133 494680 1028602 292400 450174 449158 463003 58918 
  [DEBUG] First hash bytes: 17 ab f5 4b
Running GPU stages 1-7...
  Stage 1: 470 collisions in 463 buckets (max 3 per bucket)
  [DEBUG] First 5 non-empty buckets: bucket 4=1 colls, bucket 175=1 colls, bucket 245=1 colls, bucket 246=1 colls, bucket 275=1 colls, 
  [DEBUG] First collision attr=0x00000000 hash=00000000
  Stage 2: 1 collisions
  [DEBUG] Stage 2 first 10 bucket_counts: 0 0 0 0 0 0 0 0 0 0 
  Stage 3: 0 collisions
  Stage 4: 0 collisions
  Stage 5: 0 collisions
  Stage 6: 0 collisions
  Stage 7: 0 solution candidates
GPU mining complete: 0.66 seconds

No solution candidates found (need more nonces)

═══ Batch 245/625: nonces 7808000-7839999 (32000 nonces) ═══

--- Mining batch: 32000 nonces (64000 hashes) starting at nonce 7808000 ---
  [DEBUG] idx=0 -> nonce g=7808000
  [DEBUG] idx=1 -> nonce g=7808000
  [DEBUG] idx=2 -> nonce g=7808001
  [DEBUG] idx=3 -> nonce g=7808001
  [DEBUG] idx=63998 -> nonce g=7839999
  [DEBUG] idx=63999 -> nonce g=7839999
  [DEBUG] First 10 hash bucket IDs: 247388 962947 23590 886466 565531 429299 126600 895126 151144 388156 
  [DEBUG] First hash bytes: 3c 65 c3 61
Running GPU stages 1-7...
  Stage 1: 501 collisions in 491 buckets (max 3 per bucket)
  [DEBUG] First 5 non-empty buckets: bucket 18=1 colls, bucket 48=1 colls, bucket 63=1 colls, bucket 140=1 colls, bucket 144=1 colls, 
  [DEBUG] First collision attr=0x00000000 hash=00000000
  Stage 2: 13 collisions
  [DEBUG] Stage 2 first 10 bucket_counts: 0 0 0 0 0 0 0 0 0 0 
  Stage 3: 0 collisions
  Stage 4: 0 collisions
  Stage 5: 0 collisions
  Stage 6: 0 collisions
  Stage 7: 0 solution candidates
GPU mining complete: 0.65 seconds

No solution candidates found (need more nonces)

═══ Batch 246/625: nonces 7840000-7871999 (32000 nonces) ═══

--- Mining batch: 32000 nonces (64000 hashes) starting at nonce 7840000 ---
  [DEBUG] idx=0 -> nonce g=7840000
  [DEBUG] idx=1 -> nonce g=7840000
  [DEBUG] idx=2 -> nonce g=7840001
  [DEBUG] idx=3 -> nonce g=7840001
  [DEBUG] idx=63998 -> nonce g=7871999
  [DEBUG] idx=63999 -> nonce g=7871999
  [DEBUG] First 10 hash bucket IDs: 370046 20191 190274 517212 863553 855686 1014837 116812 948688 987347 
  [DEBUG] First hash bytes: 5a 57 e4 e9
Running GPU stages 1-7...
  Stage 1: 507 collisions in 496 buckets (max 3 per bucket)
  [DEBUG] First 5 non-empty buckets: bucket 75=1 colls, bucket 81=1 colls, bucket 92=1 colls, bucket 131=1 colls, bucket 151=1 colls, 
  [DEBUG] First collision attr=0x00000000 hash=00000000
  Stage 2: 10 collisions
  [DEBUG] Stage 2 first 10 bucket_counts: 0 0 0 0 0 0 0 0 0 0 
  Stage 3: 1 collisions
  Stage 4: 0 collisions
  Stage 5: 0 collisions
  Stage 6: 0 collisions
  Stage 7: 0 solution candidates
GPU mining complete: 0.65 seconds

No solution candidates found (need more nonces)

═══ Batch 247/625: nonces 7872000-7903999 (32000 nonces) ═══

--- Mining batch: 32000 nonces (64000 hashes) starting at nonce 7872000 ---
  [DEBUG] idx=0 -> nonce g=7872000
  [DEBUG] idx=1 -> nonce g=7872000
  [DEBUG] idx=2 -> nonce g=7872001
  [DEBUG] idx=3 -> nonce g=7872001
  [DEBUG] idx=63998 -> nonce g=7903999
  [DEBUG] idx=63999 -> nonce g=7903999
  [DEBUG] First 10 hash bucket IDs: 401995 167749 442438 866854 718353 100238 662674 80999 1024443 908245 
  [DEBUG] First hash bytes: 62 24 b7 7d
Running GPU stages 1-7...
  Stage 1: 504 collisions in 490 buckets (max 3 per bucket)
  [DEBUG] First 5 non-empty buckets: bucket 3=1 colls, bucket 37=1 colls, bucket 110=1 colls, bucket 118=1 colls, bucket 124=1 colls, 
  [DEBUG] First collision attr=0x00000000 hash=00000000
  Stage 2: 4 collisions
  [DEBUG] Stage 2 first 10 bucket_counts: 0 0 0 0 0 0 0 0 0 0 
  Stage 3: 0 collisions
  Stage 4: 0 collisions
  Stage 5: 0 collisions
  Stage 6: 0 collisions
  Stage 7: 0 solution candidates
GPU mining complete: 0.66 seconds

No solution candidates found (need more nonces)

═══ Batch 248/625: nonces 7904000-7935999 (32000 nonces) ═══

--- Mining batch: 32000 nonces (64000 hashes) starting at nonce 7904000 ---
  [DEBUG] idx=0 -> nonce g=7904000
  [DEBUG] idx=1 -> nonce g=7904000
  [DEBUG] idx=2 -> nonce g=7904001
  [DEBUG] idx=3 -> nonce g=7904001
  [DEBUG] idx=63998 -> nonce g=7935999
  [DEBUG] idx=63999 -> nonce g=7935999
  [DEBUG] First 10 hash bucket IDs: 926319 609396 964573 87045 719337 872115 533066 986935 377987 86414 
  [DEBUG] First hash bytes: e2 26 f6 2d
Running GPU stages 1-7...
  Stage 1: 523 collisions in 507 buckets (max 3 per bucket)
  [DEBUG] First 5 non-empty buckets: bucket 36=1 colls, bucket 56=1 colls, bucket 122=1 colls, bucket 123=1 colls, bucket 199=2 colls, 
  [DEBUG] First collision attr=0x00000000 hash=00000000
  Stage 2: 7 collisions
  [DEBUG] Stage 2 first 10 bucket_counts: 0 0 0 0 0 0 0 0 0 0 
  Stage 3: 0 collisions
  Stage 4: 0 collisions
  Stage 5: 0 collisions
  Stage 6: 0 collisions
  Stage 7: 0 solution candidates
GPU mining complete: 0.66 seconds

No solution candidates found (need more nonces)

═══ Batch 249/625: nonces 7936000-7967999 (32000 nonces) ═══

--- Mining batch: 32000 nonces (64000 hashes) starting at nonce 7936000 ---
  [DEBUG] idx=0 -> nonce g=7936000
  [DEBUG] idx=1 -> nonce g=7936000
  [DEBUG] idx=2 -> nonce g=7936001
  [DEBUG] idx=3 -> nonce g=7936001
  [DEBUG] idx=63998 -> nonce g=7967999
  [DEBUG] idx=63999 -> nonce g=7967999
  [DEBUG] First 10 hash bucket IDs: 561955 244093 824107 1042660 933516 39948 510073 462446 979989 503843 
  [DEBUG] First hash bytes: 89 32 3d f5
Running GPU stages 1-7...
  Stage 1: 500 collisions in 490 buckets (max 3 per bucket)
  [DEBUG] First 5 non-empty buckets: bucket 57=1 colls, bucket 104=1 colls, bucket 138=1 colls, bucket 170=1 colls, bucket 222=1 colls, 
  [DEBUG] First collision attr=0x00000000 hash=00000000
  Stage 2: 6 collisions
  [DEBUG] Stage 2 first 10 bucket_counts: 0 0 0 0 0 0 0 0 0 0 
  Stage 3: 0 collisions
  Stage 4: 0 collisions
  Stage 5: 0 collisions
  Stage 6: 0 collisions
  Stage 7: 0 solution candidates
GPU mining complete: 0.66 seconds

No solution candidates found (need more nonces)

═══ Batch 250/625: nonces 7968000-7999999 (32000 nonces) ═══

--- Mining batch: 32000 nonces (64000 hashes) starting at nonce 7968000 ---
  [DEBUG] idx=0 -> nonce g=7968000
  [DEBUG] idx=1 -> nonce g=7968000
  [DEBUG] idx=2 -> nonce g=7968001
  [DEBUG] idx=3 -> nonce g=7968001
  [DEBUG] idx=63998 -> nonce g=7999999
  [DEBUG] idx=63999 -> nonce g=7999999
  [DEBUG] First 10 hash bucket IDs: 821347 977244 572594 514055 697667 360048 40802 1004505 843944 187264 
  [DEBUG] First hash bytes: c8 86 3e 73
Running GPU stages 1-7...
  Stage 1: 502 collisions in 486 buckets (max 3 per bucket)
  [DEBUG] First 5 non-empty buckets: bucket 73=1 colls, bucket 87=1 colls, bucket 108=1 colls, bucket 113=1 colls, bucket 114=1 colls, 
  [DEBUG] First collision attr=0x00000000 hash=00000000
  Stage 2: 14 collisions
  [DEBUG] Stage 2 first 10 bucket_counts: 0 0 0 0 0 0 0 0 0 0 
  Stage 3: 0 collisions
  Stage 4: 0 collisions
  Stage 5: 0 collisions
  Stage 6: 0 collisions
  Stage 7: 0 solution candidates
GPU mining complete: 0.66 seconds

No solution candidates found (need more nonces)

═══ Batch 251/625: nonces 8000000-8031999 (32000 nonces) ═══

--- Mining batch: 32000 nonces (64000 hashes) starting at nonce 8000000 ---
  [DEBUG] idx=0 -> nonce g=8000000
  [DEBUG] idx=1 -> nonce g=8000000
  [DEBUG] idx=2 -> nonce g=8000001
  [DEBUG] idx=3 -> nonce g=8000001
  [DEBUG] idx=63998 -> nonce g=8031999
  [DEBUG] idx=63999 -> nonce g=8031999
  [DEBUG] First 10 hash bucket IDs: 660505 958777 931780 1041605 931575 379267 284435 571132 193823 593295 
  [DEBUG] First hash bytes: a1 41 9b 75
Running GPU stages 1-7...
  Stage 1: 491 collisions in 472 buckets (max 3 per bucket)
  [DEBUG] First 5 non-empty buckets: bucket 3=3 colls, bucket 36=1 colls, bucket 60=1 colls, bucket 83=1 colls, bucket 98=1 colls, 
  [DEBUG] First collision attr=0x00000000 hash=00000000
  Stage 2: 6 collisions
  [DEBUG] Stage 2 first 10 bucket_counts: 0 0 0 0 0 0 0 0 0 0 
  Stage 3: 0 collisions
  Stage 4: 0 collisions
  Stage 5: 0 collisions
  Stage 6: 0 collisions
  Stage 7: 0 solution candidates
GPU mining complete: 0.66 seconds

No solution candidates found (need more nonces)

═══ Batch 252/625: nonces 8032000-8063999 (32000 nonces) ═══

--- Mining batch: 32000 nonces (64000 hashes) starting at nonce 8032000 ---
  [DEBUG] idx=0 -> nonce g=8032000
  [DEBUG] idx=1 -> nonce g=8032000
  [DEBUG] idx=2 -> nonce g=8032001
  [DEBUG] idx=3 -> nonce g=8032001
  [DEBUG] idx=63998 -> nonce g=8063999
  [DEBUG] idx=63999 -> nonce g=8063999
  [DEBUG] First 10 hash bucket IDs: 671579 649181 473949 187028 90712 468187 712998 830610 843568 953937 
  [DEBUG] First hash bytes: a3 f5 bd 4a
Running GPU stages 1-7...
  Stage 1: 507 collisions in 499 buckets (max 3 per bucket)
  [DEBUG] First 5 non-empty buckets: bucket 1=1 colls, bucket 2=1 colls, bucket 6=1 colls, bucket 14=1 colls, bucket 153=1 colls, 
  [DEBUG] First collision attr=0x00000000 hash=00000000
  Stage 2: 8 collisions
  [DEBUG] Stage 2 first 10 bucket_counts: 0 0 0 0 0 0 0 0 0 0 
  Stage 3: 0 collisions
  Stage 4: 0 collisions
  Stage 5: 0 collisions
  Stage 6: 0 collisions
  Stage 7: 0 solution candidates
GPU mining complete: 0.66 seconds

No solution candidates found (need more nonces)

═══ Batch 253/625: nonces 8064000-8095999 (32000 nonces) ═══

--- Mining batch: 32000 nonces (64000 hashes) starting at nonce 8064000 ---
  [DEBUG] idx=0 -> nonce g=8064000
  [DEBUG] idx=1 -> nonce g=8064000
  [DEBUG] idx=2 -> nonce g=8064001
  [DEBUG] idx=3 -> nonce g=8064001
  [DEBUG] idx=63998 -> nonce g=8095999
  [DEBUG] idx=63999 -> nonce g=8095999
  [DEBUG] First 10 hash bucket IDs: 61716 85087 357008 852911 564737 943039 495469 216721 511690 640502 
  [DEBUG] First hash bytes: 0f 11 47 4c
Running GPU stages 1-7...
  Stage 1: 478 collisions in 472 buckets (max 4 per bucket)
  [DEBUG] First 5 non-empty buckets: bucket 0=1 colls, bucket 81=1 colls, bucket 103=1 colls, bucket 105=1 colls, bucket 107=1 colls, 
  [DEBUG] First collision attr=0xaf30b88f hash=00835b0c
  Stage 2: 9 collisions
  [DEBUG] Stage 2 first 10 bucket_counts: 0 0 0 0 0 0 0 0 0 0 
  Stage 3: 0 collisions
  Stage 4: 0 collisions
  Stage 5: 0 collisions
  Stage 6: 0 collisions
  Stage 7: 0 solution candidates
GPU mining complete: 0.65 seconds

No solution candidates found (need more nonces)

═══ Batch 254/625: nonces 8096000-8127999 (32000 nonces) ═══

--- Mining batch: 32000 nonces (64000 hashes) starting at nonce 8096000 ---
  [DEBUG] idx=0 -> nonce g=8096000
  [DEBUG] idx=1 -> nonce g=8096000
  [DEBUG] idx=2 -> nonce g=8096001
  [DEBUG] idx=3 -> nonce g=8096001
  [DEBUG] idx=63998 -> nonce g=8127999
  [DEBUG] idx=63999 -> nonce g=8127999
  [DEBUG] First 10 hash bucket IDs: 466916 174200 879129 180577 902153 900814 693806 731752 461936 936505 
  [DEBUG] First hash bytes: 71 fe 47 59
Running GPU stages 1-7...
  Stage 1: 468 collisions in 455 buckets (max 3 per bucket)
  [DEBUG] First 5 non-empty buckets: bucket 18=1 colls, bucket 30=1 colls, bucket 69=1 colls, bucket 103=1 colls, bucket 114=1 colls, 
  [DEBUG] First collision attr=0x00000000 hash=00000000
  Stage 2: 8 collisions
  [DEBUG] Stage 2 first 10 bucket_counts: 0 0 0 0 0 0 0 0 0 0 
  Stage 3: 0 collisions
  Stage 4: 0 collisions
  Stage 5: 0 collisions
  Stage 6: 0 collisions
  Stage 7: 0 solution candidates
GPU mining complete: 0.65 seconds

No solution candidates found (need more nonces)

═══ Batch 255/625: nonces 8128000-8159999 (32000 nonces) ═══

--- Mining batch: 32000 nonces (64000 hashes) starting at nonce 8128000 ---
  [DEBUG] idx=0 -> nonce g=8128000
  [DEBUG] idx=1 -> nonce g=8128000
  [DEBUG] idx=2 -> nonce g=8128001
  [DEBUG] idx=3 -> nonce g=8128001
  [DEBUG] idx=63998 -> nonce g=8159999
  [DEBUG] idx=63999 -> nonce g=8159999
  [DEBUG] First 10 hash bucket IDs: 280366 629097 778264 725771 83757 259117 1869 731194 370999 123094 
  [DEBUG] First hash bytes: 44 72 e9 91
Running GPU stages 1-7...
  Stage 1: 473 collisions in 463 buckets (max 3 per bucket)
  [DEBUG] First 5 non-empty buckets: bucket 9=1 colls, bucket 32=1 colls, bucket 69=1 colls, bucket 92=1 colls, bucket 144=1 colls, 
  [DEBUG] First collision attr=0x00000000 hash=00000000
  Stage 2: 8 collisions
  [DEBUG] Stage 2 first 10 bucket_counts: 0 0 0 0 0 0 0 0 0 0 
  Stage 3: 0 collisions
  Stage 4: 0 collisions
  Stage 5: 0 collisions
  Stage 6: 0 collisions
  Stage 7: 0 solution candidates
GPU mining complete: 0.65 seconds

No solution candidates found (need more nonces)

═══ Batch 256/625: nonces 8160000-8191999 (32000 nonces) ═══

--- Mining batch: 32000 nonces (64000 hashes) starting at nonce 8160000 ---
  [DEBUG] idx=0 -> nonce g=8160000
  [DEBUG] idx=1 -> nonce g=8160000
  [DEBUG] idx=2 -> nonce g=8160001
  [DEBUG] idx=3 -> nonce g=8160001
  [DEBUG] idx=63998 -> nonce g=8191999
  [DEBUG] idx=63999 -> nonce g=8191999
  [DEBUG] First 10 hash bucket IDs: 599037 988057 721161 751023 128865 879258 733130 203821 1012607 80943 
  [DEBUG] First hash bytes: 92 3f d2 28
Running GPU stages 1-7...
  Stage 1: 479 collisions in 466 buckets (max 3 per bucket)
  [DEBUG] First 5 non-empty buckets: bucket 30=1 colls, bucket 45=1 colls, bucket 50=1 colls, bucket 51=1 colls, bucket 68=1 colls, 
  [DEBUG] First collision attr=0x00000000 hash=00000000
  Stage 2: 4 collisions
  [DEBUG] Stage 2 first 10 bucket_counts: 0 0 0 0 0 0 0 0 0 0 
  Stage 3: 0 collisions
  Stage 4: 0 collisions
  Stage 5: 0 collisions
  Stage 6: 0 collisions
  Stage 7: 0 solution candidates
GPU mining complete: 0.63 seconds

No solution candidates found (need more nonces)

═══ Batch 257/625: nonces 8192000-8223999 (32000 nonces) ═══

--- Mining batch: 32000 nonces (64000 hashes) starting at nonce 8192000 ---
  [DEBUG] idx=0 -> nonce g=8192000
  [DEBUG] idx=1 -> nonce g=8192000
  [DEBUG] idx=2 -> nonce g=8192001
  [DEBUG] idx=3 -> nonce g=8192001
  [DEBUG] idx=63998 -> nonce g=8223999
  [DEBUG] idx=63999 -> nonce g=8223999
  [DEBUG] First 10 hash bucket IDs: 106180 783119 491046 191391 501990 344548 230457 934777 540657 874607 
  [DEBUG] First hash bytes: 19 ec 42 04
Running GPU stages 1-7...
  Stage 1: 430 collisions in 419 buckets (max 3 per bucket)
  [DEBUG] First 5 non-empty buckets: bucket 50=1 colls, bucket 57=1 colls, bucket 122=1 colls, bucket 179=1 colls, bucket 230=1 colls, 
  [DEBUG] First collision attr=0x00000000 hash=00000000
  Stage 2: 6 collisions
  [DEBUG] Stage 2 first 10 bucket_counts: 0 0 0 0 0 0 0 0 0 0 
  Stage 3: 0 collisions
  Stage 4: 0 collisions
  Stage 5: 0 collisions
  Stage 6: 0 collisions
  Stage 7: 0 solution candidates
GPU mining complete: 0.65 seconds

No solution candidates found (need more nonces)

═══ Batch 258/625: nonces 8224000-8255999 (32000 nonces) ═══

--- Mining batch: 32000 nonces (64000 hashes) starting at nonce 8224000 ---
  [DEBUG] idx=0 -> nonce g=8224000
  [DEBUG] idx=1 -> nonce g=8224000
  [DEBUG] idx=2 -> nonce g=8224001
  [DEBUG] idx=3 -> nonce g=8224001
  [DEBUG] idx=63998 -> nonce g=8255999
  [DEBUG] idx=63999 -> nonce g=8255999
  [DEBUG] First 10 hash bucket IDs: 911245 110033 307220 897912 672985 641088 539599 51577 622435 406217 
  [DEBUG] First hash bytes: de 78 d8 63
Running GPU stages 1-7...
  Stage 1: 446 collisions in 436 buckets (max 3 per bucket)
  [DEBUG] First 5 non-empty buckets: bucket 20=1 colls, bucket 53=1 colls, bucket 96=1 colls, bucket 236=1 colls, bucket 272=1 colls, 
  [DEBUG] First collision attr=0x00000000 hash=00000000
  Stage 2: 10 collisions
  [DEBUG] Stage 2 first 10 bucket_counts: 0 0 0 0 0 0 0 0 0 0 
  Stage 3: 0 collisions
  Stage 4: 0 collisions
  Stage 5: 0 collisions
  Stage 6: 0 collisions
  Stage 7: 0 solution candidates
GPU mining complete: 0.65 seconds

No solution candidates found (need more nonces)

═══ Batch 259/625: nonces 8256000-8287999 (32000 nonces) ═══

--- Mining batch: 32000 nonces (64000 hashes) starting at nonce 8256000 ---
  [DEBUG] idx=0 -> nonce g=8256000
  [DEBUG] idx=1 -> nonce g=8256000
  [DEBUG] idx=2 -> nonce g=8256001
  [DEBUG] idx=3 -> nonce g=8256001
  [DEBUG] idx=63998 -> nonce g=8287999
  [DEBUG] idx=63999 -> nonce g=8287999
  [DEBUG] First 10 hash bucket IDs: 973587 129219 123018 10632 340375 57653 629086 504623 222193 382756 
  [DEBUG] First hash bytes: ed b1 36 03
Running GPU stages 1-7...
  Stage 1: 534 collisions in 518 buckets (max 3 per bucket)
  [DEBUG] First 5 non-empty buckets: bucket 8=1 colls, bucket 35=1 colls, bucket 51=1 colls, bucket 62=1 colls, bucket 103=1 colls, 
  [DEBUG] First collision attr=0x00000000 hash=00000000
  Stage 2: 9 collisions
  [DEBUG] Stage 2 first 10 bucket_counts: 0 0 0 0 0 0 0 0 0 0 
  Stage 3: 0 collisions
  Stage 4: 0 collisions
  Stage 5: 0 collisions
  Stage 6: 0 collisions
  Stage 7: 0 solution candidates
GPU mining complete: 0.66 seconds

No solution candidates found (need more nonces)

═══ Batch 260/625: nonces 8288000-8319999 (32000 nonces) ═══

--- Mining batch: 32000 nonces (64000 hashes) starting at nonce 8288000 ---
  [DEBUG] idx=0 -> nonce g=8288000
  [DEBUG] idx=1 -> nonce g=8288000
  [DEBUG] idx=2 -> nonce g=8288001
  [DEBUG] idx=3 -> nonce g=8288001
  [DEBUG] idx=63998 -> nonce g=8319999
  [DEBUG] idx=63999 -> nonce g=8319999
  [DEBUG] First 10 hash bucket IDs: 140432 558397 743783 890826 587521 858603 878597 307101 124332 253972 
  [DEBUG] First hash bytes: 22 49 0e 88
Running GPU stages 1-7...
  Stage 1: 462 collisions in 449 buckets (max 3 per bucket)
  [DEBUG] First 5 non-empty buckets: bucket 8=1 colls, bucket 26=1 colls, bucket 78=1 colls, bucket 325=1 colls, bucket 459=1 colls, 
  [DEBUG] First collision attr=0x00000000 hash=00000000
  Stage 2: 8 collisions
  [DEBUG] Stage 2 first 10 bucket_counts: 0 0 0 0 0 0 0 0 0 0 
  Stage 3: 0 collisions
  Stage 4: 0 collisions
  Stage 5: 0 collisions
  Stage 6: 0 collisions
  Stage 7: 0 solution candidates
GPU mining complete: 0.65 seconds

No solution candidates found (need more nonces)

═══ Batch 261/625: nonces 8320000-8351999 (32000 nonces) ═══

--- Mining batch: 32000 nonces (64000 hashes) starting at nonce 8320000 ---
  [DEBUG] idx=0 -> nonce g=8320000
  [DEBUG] idx=1 -> nonce g=8320000
  [DEBUG] idx=2 -> nonce g=8320001
  [DEBUG] idx=3 -> nonce g=8320001
  [DEBUG] idx=63998 -> nonce g=8351999
  [DEBUG] idx=63999 -> nonce g=8351999
  [DEBUG] First 10 hash bucket IDs: 135968 905437 314374 901628 225585 252316 112471 47057 351627 191132 
  [DEBUG] First hash bytes: 21 32 04 3a
Running GPU stages 1-7...
  Stage 1: 494 collisions in 481 buckets (max 3 per bucket)
  [DEBUG] First 5 non-empty buckets: bucket 23=1 colls, bucket 46=1 colls, bucket 103=1 colls, bucket 115=1 colls, bucket 129=1 colls, 
  [DEBUG] First collision attr=0x00000000 hash=00000000
  Stage 2: 7 collisions
  [DEBUG] Stage 2 first 10 bucket_counts: 0 0 0 0 0 0 0 0 0 0 
  Stage 3: 0 collisions
  Stage 4: 0 collisions
  Stage 5: 0 collisions
  Stage 6: 0 collisions
  Stage 7: 0 solution candidates
GPU mining complete: 0.66 seconds

No solution candidates found (need more nonces)

═══ Batch 262/625: nonces 8352000-8383999 (32000 nonces) ═══

--- Mining batch: 32000 nonces (64000 hashes) starting at nonce 8352000 ---
  [DEBUG] idx=0 -> nonce g=8352000
  [DEBUG] idx=1 -> nonce g=8352000
  [DEBUG] idx=2 -> nonce g=8352001
  [DEBUG] idx=3 -> nonce g=8352001
  [DEBUG] idx=63998 -> nonce g=8383999
  [DEBUG] idx=63999 -> nonce g=8383999
  [DEBUG] First 10 hash bucket IDs: 69438 554165 476256 708333 532552 474482 236099 809078 461123 247344 
  [DEBUG] First hash bytes: 10 f3 e1 51
Running GPU stages 1-7...
  Stage 1: 488 collisions in 480 buckets (max 3 per bucket)
  [DEBUG] First 5 non-empty buckets: bucket 25=1 colls, bucket 59=1 colls, bucket 81=1 colls, bucket 102=1 colls, bucket 127=1 colls, 
  [DEBUG] First collision attr=0x00000000 hash=00000000
  Stage 2: 10 collisions
  [DEBUG] Stage 2 first 10 bucket_counts: 0 0 0 0 0 0 0 0 0 0 
  Stage 3: 0 collisions
  Stage 4: 0 collisions
  Stage 5: 0 collisions
  Stage 6: 0 collisions
  Stage 7: 0 solution candidates
GPU mining complete: 0.65 seconds

No solution candidates found (need more nonces)

═══ Batch 263/625: nonces 8384000-8415999 (32000 nonces) ═══

--- Mining batch: 32000 nonces (64000 hashes) starting at nonce 8384000 ---
  [DEBUG] idx=0 -> nonce g=8384000
  [DEBUG] idx=1 -> nonce g=8384000
  [DEBUG] idx=2 -> nonce g=8384001
  [DEBUG] idx=3 -> nonce g=8384001
  [DEBUG] idx=63998 -> nonce g=8415999
  [DEBUG] idx=63999 -> nonce g=8415999
  [DEBUG] First 10 hash bucket IDs: 494572 1040551 375887 1016286 147596 581884 112145 425706 794620 27670 
  [DEBUG] First hash bytes: 78 be ca 6a
Running GPU stages 1-7...
  Stage 1: 503 collisions in 492 buckets (max 3 per bucket)
  [DEBUG] First 5 non-empty buckets: bucket 77=1 colls, bucket 139=1 colls, bucket 193=1 colls, bucket 199=2 colls, bucket 200=1 colls, 
  [DEBUG] First collision attr=0x00000000 hash=00000000
  Stage 2: 15 collisions
  [DEBUG] Stage 2 first 10 bucket_counts: 0 0 0 0 0 0 0 0 0 0 
  Stage 3: 0 collisions
  Stage 4: 0 collisions
  Stage 5: 0 collisions
  Stage 6: 0 collisions
  Stage 7: 0 solution candidates
GPU mining complete: 0.65 seconds

No solution candidates found (need more nonces)

═══ Batch 264/625: nonces 8416000-8447999 (32000 nonces) ═══

--- Mining batch: 32000 nonces (64000 hashes) starting at nonce 8416000 ---
  [DEBUG] idx=0 -> nonce g=8416000
  [DEBUG] idx=1 -> nonce g=8416000
  [DEBUG] idx=2 -> nonce g=8416001
  [DEBUG] idx=3 -> nonce g=8416001
  [DEBUG] idx=63998 -> nonce g=8447999
  [DEBUG] idx=63999 -> nonce g=8447999
  [DEBUG] First 10 hash bucket IDs: 26525 551162 226357 962669 175038 322955 102400 860372 490883 348870 
  [DEBUG] First hash bytes: 06 79 d5 a4
Running GPU stages 1-7...
  Stage 1: 473 collisions in 464 buckets (max 3 per bucket)
  [DEBUG] First 5 non-empty buckets: bucket 23=1 colls, bucket 123=1 colls, bucket 184=1 colls, bucket 199=1 colls, bucket 204=1 colls, 
  [DEBUG] First collision attr=0x00000000 hash=00000000
  Stage 2: 5 collisions
  [DEBUG] Stage 2 first 10 bucket_counts: 0 0 0 0 0 0 0 0 0 0 
  Stage 3: 0 collisions
  Stage 4: 0 collisions
  Stage 5: 0 collisions
  Stage 6: 0 collisions
  Stage 7: 0 solution candidates
GPU mining complete: 0.65 seconds

No solution candidates found (need more nonces)

═══ Batch 265/625: nonces 8448000-8479999 (32000 nonces) ═══

--- Mining batch: 32000 nonces (64000 hashes) starting at nonce 8448000 ---
  [DEBUG] idx=0 -> nonce g=8448000
  [DEBUG] idx=1 -> nonce g=8448000
  [DEBUG] idx=2 -> nonce g=8448001
  [DEBUG] idx=3 -> nonce g=8448001
  [DEBUG] idx=63998 -> nonce g=8479999
  [DEBUG] idx=63999 -> nonce g=8479999
  [DEBUG] First 10 hash bucket IDs: 230265 967027 607206 1045691 922890 53514 425709 473577 262711 486862 
  [DEBUG] First hash bytes: 38 37 94 28
Running GPU stages 1-7...
  Stage 1: 497 collisions in 484 buckets (max 3 per bucket)
  [DEBUG] First 5 non-empty buckets: bucket 4=1 colls, bucket 13=1 colls, bucket 42=1 colls, bucket 105=1 colls, bucket 141=1 colls, 
  [DEBUG] First collision attr=0x00000000 hash=00000000
  Stage 2: 6 collisions
  [DEBUG] Stage 2 first 10 bucket_counts: 0 0 0 0 0 0 0 0 0 0 
  Stage 3: 0 collisions
  Stage 4: 0 collisions
  Stage 5: 0 collisions
  Stage 6: 0 collisions
  Stage 7: 0 solution candidates
GPU mining complete: 0.65 seconds

No solution candidates found (need more nonces)

═══ Batch 266/625: nonces 8480000-8511999 (32000 nonces) ═══

--- Mining batch: 32000 nonces (64000 hashes) starting at nonce 8480000 ---
  [DEBUG] idx=0 -> nonce g=8480000
  [DEBUG] idx=1 -> nonce g=8480000
  [DEBUG] idx=2 -> nonce g=8480001
  [DEBUG] idx=3 -> nonce g=8480001
  [DEBUG] idx=63998 -> nonce g=8511999
  [DEBUG] idx=63999 -> nonce g=8511999
  [DEBUG] First 10 hash bucket IDs: 732465 69267 1040318 270480 774450 299192 554508 607729 794125 958245 
  [DEBUG] First hash bytes: b2 d3 17 d2
Running GPU stages 1-7...
  Stage 1: 526 collisions in 520 buckets (max 3 per bucket)
  [DEBUG] First 5 non-empty buckets: bucket 97=1 colls, bucket 99=1 colls, bucket 177=1 colls, bucket 217=1 colls, bucket 287=1 colls, 
  [DEBUG] First collision attr=0x00000000 hash=00000000
  Stage 2: 9 collisions
  [DEBUG] Stage 2 first 10 bucket_counts: 0 0 0 0 0 0 0 0 0 0 
  Stage 3: 0 collisions
  Stage 4: 0 collisions
  Stage 5: 0 collisions
  Stage 6: 0 collisions
  Stage 7: 0 solution candidates
GPU mining complete: 0.65 seconds

No solution candidates found (need more nonces)

═══ Batch 267/625: nonces 8512000-8543999 (32000 nonces) ═══

--- Mining batch: 32000 nonces (64000 hashes) starting at nonce 8512000 ---
  [DEBUG] idx=0 -> nonce g=8512000
  [DEBUG] idx=1 -> nonce g=8512000
  [DEBUG] idx=2 -> nonce g=8512001
  [DEBUG] idx=3 -> nonce g=8512001
  [DEBUG] idx=63998 -> nonce g=8543999
  [DEBUG] idx=63999 -> nonce g=8543999
  [DEBUG] First 10 hash bucket IDs: 717474 651052 528819 638510 121970 244527 31990 400750 786467 113264 
  [DEBUG] First hash bytes: af 2a 24 2a
Running GPU stages 1-7...
  Stage 1: 484 collisions in 475 buckets (max 3 per bucket)
  [DEBUG] First 5 non-empty buckets: bucket 75=1 colls, bucket 108=1 colls, bucket 126=1 colls, bucket 138=1 colls, bucket 205=1 colls, 
  [DEBUG] First collision attr=0x00000000 hash=00000000
  Stage 2: 6 collisions
  [DEBUG] Stage 2 first 10 bucket_counts: 0 0 0 0 0 0 0 0 0 0 
  Stage 3: 0 collisions
  Stage 4: 0 collisions
  Stage 5: 0 collisions
  Stage 6: 0 collisions
  Stage 7: 0 solution candidates
GPU mining complete: 0.68 seconds

No solution candidates found (need more nonces)

═══ Batch 268/625: nonces 8544000-8575999 (32000 nonces) ═══

--- Mining batch: 32000 nonces (64000 hashes) starting at nonce 8544000 ---
  [DEBUG] idx=0 -> nonce g=8544000
  [DEBUG] idx=1 -> nonce g=8544000
  [DEBUG] idx=2 -> nonce g=8544001
  [DEBUG] idx=3 -> nonce g=8544001
  [DEBUG] idx=63998 -> nonce g=8575999
  [DEBUG] idx=63999 -> nonce g=8575999
  [DEBUG] First 10 hash bucket IDs: 103748 534156 897269 385854 969320 939871 698545 645455 858376 1004335 
  [DEBUG] First hash bytes: 19 54 49 8d
Running GPU stages 1-7...
  Stage 1: 492 collisions in 484 buckets (max 3 per bucket)
  [DEBUG] First 5 non-empty buckets: bucket 188=1 colls, bucket 227=1 colls, bucket 280=1 colls, bucket 285=1 colls, bucket 300=1 colls, 
  [DEBUG] First collision attr=0x00000000 hash=00000000
  Stage 2: 8 collisions
  [DEBUG] Stage 2 first 10 bucket_counts: 0 0 0 0 0 0 0 0 0 0 
  Stage 3: 0 collisions
  Stage 4: 0 collisions
  Stage 5: 0 collisions
  Stage 6: 0 collisions
  Stage 7: 0 solution candidates
GPU mining complete: 0.66 seconds

No solution candidates found (need more nonces)

═══ Batch 269/625: nonces 8576000-8607999 (32000 nonces) ═══

--- Mining batch: 32000 nonces (64000 hashes) starting at nonce 8576000 ---
  [DEBUG] idx=0 -> nonce g=8576000
  [DEBUG] idx=1 -> nonce g=8576000
  [DEBUG] idx=2 -> nonce g=8576001
  [DEBUG] idx=3 -> nonce g=8576001
  [DEBUG] idx=63998 -> nonce g=8607999
  [DEBUG] idx=63999 -> nonce g=8607999
  [DEBUG] First 10 hash bucket IDs: 556930 727748 834458 605832 887394 365867 256212 175020 641160 951355 
  [DEBUG] First hash bytes: 87 f8 2a 8f
Running GPU stages 1-7...
  Stage 1: 483 collisions in 476 buckets (max 2 per bucket)
  [DEBUG] First 5 non-empty buckets: bucket 1=1 colls, bucket 36=1 colls, bucket 45=1 colls, bucket 151=1 colls, bucket 195=1 colls, 
  [DEBUG] First collision attr=0x00000000 hash=00000000
  Stage 2: 2 collisions
  [DEBUG] Stage 2 first 10 bucket_counts: 0 0 0 0 0 0 0 0 0 0 
  Stage 3: 0 collisions
  Stage 4: 0 collisions
  Stage 5: 0 collisions
  Stage 6: 0 collisions
  Stage 7: 0 solution candidates
GPU mining complete: 0.66 seconds

No solution candidates found (need more nonces)

═══ Batch 270/625: nonces 8608000-8639999 (32000 nonces) ═══

--- Mining batch: 32000 nonces (64000 hashes) starting at nonce 8608000 ---
  [DEBUG] idx=0 -> nonce g=8608000
  [DEBUG] idx=1 -> nonce g=8608000
  [DEBUG] idx=2 -> nonce g=8608001
  [DEBUG] idx=3 -> nonce g=8608001
  [DEBUG] idx=63998 -> nonce g=8639999
  [DEBUG] idx=63999 -> nonce g=8639999
  [DEBUG] First 10 hash bucket IDs: 877927 597095 197597 794889 944583 164965 622342 893299 120437 95254 
  [DEBUG] First hash bytes: d6 56 78 2d
Running GPU stages 1-7...
  Stage 1: 519 collisions in 499 buckets (max 3 per bucket)
  [DEBUG] First 5 non-empty buckets: bucket 51=1 colls, bucket 54=1 colls, bucket 57=1 colls, bucket 108=1 colls, bucket 164=1 colls, 
  [DEBUG] First collision attr=0x00000000 hash=00000000
  Stage 2: 1 collisions
  [DEBUG] Stage 2 first 10 bucket_counts: 0 0 0 0 0 0 0 0 0 0 
  Stage 3: 0 collisions
  Stage 4: 0 collisions
  Stage 5: 0 collisions
  Stage 6: 0 collisions
  Stage 7: 0 solution candidates
GPU mining complete: 0.69 seconds

No solution candidates found (need more nonces)

═══ Batch 271/625: nonces 8640000-8671999 (32000 nonces) ═══

--- Mining batch: 32000 nonces (64000 hashes) starting at nonce 8640000 ---
  [DEBUG] idx=0 -> nonce g=8640000
  [DEBUG] idx=1 -> nonce g=8640000
  [DEBUG] idx=2 -> nonce g=8640001
  [DEBUG] idx=3 -> nonce g=8640001
  [DEBUG] idx=63998 -> nonce g=8671999
  [DEBUG] idx=63999 -> nonce g=8671999
  [DEBUG] First 10 hash bucket IDs: 652513 555009 660505 1042032 996063 1042031 871436 490001 1021891 541262 
  [DEBUG] First hash bytes: 9f 4e 1c 8f
Running GPU stages 1-7...
  Stage 1: 470 collisions in 458 buckets (max 3 per bucket)
  [DEBUG] First 5 non-empty buckets: bucket 91=1 colls, bucket 99=1 colls, bucket 149=1 colls, bucket 160=1 colls, bucket 216=1 colls, 
  [DEBUG] First collision attr=0x00000000 hash=00000000
  Stage 2: 13 collisions
  [DEBUG] Stage 2 first 10 bucket_counts: 0 0 0 0 0 0 0 0 0 0 
  Stage 3: 0 collisions
  Stage 4: 0 collisions
  Stage 5: 0 collisions
  Stage 6: 0 collisions
  Stage 7: 0 solution candidates
GPU mining complete: 0.65 seconds

No solution candidates found (need more nonces)

═══ Batch 272/625: nonces 8672000-8703999 (32000 nonces) ═══

--- Mining batch: 32000 nonces (64000 hashes) starting at nonce 8672000 ---
  [DEBUG] idx=0 -> nonce g=8672000
  [DEBUG] idx=1 -> nonce g=8672000
  [DEBUG] idx=2 -> nonce g=8672001
  [DEBUG] idx=3 -> nonce g=8672001
  [DEBUG] idx=63998 -> nonce g=8703999
  [DEBUG] idx=63999 -> nonce g=8703999
  [DEBUG] First 10 hash bucket IDs: 716924 1038373 795707 411529 936069 431279 704308 95358 370898 849562 
  [DEBUG] First hash bytes: af 07 cd cd
Running GPU stages 1-7...
  Stage 1: 490 collisions in 474 buckets (max 3 per bucket)
  [DEBUG] First 5 non-empty buckets: bucket 3=1 colls, bucket 7=1 colls, bucket 56=1 colls, bucket 57=1 colls, bucket 64=1 colls, 
  [DEBUG] First collision attr=0x00000000 hash=00000000
  Stage 2: 5 collisions
  [DEBUG] Stage 2 first 10 bucket_counts: 0 0 0 0 0 0 0 0 0 0 
  Stage 3: 0 collisions
  Stage 4: 0 collisions
  Stage 5: 0 collisions
  Stage 6: 0 collisions
  Stage 7: 0 solution candidates
GPU mining complete: 0.65 seconds

No solution candidates found (need more nonces)

═══ Batch 273/625: nonces 8704000-8735999 (32000 nonces) ═══

--- Mining batch: 32000 nonces (64000 hashes) starting at nonce 8704000 ---
  [DEBUG] idx=0 -> nonce g=8704000
  [DEBUG] idx=1 -> nonce g=8704000
  [DEBUG] idx=2 -> nonce g=8704001
  [DEBUG] idx=3 -> nonce g=8704001
  [DEBUG] idx=63998 -> nonce g=8735999
  [DEBUG] idx=63999 -> nonce g=8735999
  [DEBUG] First 10 hash bucket IDs: 1002191 973612 397197 105420 483669 684914 735582 967205 891778 896456 
  [DEBUG] First hash bytes: f4 ac f2 b1
Running GPU stages 1-7...
  Stage 1: 504 collisions in 491 buckets (max 3 per bucket)
  [DEBUG] First 5 non-empty buckets: bucket 71=1 colls, bucket 94=1 colls, bucket 104=1 colls, bucket 124=1 colls, bucket 127=1 colls, 
  [DEBUG] First collision attr=0x00000000 hash=00000000
  Stage 2: 6 collisions
  [DEBUG] Stage 2 first 10 bucket_counts: 0 0 0 0 0 0 0 0 0 0 
  Stage 3: 0 collisions
  Stage 4: 0 collisions
  Stage 5: 0 collisions
  Stage 6: 0 collisions
  Stage 7: 0 solution candidates
GPU mining complete: 0.65 seconds

No solution candidates found (need more nonces)

═══ Batch 274/625: nonces 8736000-8767999 (32000 nonces) ═══

--- Mining batch: 32000 nonces (64000 hashes) starting at nonce 8736000 ---
  [DEBUG] idx=0 -> nonce g=8736000
  [DEBUG] idx=1 -> nonce g=8736000
  [DEBUG] idx=2 -> nonce g=8736001
  [DEBUG] idx=3 -> nonce g=8736001
  [DEBUG] idx=63998 -> nonce g=8767999
  [DEBUG] idx=63999 -> nonce g=8767999
  [DEBUG] First 10 hash bucket IDs: 476 335391 560794 76260 739318 609407 960090 278592 134468 613720 
  [DEBUG] First hash bytes: 00 1d c6 93
Running GPU stages 1-7...
  Stage 1: 514 collisions in 500 buckets (max 3 per bucket)
  [DEBUG] First 5 non-empty buckets: bucket 13=1 colls, bucket 31=1 colls, bucket 63=1 colls, bucket 125=1 colls, bucket 172=1 colls, 
  [DEBUG] First collision attr=0x00000000 hash=00000000
  Stage 2: 9 collisions
  [DEBUG] Stage 2 first 10 bucket_counts: 0 0 0 0 0 0 0 0 0 0 
  Stage 3: 0 collisions
  Stage 4: 0 collisions
  Stage 5: 0 collisions
  Stage 6: 0 collisions
  Stage 7: 0 solution candidates
GPU mining complete: 0.65 seconds

No solution candidates found (need more nonces)

═══ Batch 275/625: nonces 8768000-8799999 (32000 nonces) ═══

--- Mining batch: 32000 nonces (64000 hashes) starting at nonce 8768000 ---
  [DEBUG] idx=0 -> nonce g=8768000
  [DEBUG] idx=1 -> nonce g=8768000
  [DEBUG] idx=2 -> nonce g=8768001
  [DEBUG] idx=3 -> nonce g=8768001
  [DEBUG] idx=63998 -> nonce g=8799999
  [DEBUG] idx=63999 -> nonce g=8799999
  [DEBUG] First 10 hash bucket IDs: 409819 343630 515561 163188 784375 881000 419609 648962 695265 963193 
  [DEBUG] First hash bytes: 64 0d bd de
Running GPU stages 1-7...
  Stage 1: 462 collisions in 455 buckets (max 3 per bucket)
  [DEBUG] First 5 non-empty buckets: bucket 29=1 colls, bucket 31=1 colls, bucket 105=1 colls, bucket 161=1 colls, bucket 175=1 colls, 
  [DEBUG] First collision attr=0x00000000 hash=00000000
  Stage 2: 4 collisions
  [DEBUG] Stage 2 first 10 bucket_counts: 0 0 0 0 0 0 0 0 0 0 
  Stage 3: 0 collisions
  Stage 4: 0 collisions
  Stage 5: 0 collisions
  Stage 6: 0 collisions
  Stage 7: 0 solution candidates
GPU mining complete: 0.65 seconds

No solution candidates found (need more nonces)

═══ Batch 276/625: nonces 8800000-8831999 (32000 nonces) ═══

--- Mining batch: 32000 nonces (64000 hashes) starting at nonce 8800000 ---
  [DEBUG] idx=0 -> nonce g=8800000
  [DEBUG] idx=1 -> nonce g=8800000
  [DEBUG] idx=2 -> nonce g=8800001
  [DEBUG] idx=3 -> nonce g=8800001
  [DEBUG] idx=63998 -> nonce g=8831999
  [DEBUG] idx=63999 -> nonce g=8831999
  [DEBUG] First 10 hash bucket IDs: 258735 419683 715086 328127 201897 805456 877908 511753 646157 809651 
  [DEBUG] First hash bytes: 3f 2a f0 b9
Running GPU stages 1-7...
  Stage 1: 461 collisions in 452 buckets (max 3 per bucket)
  [DEBUG] First 5 non-empty buckets: bucket 24=1 colls, bucket 34=1 colls, bucket 82=1 colls, bucket 119=1 colls, bucket 191=1 colls, 
  [DEBUG] First collision attr=0x00000000 hash=00000000
  Stage 2: 6 collisions
  [DEBUG] Stage 2 first 10 bucket_counts: 0 0 0 0 0 0 0 0 0 0 
  Stage 3: 0 collisions
  Stage 4: 0 collisions
  Stage 5: 0 collisions
  Stage 6: 0 collisions
  Stage 7: 0 solution candidates
GPU mining complete: 0.66 seconds

No solution candidates found (need more nonces)

═══ Batch 277/625: nonces 8832000-8863999 (32000 nonces) ═══

--- Mining batch: 32000 nonces (64000 hashes) starting at nonce 8832000 ---
  [DEBUG] idx=0 -> nonce g=8832000
  [DEBUG] idx=1 -> nonce g=8832000
  [DEBUG] idx=2 -> nonce g=8832001
  [DEBUG] idx=3 -> nonce g=8832001
  [DEBUG] idx=63998 -> nonce g=8863999
  [DEBUG] idx=63999 -> nonce g=8863999
  [DEBUG] First 10 hash bucket IDs: 636224 45855 577219 1028562 225989 768297 423862 539517 513873 630881 
  [DEBUG] First hash bytes: 9b 54 0c 18
Running GPU stages 1-7...
  Stage 1: 532 collisions in 519 buckets (max 3 per bucket)
  [DEBUG] First 5 non-empty buckets: bucket 65=1 colls, bucket 69=1 colls, bucket 156=1 colls, bucket 178=1 colls, bucket 200=1 colls, 
  [DEBUG] First collision attr=0x00000000 hash=00000000
  Stage 2: 13 collisions
  [DEBUG] Stage 2 first 10 bucket_counts: 0 0 0 0 0 0 0 0 0 0 
  Stage 3: 0 collisions
  Stage 4: 0 collisions
  Stage 5: 0 collisions
  Stage 6: 0 collisions
  Stage 7: 0 solution candidates
GPU mining complete: 0.65 seconds

No solution candidates found (need more nonces)

═══ Batch 278/625: nonces 8864000-8895999 (32000 nonces) ═══

--- Mining batch: 32000 nonces (64000 hashes) starting at nonce 8864000 ---
  [DEBUG] idx=0 -> nonce g=8864000
  [DEBUG] idx=1 -> nonce g=8864000
  [DEBUG] idx=2 -> nonce g=8864001
  [DEBUG] idx=3 -> nonce g=8864001
  [DEBUG] idx=63998 -> nonce g=8895999
  [DEBUG] idx=63999 -> nonce g=8895999
  [DEBUG] First 10 hash bucket IDs: 489197 575779 273643 768139 513253 852838 25736 510762 264861 869345 
  [DEBUG] First hash bytes: 77 6e d1 69
Running GPU stages 1-7...
  Stage 1: 462 collisions in 448 buckets (max 3 per bucket)
  [DEBUG] First 5 non-empty buckets: bucket 48=1 colls, bucket 72=1 colls, bucket 81=1 colls, bucket 93=1 colls, bucket 155=2 colls, 
  [DEBUG] First collision attr=0x00000000 hash=00000000
  Stage 2: 6 collisions
  [DEBUG] Stage 2 first 10 bucket_counts: 0 0 0 0 0 0 0 0 0 0 
  Stage 3: 0 collisions
  Stage 4: 0 collisions
  Stage 5: 0 collisions
  Stage 6: 0 collisions
  Stage 7: 0 solution candidates
GPU mining complete: 0.64 seconds

No solution candidates found (need more nonces)

═══ Batch 279/625: nonces 8896000-8927999 (32000 nonces) ═══

--- Mining batch: 32000 nonces (64000 hashes) starting at nonce 8896000 ---
  [DEBUG] idx=0 -> nonce g=8896000
  [DEBUG] idx=1 -> nonce g=8896000
  [DEBUG] idx=2 -> nonce g=8896001
  [DEBUG] idx=3 -> nonce g=8896001
  [DEBUG] idx=63998 -> nonce g=8927999
  [DEBUG] idx=63999 -> nonce g=8927999
  [DEBUG] First 10 hash bucket IDs: 904976 486838 230876 280540 1013725 411990 223016 72728 1000034 1017049 
  [DEBUG] First hash bytes: dc f1 09 b8
Running GPU stages 1-7...
  Stage 1: 450 collisions in 440 buckets (max 3 per bucket)
  [DEBUG] First 5 non-empty buckets: bucket 21=1 colls, bucket 40=1 colls, bucket 75=1 colls, bucket 83=1 colls, bucket 113=1 colls, 
  [DEBUG] First collision attr=0x00000000 hash=00000000
  Stage 2: 6 collisions
  [DEBUG] Stage 2 first 10 bucket_counts: 0 0 0 0 0 0 0 0 0 0 
  Stage 3: 0 collisions
  Stage 4: 0 collisions
  Stage 5: 0 collisions
  Stage 6: 0 collisions
  Stage 7: 0 solution candidates
GPU mining complete: 0.62 seconds

No solution candidates found (need more nonces)

═══ Batch 280/625: nonces 8928000-8959999 (32000 nonces) ═══

--- Mining batch: 32000 nonces (64000 hashes) starting at nonce 8928000 ---
  [DEBUG] idx=0 -> nonce g=8928000
  [DEBUG] idx=1 -> nonce g=8928000
  [DEBUG] idx=2 -> nonce g=8928001
  [DEBUG] idx=3 -> nonce g=8928001
  [DEBUG] idx=63998 -> nonce g=8959999
  [DEBUG] idx=63999 -> nonce g=8959999
  [DEBUG] First 10 hash bucket IDs: 997021 1026142 866511 256890 356522 853278 898737 968158 64779 686128 
  [DEBUG] First hash bytes: f3 69 d4 05
Running GPU stages 1-7...
  Stage 1: 512 collisions in 488 buckets (max 3 per bucket)
  [DEBUG] First 5 non-empty buckets: bucket 10=1 colls, bucket 11=1 colls, bucket 29=1 colls, bucket 57=1 colls, bucket 95=1 colls, 
  [DEBUG] First collision attr=0x00000000 hash=00000000
  Stage 2: 10 collisions
  [DEBUG] Stage 2 first 10 bucket_counts: 0 0 0 0 0 0 0 0 0 0 
  Stage 3: 0 collisions
  Stage 4: 0 collisions
  Stage 5: 0 collisions
  Stage 6: 0 collisions
  Stage 7: 0 solution candidates
GPU mining complete: 0.65 seconds

No solution candidates found (need more nonces)

═══ Batch 281/625: nonces 8960000-8991999 (32000 nonces) ═══

--- Mining batch: 32000 nonces (64000 hashes) starting at nonce 8960000 ---
  [DEBUG] idx=0 -> nonce g=8960000
  [DEBUG] idx=1 -> nonce g=8960000
  [DEBUG] idx=2 -> nonce g=8960001
  [DEBUG] idx=3 -> nonce g=8960001
  [DEBUG] idx=63998 -> nonce g=8991999
  [DEBUG] idx=63999 -> nonce g=8991999
  [DEBUG] First 10 hash bucket IDs: 909328 22962 568897 67951 86181 500190 727744 760763 652497 893054 
  [DEBUG] First hash bytes: de 01 04 fe
Running GPU stages 1-7...
  Stage 1: 523 collisions in 507 buckets (max 4 per bucket)
  [DEBUG] First 5 non-empty buckets: bucket 32=1 colls, bucket 34=1 colls, bucket 39=1 colls, bucket 87=1 colls, bucket 103=1 colls, 
  [DEBUG] First collision attr=0x00000000 hash=00000000
  Stage 2: 8 collisions
  [DEBUG] Stage 2 first 10 bucket_counts: 0 0 0 0 0 0 0 0 0 0 
  Stage 3: 0 collisions
  Stage 4: 0 collisions
  Stage 5: 0 collisions
  Stage 6: 0 collisions
  Stage 7: 0 solution candidates
GPU mining complete: 0.63 seconds

No solution candidates found (need more nonces)

═══ Batch 282/625: nonces 8992000-9023999 (32000 nonces) ═══

--- Mining batch: 32000 nonces (64000 hashes) starting at nonce 8992000 ---
  [DEBUG] idx=0 -> nonce g=8992000
  [DEBUG] idx=1 -> nonce g=8992000
  [DEBUG] idx=2 -> nonce g=8992001
  [DEBUG] idx=3 -> nonce g=8992001
  [DEBUG] idx=63998 -> nonce g=9023999
  [DEBUG] idx=63999 -> nonce g=9023999
  [DEBUG] First 10 hash bucket IDs: 449276 861576 625114 388919 484111 878299 294518 1000474 227591 927455 
  [DEBUG] First hash bytes: 6d af cc c5
Running GPU stages 1-7...
  Stage 1: 463 collisions in 456 buckets (max 3 per bucket)
  [DEBUG] First 5 non-empty buckets: bucket 44=1 colls, bucket 152=1 colls, bucket 214=1 colls, bucket 237=1 colls, bucket 241=1 colls, 
  [DEBUG] First collision attr=0x00000000 hash=00000000
  Stage 2: 9 collisions
  [DEBUG] Stage 2 first 10 bucket_counts: 0 0 0 0 0 0 0 0 0 0 
  Stage 3: 0 collisions
  Stage 4: 0 collisions
  Stage 5: 0 collisions
  Stage 6: 0 collisions
  Stage 7: 0 solution candidates
GPU mining complete: 0.65 seconds

No solution candidates found (need more nonces)

═══ Batch 283/625: nonces 9024000-9055999 (32000 nonces) ═══

--- Mining batch: 32000 nonces (64000 hashes) starting at nonce 9024000 ---
  [DEBUG] idx=0 -> nonce g=9024000
  [DEBUG] idx=1 -> nonce g=9024000
  [DEBUG] idx=2 -> nonce g=9024001
  [DEBUG] idx=3 -> nonce g=9024001
  [DEBUG] idx=63998 -> nonce g=9055999
  [DEBUG] idx=63999 -> nonce g=9055999
  [DEBUG] First 10 hash bucket IDs: 973972 944584 660853 1002600 758377 834466 220709 672887 849874 307191 
  [DEBUG] First hash bytes: ed c9 45 34
Running GPU stages 1-7...
  Stage 1: 495 collisions in 477 buckets (max 3 per bucket)
  [DEBUG] First 5 non-empty buckets: bucket 77=1 colls, bucket 105=1 colls, bucket 106=1 colls, bucket 158=1 colls, bucket 167=1 colls, 
  [DEBUG] First collision attr=0x00000000 hash=00000000
  Stage 2: 8 collisions
  [DEBUG] Stage 2 first 10 bucket_counts: 0 0 0 0 0 0 0 0 0 0 
  Stage 3: 0 collisions
  Stage 4: 0 collisions
  Stage 5: 0 collisions
  Stage 6: 0 collisions
  Stage 7: 0 solution candidates
GPU mining complete: 0.65 seconds

No solution candidates found (need more nonces)

═══ Batch 284/625: nonces 9056000-9087999 (32000 nonces) ═══

--- Mining batch: 32000 nonces (64000 hashes) starting at nonce 9056000 ---
  [DEBUG] idx=0 -> nonce g=9056000
  [DEBUG] idx=1 -> nonce g=9056000
  [DEBUG] idx=2 -> nonce g=9056001
  [DEBUG] idx=3 -> nonce g=9056001
  [DEBUG] idx=63998 -> nonce g=9087999
  [DEBUG] idx=63999 -> nonce g=9087999
  [DEBUG] First 10 hash bucket IDs: 497125 371755 531692 893596 590650 859195 349960 65819 822692 690473 
  [DEBUG] First hash bytes: 79 5e 57 17
Running GPU stages 1-7...
  Stage 1: 494 collisions in 486 buckets (max 3 per bucket)
  [DEBUG] First 5 non-empty buckets: bucket 92=1 colls, bucket 126=1 colls, bucket 375=1 colls, bucket 386=1 colls, bucket 412=1 colls, 
  [DEBUG] First collision attr=0x00000000 hash=00000000
  Stage 2: 8 collisions
  [DEBUG] Stage 2 first 10 bucket_counts: 0 0 0 0 0 0 0 0 0 0 
  Stage 3: 0 collisions
  Stage 4: 0 collisions
  Stage 5: 0 collisions
  Stage 6: 0 collisions
  Stage 7: 0 solution candidates
GPU mining complete: 0.65 seconds

No solution candidates found (need more nonces)

═══ Batch 285/625: nonces 9088000-9119999 (32000 nonces) ═══

--- Mining batch: 32000 nonces (64000 hashes) starting at nonce 9088000 ---
  [DEBUG] idx=0 -> nonce g=9088000
  [DEBUG] idx=1 -> nonce g=9088000
  [DEBUG] idx=2 -> nonce g=9088001
  [DEBUG] idx=3 -> nonce g=9088001
  [DEBUG] idx=63998 -> nonce g=9119999
  [DEBUG] idx=63999 -> nonce g=9119999
  [DEBUG] First 10 hash bucket IDs: 12262 222313 264985 131310 97794 286706 754456 275500 107138 93294 
  [DEBUG] First hash bytes: 02 fe 62 7b
Running GPU stages 1-7...
  Stage 1: 490 collisions in 477 buckets (max 3 per bucket)
  [DEBUG] First 5 non-empty buckets: bucket 16=1 colls, bucket 49=1 colls, bucket 67=1 colls, bucket 106=1 colls, bucket 109=1 colls, 
  [DEBUG] First collision attr=0x00000000 hash=00000000
  Stage 2: 7 collisions
  [DEBUG] Stage 2 first 10 bucket_counts: 0 0 0 0 0 0 0 0 0 0 
  Stage 3: 0 collisions
  Stage 4: 0 collisions
  Stage 5: 0 collisions
  Stage 6: 0 collisions
  Stage 7: 0 solution candidates
GPU mining complete: 0.64 seconds

No solution candidates found (need more nonces)

═══ Batch 286/625: nonces 9120000-9151999 (32000 nonces) ═══

--- Mining batch: 32000 nonces (64000 hashes) starting at nonce 9120000 ---
  [DEBUG] idx=0 -> nonce g=9120000
  [DEBUG] idx=1 -> nonce g=9120000
  [DEBUG] idx=2 -> nonce g=9120001
  [DEBUG] idx=3 -> nonce g=9120001
  [DEBUG] idx=63998 -> nonce g=9151999
  [DEBUG] idx=63999 -> nonce g=9151999
  [DEBUG] First 10 hash bucket IDs: 975155 216490 960774 246736 631638 847055 271992 366697 938589 518067 
  [DEBUG] First hash bytes: ee 13 3a b8
Running GPU stages 1-7...
  Stage 1: 501 collisions in 486 buckets (max 3 per bucket)
  [DEBUG] First 5 non-empty buckets: bucket 10=1 colls, bucket 29=1 colls, bucket 126=1 colls, bucket 134=1 colls, bucket 289=2 colls, 
  [DEBUG] First collision attr=0x00000000 hash=00000000
  Stage 2: 6 collisions
  [DEBUG] Stage 2 first 10 bucket_counts: 0 0 0 0 0 0 0 0 0 0 
  Stage 3: 0 collisions
  Stage 4: 0 collisions
  Stage 5: 0 collisions
  Stage 6: 0 collisions
  Stage 7: 0 solution candidates
GPU mining complete: 0.67 seconds

No solution candidates found (need more nonces)

═══ Batch 287/625: nonces 9152000-9183999 (32000 nonces) ═══

--- Mining batch: 32000 nonces (64000 hashes) starting at nonce 9152000 ---
  [DEBUG] idx=0 -> nonce g=9152000
  [DEBUG] idx=1 -> nonce g=9152000
  [DEBUG] idx=2 -> nonce g=9152001
  [DEBUG] idx=3 -> nonce g=9152001
  [DEBUG] idx=63998 -> nonce g=9183999
  [DEBUG] idx=63999 -> nonce g=9183999
  [DEBUG] First 10 hash bucket IDs: 639034 634369 118613 882081 312882 873310 272761 486409 930646 586088 
  [DEBUG] First hash bytes: 9c 03 a2 4e
Running GPU stages 1-7...
  Stage 1: 508 collisions in 489 buckets (max 3 per bucket)
  [DEBUG] First 5 non-empty buckets: bucket 16=1 colls, bucket 63=1 colls, bucket 66=1 colls, bucket 71=1 colls, bucket 76=1 colls, 
  [DEBUG] First collision attr=0x00000000 hash=00000000
  Stage 2: 5 collisions
  [DEBUG] Stage 2 first 10 bucket_counts: 0 0 0 0 0 0 0 0 0 0 
  Stage 3: 0 collisions
  Stage 4: 0 collisions
  Stage 5: 0 collisions
  Stage 6: 0 collisions
  Stage 7: 0 solution candidates
GPU mining complete: 0.67 seconds

No solution candidates found (need more nonces)

═══ Batch 288/625: nonces 9184000-9215999 (32000 nonces) ═══

--- Mining batch: 32000 nonces (64000 hashes) starting at nonce 9184000 ---
  [DEBUG] idx=0 -> nonce g=9184000
  [DEBUG] idx=1 -> nonce g=9184000
  [DEBUG] idx=2 -> nonce g=9184001
  [DEBUG] idx=3 -> nonce g=9184001
  [DEBUG] idx=63998 -> nonce g=9215999
  [DEBUG] idx=63999 -> nonce g=9215999
  [DEBUG] First 10 hash bucket IDs: 960402 661696 961952 692051 48505 202094 304820 332988 193336 433525 
  [DEBUG] First hash bytes: ea 79 21 b3
Running GPU stages 1-7...
  Stage 1: 444 collisions in 436 buckets (max 3 per bucket)
  [DEBUG] First 5 non-empty buckets: bucket 34=1 colls, bucket 38=1 colls, bucket 51=1 colls, bucket 136=1 colls, bucket 150=1 colls, 
  [DEBUG] First collision attr=0x00000000 hash=00000000
  Stage 2: 10 collisions
  [DEBUG] Stage 2 first 10 bucket_counts: 0 0 0 0 0 0 0 0 0 0 
  Stage 3: 0 collisions
  Stage 4: 0 collisions
  Stage 5: 0 collisions
  Stage 6: 0 collisions
  Stage 7: 0 solution candidates
GPU mining complete: 0.65 seconds

No solution candidates found (need more nonces)

═══ Batch 289/625: nonces 9216000-9247999 (32000 nonces) ═══

--- Mining batch: 32000 nonces (64000 hashes) starting at nonce 9216000 ---
  [DEBUG] idx=0 -> nonce g=9216000
  [DEBUG] idx=1 -> nonce g=9216000
  [DEBUG] idx=2 -> nonce g=9216001
  [DEBUG] idx=3 -> nonce g=9216001
  [DEBUG] idx=63998 -> nonce g=9247999
  [DEBUG] idx=63999 -> nonce g=9247999
  [DEBUG] First 10 hash bucket IDs: 952884 451918 829285 193463 141413 977833 761169 955392 575520 1019435 
  [DEBUG] First hash bytes: e8 a3 4c ee
Running GPU stages 1-7...
  Stage 1: 541 collisions in 521 buckets (max 6 per bucket)
  [DEBUG] First 5 non-empty buckets: bucket 16=1 colls, bucket 58=1 colls, bucket 80=1 colls, bucket 112=1 colls, bucket 118=1 colls, 
  [DEBUG] First collision attr=0x00000000 hash=00000000
  Stage 2: 9 collisions
  [DEBUG] Stage 2 first 10 bucket_counts: 0 0 0 0 0 0 0 0 0 0 
  Stage 3: 0 collisions
  Stage 4: 0 collisions
  Stage 5: 0 collisions
  Stage 6: 0 collisions
  Stage 7: 0 solution candidates
GPU mining complete: 0.65 seconds

No solution candidates found (need more nonces)

═══ Batch 290/625: nonces 9248000-9279999 (32000 nonces) ═══

--- Mining batch: 32000 nonces (64000 hashes) starting at nonce 9248000 ---
  [DEBUG] idx=0 -> nonce g=9248000
  [DEBUG] idx=1 -> nonce g=9248000
  [DEBUG] idx=2 -> nonce g=9248001
  [DEBUG] idx=3 -> nonce g=9248001
  [DEBUG] idx=63998 -> nonce g=9279999
  [DEBUG] idx=63999 -> nonce g=9279999
  [DEBUG] First 10 hash bucket IDs: 17094 836556 719881 582499 665987 251946 258082 912548 989209 147255 
  [DEBUG] First hash bytes: 04 2c 64 02
Running GPU stages 1-7...
  Stage 1: 462 collisions in 451 buckets (max 2 per bucket)
  [DEBUG] First 5 non-empty buckets: bucket 3=1 colls, bucket 38=1 colls, bucket 77=1 colls, bucket 149=1 colls, bucket 154=1 colls, 
  [DEBUG] First collision attr=0x00000000 hash=00000000
  Stage 2: 5 collisions
  [DEBUG] Stage 2 first 10 bucket_counts: 0 0 0 0 0 0 0 0 0 0 
  Stage 3: 0 collisions
  Stage 4: 0 collisions
  Stage 5: 0 collisions
  Stage 6: 0 collisions
  Stage 7: 0 solution candidates
GPU mining complete: 0.65 seconds

No solution candidates found (need more nonces)

═══ Batch 291/625: nonces 9280000-9311999 (32000 nonces) ═══

--- Mining batch: 32000 nonces (64000 hashes) starting at nonce 9280000 ---
  [DEBUG] idx=0 -> nonce g=9280000
  [DEBUG] idx=1 -> nonce g=9280000
  [DEBUG] idx=2 -> nonce g=9280001
  [DEBUG] idx=3 -> nonce g=9280001
  [DEBUG] idx=63998 -> nonce g=9311999
  [DEBUG] idx=63999 -> nonce g=9311999
  [DEBUG] First 10 hash bucket IDs: 58381 388469 673159 308244 954484 14834 279666 646695 478184 303227 
  [DEBUG] First hash bytes: 0e 40 dd 69
Running GPU stages 1-7...
  Stage 1: 499 collisions in 490 buckets (max 3 per bucket)
  [DEBUG] First 5 non-empty buckets: bucket 38=1 colls, bucket 73=1 colls, bucket 81=1 colls, bucket 105=1 colls, bucket 113=1 colls, 
  [DEBUG] First collision attr=0x00000000 hash=00000000
  Stage 2: 5 collisions
  [DEBUG] Stage 2 first 10 bucket_counts: 0 0 0 0 0 0 0 0 0 0 
  Stage 3: 0 collisions
  Stage 4: 0 collisions
  Stage 5: 0 collisions
  Stage 6: 0 collisions
  Stage 7: 0 solution candidates
GPU mining complete: 0.65 seconds

No solution candidates found (need more nonces)

═══ Batch 292/625: nonces 9312000-9343999 (32000 nonces) ═══

--- Mining batch: 32000 nonces (64000 hashes) starting at nonce 9312000 ---
  [DEBUG] idx=0 -> nonce g=9312000
  [DEBUG] idx=1 -> nonce g=9312000
  [DEBUG] idx=2 -> nonce g=9312001
  [DEBUG] idx=3 -> nonce g=9312001
  [DEBUG] idx=63998 -> nonce g=9343999
  [DEBUG] idx=63999 -> nonce g=9343999
  [DEBUG] First 10 hash bucket IDs: 910652 34040 423504 141233 298502 312070 478024 890037 542519 857613 
  [DEBUG] First hash bytes: de 53 cf a6
Running GPU stages 1-7...
  Stage 1: 498 collisions in 480 buckets (max 3 per bucket)
  [DEBUG] First 5 non-empty buckets: bucket 19=1 colls, bucket 59=1 colls, bucket 60=1 colls, bucket 71=1 colls, bucket 87=1 colls, 
  [DEBUG] First collision attr=0x00000000 hash=00000000
  Stage 2: 6 collisions
  [DEBUG] Stage 2 first 10 bucket_counts: 0 0 0 0 0 0 0 0 0 0 
  Stage 3: 0 collisions
  Stage 4: 0 collisions
  Stage 5: 0 collisions
  Stage 6: 0 collisions
  Stage 7: 0 solution candidates
GPU mining complete: 0.66 seconds

No solution candidates found (need more nonces)

═══ Batch 293/625: nonces 9344000-9375999 (32000 nonces) ═══

--- Mining batch: 32000 nonces (64000 hashes) starting at nonce 9344000 ---
  [DEBUG] idx=0 -> nonce g=9344000
  [DEBUG] idx=1 -> nonce g=9344000
  [DEBUG] idx=2 -> nonce g=9344001
  [DEBUG] idx=3 -> nonce g=9344001
  [DEBUG] idx=63998 -> nonce g=9375999
  [DEBUG] idx=63999 -> nonce g=9375999
  [DEBUG] First 10 hash bucket IDs: 247822 710098 44205 339913 496693 587736 1026768 818831 921103 726345 
  [DEBUG] First hash bytes: 3c 80 ea 11
Running GPU stages 1-7...
  Stage 1: 472 collisions in 455 buckets (max 3 per bucket)
  [DEBUG] First 5 non-empty buckets: bucket 17=1 colls, bucket 44=1 colls, bucket 50=1 colls, bucket 103=1 colls, bucket 156=1 colls, 
  [DEBUG] First collision attr=0x00000000 hash=00000000
  Stage 2: 6 collisions
  [DEBUG] Stage 2 first 10 bucket_counts: 0 0 0 0 0 0 0 0 0 0 
  Stage 3: 0 collisions
  Stage 4: 0 collisions
  Stage 5: 0 collisions
  Stage 6: 0 collisions
  Stage 7: 0 solution candidates
GPU mining complete: 0.65 seconds

No solution candidates found (need more nonces)

═══ Batch 294/625: nonces 9376000-9407999 (32000 nonces) ═══

--- Mining batch: 32000 nonces (64000 hashes) starting at nonce 9376000 ---
  [DEBUG] idx=0 -> nonce g=9376000
  [DEBUG] idx=1 -> nonce g=9376000
  [DEBUG] idx=2 -> nonce g=9376001
  [DEBUG] idx=3 -> nonce g=9376001
  [DEBUG] idx=63998 -> nonce g=9407999
  [DEBUG] idx=63999 -> nonce g=9407999
  [DEBUG] First 10 hash bucket IDs: 17068 61691 361722 967944 71584 845842 1841 1016360 1006207 294627 
  [DEBUG] First hash bytes: 04 2a cc 22
Running GPU stages 1-7...
  Stage 1: 455 collisions in 446 buckets (max 4 per bucket)
  [DEBUG] First 5 non-empty buckets: bucket 21=1 colls, bucket 26=1 colls, bucket 146=1 colls, bucket 196=1 colls, bucket 259=1 colls, 
  [DEBUG] First collision attr=0x00000000 hash=00000000
  Stage 2: 7 collisions
  [DEBUG] Stage 2 first 10 bucket_counts: 0 0 0 0 0 0 0 0 0 0 
  Stage 3: 0 collisions
  Stage 4: 0 collisions
  Stage 5: 0 collisions
  Stage 6: 0 collisions
  Stage 7: 0 solution candidates
GPU mining complete: 0.65 seconds

No solution candidates found (need more nonces)

═══ Batch 295/625: nonces 9408000-9439999 (32000 nonces) ═══

--- Mining batch: 32000 nonces (64000 hashes) starting at nonce 9408000 ---
  [DEBUG] idx=0 -> nonce g=9408000
  [DEBUG] idx=1 -> nonce g=9408000
  [DEBUG] idx=2 -> nonce g=9408001
  [DEBUG] idx=3 -> nonce g=9408001
  [DEBUG] idx=63998 -> nonce g=9439999
  [DEBUG] idx=63999 -> nonce g=9439999
  [DEBUG] First 10 hash bucket IDs: 304603 426833 1045610 641366 769143 700009 1031513 916282 699977 76664 
  [DEBUG] First hash bytes: 4a 5d b2 ca
Running GPU stages 1-7...
  Stage 1: 484 collisions in 478 buckets (max 3 per bucket)
  [DEBUG] First 5 non-empty buckets: bucket 12=1 colls, bucket 53=1 colls, bucket 67=1 colls, bucket 72=1 colls, bucket 138=1 colls, 
  [DEBUG] First collision attr=0x00000000 hash=00000000
  Stage 2: 11 collisions
  [DEBUG] Stage 2 first 10 bucket_counts: 0 0 0 0 0 0 0 0 0 0 
  Stage 3: 0 collisions
  Stage 4: 0 collisions
  Stage 5: 0 collisions
  Stage 6: 0 collisions
  Stage 7: 0 solution candidates
GPU mining complete: 0.65 seconds

No solution candidates found (need more nonces)

═══ Batch 296/625: nonces 9440000-9471999 (32000 nonces) ═══

--- Mining batch: 32000 nonces (64000 hashes) starting at nonce 9440000 ---
  [DEBUG] idx=0 -> nonce g=9440000
  [DEBUG] idx=1 -> nonce g=9440000
  [DEBUG] idx=2 -> nonce g=9440001
  [DEBUG] idx=3 -> nonce g=9440001
  [DEBUG] idx=63998 -> nonce g=9471999
  [DEBUG] idx=63999 -> nonce g=9471999
  [DEBUG] First 10 hash bucket IDs: 507870 152317 884090 403786 657333 378489 1017879 971396 709051 11144 
  [DEBUG] First hash bytes: 7b fd ea df
Running GPU stages 1-7...
  Stage 1: 477 collisions in 463 buckets (max 3 per bucket)
  [DEBUG] First 5 non-empty buckets: bucket 48=1 colls, bucket 74=1 colls, bucket 151=1 colls, bucket 167=1 colls, bucket 275=1 colls, 
  [DEBUG] First collision attr=0x00000000 hash=00000000
  Stage 2: 7 collisions
  [DEBUG] Stage 2 first 10 bucket_counts: 0 0 0 0 0 0 0 0 0 0 
  Stage 3: 0 collisions
  Stage 4: 0 collisions
  Stage 5: 0 collisions
  Stage 6: 0 collisions
  Stage 7: 0 solution candidates
GPU mining complete: 0.65 seconds

No solution candidates found (need more nonces)

═══ Batch 297/625: nonces 9472000-9503999 (32000 nonces) ═══

--- Mining batch: 32000 nonces (64000 hashes) starting at nonce 9472000 ---
  [DEBUG] idx=0 -> nonce g=9472000
  [DEBUG] idx=1 -> nonce g=9472000
  [DEBUG] idx=2 -> nonce g=9472001
  [DEBUG] idx=3 -> nonce g=9472001
  [DEBUG] idx=63998 -> nonce g=9503999
  [DEBUG] idx=63999 -> nonce g=9503999
  [DEBUG] First 10 hash bucket IDs: 153938 784145 623867 789465 957993 446156 150236 246664 985251 588894 
  [DEBUG] First hash bytes: 25 95 2f f7
Running GPU stages 1-7...
  Stage 1: 483 collisions in 476 buckets (max 4 per bucket)
  [DEBUG] First 5 non-empty buckets: bucket 6=1 colls, bucket 25=1 colls, bucket 52=1 colls, bucket 121=1 colls, bucket 136=1 colls, 
  [DEBUG] First collision attr=0x00000000 hash=00000000
  Stage 2: 13 collisions
  [DEBUG] Stage 2 first 10 bucket_counts: 0 0 0 0 0 0 0 0 0 0 
  Stage 3: 0 collisions
  Stage 4: 0 collisions
  Stage 5: 0 collisions
  Stage 6: 0 collisions
  Stage 7: 0 solution candidates
GPU mining complete: 0.67 seconds

No solution candidates found (need more nonces)

═══ Batch 298/625: nonces 9504000-9535999 (32000 nonces) ═══

--- Mining batch: 32000 nonces (64000 hashes) starting at nonce 9504000 ---
  [DEBUG] idx=0 -> nonce g=9504000
  [DEBUG] idx=1 -> nonce g=9504000
  [DEBUG] idx=2 -> nonce g=9504001
  [DEBUG] idx=3 -> nonce g=9504001
  [DEBUG] idx=63998 -> nonce g=9535999
  [DEBUG] idx=63999 -> nonce g=9535999
  [DEBUG] First 10 hash bucket IDs: 4932 278946 976832 121394 549480 85584 959015 812475 244526 594563 
  [DEBUG] First hash bytes: 01 34 41 95
Running GPU stages 1-7...
  Stage 1: 444 collisions in 436 buckets (max 3 per bucket)
  [DEBUG] First 5 non-empty buckets: bucket 37=1 colls, bucket 40=1 colls, bucket 41=1 colls, bucket 206=1 colls, bucket 224=1 colls, 
  [DEBUG] First collision attr=0x00000000 hash=00000000
  Stage 2: 4 collisions
  [DEBUG] Stage 2 first 10 bucket_counts: 0 0 0 0 0 0 0 0 0 0 
  Stage 3: 0 collisions
  Stage 4: 0 collisions
  Stage 5: 0 collisions
  Stage 6: 0 collisions
  Stage 7: 0 solution candidates
GPU mining complete: 0.65 seconds

No solution candidates found (need more nonces)

═══ Batch 299/625: nonces 9536000-9567999 (32000 nonces) ═══

--- Mining batch: 32000 nonces (64000 hashes) starting at nonce 9536000 ---
  [DEBUG] idx=0 -> nonce g=9536000
  [DEBUG] idx=1 -> nonce g=9536000
  [DEBUG] idx=2 -> nonce g=9536001
  [DEBUG] idx=3 -> nonce g=9536001
  [DEBUG] idx=63998 -> nonce g=9567999
  [DEBUG] idx=63999 -> nonce g=9567999
  [DEBUG] First 10 hash bucket IDs: 269624 1022480 424573 663397 251447 277492 151133 575376 55115 214654 
  [DEBUG] First hash bytes: 41 d3 87 ac
Running GPU stages 1-7...
  Stage 1: 513 collisions in 498 buckets (max 3 per bucket)
  [DEBUG] First 5 non-empty buckets: bucket 40=3 colls, bucket 58=1 colls, bucket 121=1 colls, bucket 165=1 colls, bucket 169=1 colls, 
  [DEBUG] First collision attr=0x00000000 hash=00000000
  Stage 2: 6 collisions
  [DEBUG] Stage 2 first 10 bucket_counts: 0 0 0 0 0 0 0 0 0 0 
  Stage 3: 0 collisions
  Stage 4: 0 collisions
  Stage 5: 0 collisions
  Stage 6: 0 collisions
  Stage 7: 0 solution candidates
GPU mining complete: 0.65 seconds

No solution candidates found (need more nonces)

═══ Batch 300/625: nonces 9568000-9599999 (32000 nonces) ═══

--- Mining batch: 32000 nonces (64000 hashes) starting at nonce 9568000 ---
  [DEBUG] idx=0 -> nonce g=9568000
  [DEBUG] idx=1 -> nonce g=9568000
  [DEBUG] idx=2 -> nonce g=9568001
  [DEBUG] idx=3 -> nonce g=9568001
  [DEBUG] idx=63998 -> nonce g=9599999
  [DEBUG] idx=63999 -> nonce g=9599999
  [DEBUG] First 10 hash bucket IDs: 434531 620373 977587 461015 914018 131857 930373 161222 907428 235934 
  [DEBUG] First hash bytes: 6a 16 31 74
Running GPU stages 1-7...
  Stage 1: 493 collisions in 476 buckets (max 3 per bucket)
  [DEBUG] First 5 non-empty buckets: bucket 28=1 colls, bucket 30=1 colls, bucket 33=1 colls, bucket 49=1 colls, bucket 64=1 colls, 
  [DEBUG] First collision attr=0x00000000 hash=00000000
  Stage 2: 13 collisions
  [DEBUG] Stage 2 first 10 bucket_counts: 0 0 0 0 0 0 0 0 0 0 
  Stage 3: 0 collisions
  Stage 4: 0 collisions
  Stage 5: 0 collisions
  Stage 6: 0 collisions
  Stage 7: 0 solution candidates
GPU mining complete: 0.68 seconds

No solution candidates found (need more nonces)

═══ Batch 301/625: nonces 9600000-9631999 (32000 nonces) ═══

--- Mining batch: 32000 nonces (64000 hashes) starting at nonce 9600000 ---
  [DEBUG] idx=0 -> nonce g=9600000
  [DEBUG] idx=1 -> nonce g=9600000
  [DEBUG] idx=2 -> nonce g=9600001
  [DEBUG] idx=3 -> nonce g=9600001
  [DEBUG] idx=63998 -> nonce g=9631999
  [DEBUG] idx=63999 -> nonce g=9631999
  [DEBUG] First 10 hash bucket IDs: 788175 144214 676118 846990 938874 790211 438884 298006 839664 849466 
  [DEBUG] First hash bytes: c0 6c fc 56
Running GPU stages 1-7...
  Stage 1: 476 collisions in 460 buckets (max 3 per bucket)
  [DEBUG] First 5 non-empty buckets: bucket 4=1 colls, bucket 59=1 colls, bucket 88=1 colls, bucket 100=1 colls, bucket 124=1 colls, 
  [DEBUG] First collision attr=0x00000000 hash=00000000
  Stage 2: 9 collisions
  [DEBUG] Stage 2 first 10 bucket_counts: 0 0 0 0 0 0 0 0 0 0 
  Stage 3: 0 collisions
  Stage 4: 0 collisions
  Stage 5: 0 collisions
  Stage 6: 0 collisions
  Stage 7: 0 solution candidates
GPU mining complete: 0.68 seconds

No solution candidates found (need more nonces)

═══ Batch 302/625: nonces 9632000-9663999 (32000 nonces) ═══

--- Mining batch: 32000 nonces (64000 hashes) starting at nonce 9632000 ---
  [DEBUG] idx=0 -> nonce g=9632000
  [DEBUG] idx=1 -> nonce g=9632000
  [DEBUG] idx=2 -> nonce g=9632001
  [DEBUG] idx=3 -> nonce g=9632001
  [DEBUG] idx=63998 -> nonce g=9663999
  [DEBUG] idx=63999 -> nonce g=9663999
  [DEBUG] First 10 hash bucket IDs: 901472 177412 525366 547833 807063 38722 799611 566354 509772 596783 
  [DEBUG] First hash bytes: dc 16 03 71
Running GPU stages 1-7...
  Stage 1: 480 collisions in 473 buckets (max 3 per bucket)
  [DEBUG] First 5 non-empty buckets: bucket 54=1 colls, bucket 83=1 colls, bucket 117=1 colls, bucket 153=1 colls, bucket 155=1 colls, 
  [DEBUG] First collision attr=0x00000000 hash=00000000
  Stage 2: 6 collisions
  [DEBUG] Stage 2 first 10 bucket_counts: 0 0 0 0 0 0 0 0 0 0 
  Stage 3: 0 collisions
  Stage 4: 0 collisions
  Stage 5: 0 collisions
  Stage 6: 0 collisions
  Stage 7: 0 solution candidates
GPU mining complete: 0.65 seconds

No solution candidates found (need more nonces)

═══ Batch 303/625: nonces 9664000-9695999 (32000 nonces) ═══

--- Mining batch: 32000 nonces (64000 hashes) starting at nonce 9664000 ---
  [DEBUG] idx=0 -> nonce g=9664000
  [DEBUG] idx=1 -> nonce g=9664000
  [DEBUG] idx=2 -> nonce g=9664001
  [DEBUG] idx=3 -> nonce g=9664001
  [DEBUG] idx=63998 -> nonce g=9695999
  [DEBUG] idx=63999 -> nonce g=9695999
  [DEBUG] First 10 hash bucket IDs: 574401 477917 362331 646586 446615 913808 791663 360914 445483 929029 
  [DEBUG] First hash bytes: 8c 3c 1e 74
Running GPU stages 1-7...
  Stage 1: 517 collisions in 503 buckets (max 3 per bucket)
  [DEBUG] First 5 non-empty buckets: bucket 6=1 colls, bucket 12=1 colls, bucket 41=1 colls, bucket 44=1 colls, bucket 100=1 colls, 
  [DEBUG] First collision attr=0x00000000 hash=00000000
  Stage 2: 8 collisions
  [DEBUG] Stage 2 first 10 bucket_counts: 0 0 0 0 0 0 0 0 0 0 
  Stage 3: 0 collisions
  Stage 4: 0 collisions
  Stage 5: 0 collisions
  Stage 6: 0 collisions
  Stage 7: 0 solution candidates
GPU mining complete: 0.68 seconds

No solution candidates found (need more nonces)

═══ Batch 304/625: nonces 9696000-9727999 (32000 nonces) ═══

--- Mining batch: 32000 nonces (64000 hashes) starting at nonce 9696000 ---
  [DEBUG] idx=0 -> nonce g=9696000
  [DEBUG] idx=1 -> nonce g=9696000
  [DEBUG] idx=2 -> nonce g=9696001
  [DEBUG] idx=3 -> nonce g=9696001
  [DEBUG] idx=63998 -> nonce g=9727999
  [DEBUG] idx=63999 -> nonce g=9727999
  [DEBUG] First 10 hash bucket IDs: 217465 190229 906449 23380 365970 110641 896213 916269 711510 969292 
  [DEBUG] First hash bytes: 35 17 94 f9
Running GPU stages 1-7...
  Stage 1: 488 collisions in 477 buckets (max 3 per bucket)
  [DEBUG] First 5 non-empty buckets: bucket 101=1 colls, bucket 143=1 colls, bucket 154=1 colls, bucket 179=1 colls, bucket 203=1 colls, 
  [DEBUG] First collision attr=0x00000000 hash=00000000
  Stage 2: 9 collisions
  [DEBUG] Stage 2 first 10 bucket_counts: 0 0 0 0 0 0 0 0 0 0 
  Stage 3: 0 collisions
  Stage 4: 0 collisions
  Stage 5: 0 collisions
  Stage 6: 0 collisions
  Stage 7: 0 solution candidates
GPU mining complete: 0.66 seconds

No solution candidates found (need more nonces)

═══ Batch 305/625: nonces 9728000-9759999 (32000 nonces) ═══

--- Mining batch: 32000 nonces (64000 hashes) starting at nonce 9728000 ---
  [DEBUG] idx=0 -> nonce g=9728000
  [DEBUG] idx=1 -> nonce g=9728000
  [DEBUG] idx=2 -> nonce g=9728001
  [DEBUG] idx=3 -> nonce g=9728001
  [DEBUG] idx=63998 -> nonce g=9759999
  [DEBUG] idx=63999 -> nonce g=9759999
  [DEBUG] First 10 hash bucket IDs: 488833 559932 309265 577619 785209 636793 147670 939207 86676 573489 
  [DEBUG] First hash bytes: 77 58 1b f7
Running GPU stages 1-7...
  Stage 1: 542 collisions in 532 buckets (max 3 per bucket)
  [DEBUG] First 5 non-empty buckets: bucket 14=1 colls, bucket 56=1 colls, bucket 67=1 colls, bucket 78=1 colls, bucket 91=1 colls, 
  [DEBUG] First collision attr=0x00000000 hash=00000000
  Stage 2: 3 collisions
  [DEBUG] Stage 2 first 10 bucket_counts: 0 0 0 0 0 0 0 0 0 0 
  Stage 3: 0 collisions
  Stage 4: 0 collisions
  Stage 5: 0 collisions
  Stage 6: 0 collisions
  Stage 7: 0 solution candidates
GPU mining complete: 0.65 seconds

No solution candidates found (need more nonces)

═══ Batch 306/625: nonces 9760000-9791999 (32000 nonces) ═══

--- Mining batch: 32000 nonces (64000 hashes) starting at nonce 9760000 ---
  [DEBUG] idx=0 -> nonce g=9760000
  [DEBUG] idx=1 -> nonce g=9760000
  [DEBUG] idx=2 -> nonce g=9760001
  [DEBUG] idx=3 -> nonce g=9760001
  [DEBUG] idx=63998 -> nonce g=9791999
  [DEBUG] idx=63999 -> nonce g=9791999
  [DEBUG] First 10 hash bucket IDs: 89518 782435 382469 277030 618547 314366 51341 536966 420385 276657 
  [DEBUG] First hash bytes: 15 da e7 6c
Running GPU stages 1-7...
  Stage 1: 484 collisions in 476 buckets (max 3 per bucket)
  [DEBUG] First 5 non-empty buckets: bucket 11=1 colls, bucket 24=1 colls, bucket 39=1 colls, bucket 62=1 colls, bucket 81=1 colls, 
  [DEBUG] First collision attr=0x00000000 hash=00000000
  Stage 2: 3 collisions
  [DEBUG] Stage 2 first 10 bucket_counts: 0 0 0 0 0 0 0 0 0 0 
  Stage 3: 0 collisions
  Stage 4: 0 collisions
  Stage 5: 0 collisions
  Stage 6: 0 collisions
  Stage 7: 0 solution candidates
GPU mining complete: 0.65 seconds

No solution candidates found (need more nonces)

═══ Batch 307/625: nonces 9792000-9823999 (32000 nonces) ═══

--- Mining batch: 32000 nonces (64000 hashes) starting at nonce 9792000 ---
  [DEBUG] idx=0 -> nonce g=9792000
  [DEBUG] idx=1 -> nonce g=9792000
  [DEBUG] idx=2 -> nonce g=9792001
  [DEBUG] idx=3 -> nonce g=9792001
  [DEBUG] idx=63998 -> nonce g=9823999
  [DEBUG] idx=63999 -> nonce g=9823999
  [DEBUG] First 10 hash bucket IDs: 842498 486947 746141 462553 751826 389920 174685 372406 647357 247972 
  [DEBUG] First hash bytes: cd b0 25 7a
Running GPU stages 1-7...
  Stage 1: 498 collisions in 482 buckets (max 3 per bucket)
  [DEBUG] First 5 non-empty buckets: bucket 66=1 colls, bucket 83=1 colls, bucket 87=1 colls, bucket 109=1 colls, bucket 195=1 colls, 
  [DEBUG] First collision attr=0x00000000 hash=00000000
  Stage 2: 5 collisions
  [DEBUG] Stage 2 first 10 bucket_counts: 0 0 0 0 0 0 0 0 0 0 
  Stage 3: 0 collisions
  Stage 4: 0 collisions
  Stage 5: 0 collisions
  Stage 6: 0 collisions
  Stage 7: 0 solution candidates
GPU mining complete: 0.70 seconds

No solution candidates found (need more nonces)

═══ Batch 308/625: nonces 9824000-9855999 (32000 nonces) ═══

--- Mining batch: 32000 nonces (64000 hashes) starting at nonce 9824000 ---
  [DEBUG] idx=0 -> nonce g=9824000
  [DEBUG] idx=1 -> nonce g=9824000
  [DEBUG] idx=2 -> nonce g=9824001
  [DEBUG] idx=3 -> nonce g=9824001
  [DEBUG] idx=63998 -> nonce g=9855999
  [DEBUG] idx=63999 -> nonce g=9855999
  [DEBUG] First 10 hash bucket IDs: 290981 1005415 119057 520191 654131 753132 309841 80665 62609 943959 
  [DEBUG] First hash bytes: 47 0a 52 26
Running GPU stages 1-7...
  Stage 1: 492 collisions in 480 buckets (max 3 per bucket)
  [DEBUG] First 5 non-empty buckets: bucket 4=1 colls, bucket 44=1 colls, bucket 47=1 colls, bucket 50=1 colls, bucket 52=1 colls, 
  [DEBUG] First collision attr=0x00000000 hash=00000000
  Stage 2: 8 collisions
  [DEBUG] Stage 2 first 10 bucket_counts: 0 0 0 0 0 0 0 0 0 0 
  Stage 3: 0 collisions
  Stage 4: 0 collisions
  Stage 5: 0 collisions
  Stage 6: 0 collisions
  Stage 7: 0 solution candidates
GPU mining complete: 0.65 seconds

No solution candidates found (need more nonces)

═══ Batch 309/625: nonces 9856000-9887999 (32000 nonces) ═══

--- Mining batch: 32000 nonces (64000 hashes) starting at nonce 9856000 ---
  [DEBUG] idx=0 -> nonce g=9856000
  [DEBUG] idx=1 -> nonce g=9856000
  [DEBUG] idx=2 -> nonce g=9856001
  [DEBUG] idx=3 -> nonce g=9856001
  [DEBUG] idx=63998 -> nonce g=9887999
  [DEBUG] idx=63999 -> nonce g=9887999
  [DEBUG] First 10 hash bucket IDs: 461186 663020 739951 232247 254339 170032 386854 619855 538695 975085 
  [DEBUG] First hash bytes: 70 98 2d b2
Running GPU stages 1-7...
  Stage 1: 493 collisions in 484 buckets (max 3 per bucket)
  [DEBUG] First 5 non-empty buckets: bucket 24=1 colls, bucket 62=1 colls, bucket 91=1 colls, bucket 126=1 colls, bucket 144=1 colls, 
  [DEBUG] First collision attr=0x00000000 hash=00000000
  Stage 2: 9 collisions
  [DEBUG] Stage 2 first 10 bucket_counts: 0 0 0 0 0 0 0 0 0 0 
  Stage 3: 0 collisions
  Stage 4: 0 collisions
  Stage 5: 0 collisions
  Stage 6: 0 collisions
  Stage 7: 0 solution candidates
GPU mining complete: 0.64 seconds

No solution candidates found (need more nonces)

═══ Batch 310/625: nonces 9888000-9919999 (32000 nonces) ═══

--- Mining batch: 32000 nonces (64000 hashes) starting at nonce 9888000 ---
  [DEBUG] idx=0 -> nonce g=9888000
  [DEBUG] idx=1 -> nonce g=9888000
  [DEBUG] idx=2 -> nonce g=9888001
  [DEBUG] idx=3 -> nonce g=9888001
  [DEBUG] idx=63998 -> nonce g=9919999
  [DEBUG] idx=63999 -> nonce g=9919999
  [DEBUG] First 10 hash bucket IDs: 353290 972338 630705 223085 847231 117076 277818 23465 453388 237611 
  [DEBUG] First hash bytes: 56 40 a9 b0
Running GPU stages 1-7...
  Stage 1: 532 collisions in 523 buckets (max 3 per bucket)
  [DEBUG] First 5 non-empty buckets: bucket 23=1 colls, bucket 104=1 colls, bucket 155=1 colls, bucket 217=1 colls, bucket 248=1 colls, 
  [DEBUG] First collision attr=0x00000000 hash=00000000
  Stage 2: 8 collisions
  [DEBUG] Stage 2 first 10 bucket_counts: 0 0 0 0 0 0 0 0 0 0 
  Stage 3: 0 collisions
  Stage 4: 0 collisions
  Stage 5: 0 collisions
  Stage 6: 0 collisions
  Stage 7: 0 solution candidates
GPU mining complete: 0.65 seconds

No solution candidates found (need more nonces)

═══ Batch 311/625: nonces 9920000-9951999 (32000 nonces) ═══

--- Mining batch: 32000 nonces (64000 hashes) starting at nonce 9920000 ---
  [DEBUG] idx=0 -> nonce g=9920000
  [DEBUG] idx=1 -> nonce g=9920000
  [DEBUG] idx=2 -> nonce g=9920001
  [DEBUG] idx=3 -> nonce g=9920001
  [DEBUG] idx=63998 -> nonce g=9951999
  [DEBUG] idx=63999 -> nonce g=9951999
  [DEBUG] First 10 hash bucket IDs: 426639 392074 861659 385064 718908 902302 424334 905693 479136 718316 
  [DEBUG] First hash bytes: 68 28 f2 2b
Running GPU stages 1-7...
  Stage 1: 435 collisions in 427 buckets (max 3 per bucket)
  [DEBUG] First 5 non-empty buckets: bucket 60=1 colls, bucket 62=1 colls, bucket 74=1 colls, bucket 94=1 colls, bucket 167=1 colls, 
  [DEBUG] First collision attr=0x00000000 hash=00000000
  Stage 2: 6 collisions
  [DEBUG] Stage 2 first 10 bucket_counts: 0 0 0 0 0 0 0 0 0 0 
  Stage 3: 0 collisions
  Stage 4: 0 collisions
  Stage 5: 0 collisions
  Stage 6: 0 collisions
  Stage 7: 0 solution candidates
GPU mining complete: 0.64 seconds

No solution candidates found (need more nonces)

═══ Batch 312/625: nonces 9952000-9983999 (32000 nonces) ═══

--- Mining batch: 32000 nonces (64000 hashes) starting at nonce 9952000 ---
  [DEBUG] idx=0 -> nonce g=9952000
  [DEBUG] idx=1 -> nonce g=9952000
  [DEBUG] idx=2 -> nonce g=9952001
  [DEBUG] idx=3 -> nonce g=9952001
  [DEBUG] idx=63998 -> nonce g=9983999
  [DEBUG] idx=63999 -> nonce g=9983999
  [DEBUG] First 10 hash bucket IDs: 22075 680381 560590 21849 622698 128997 1030564 186826 880979 439692 
  [DEBUG] First hash bytes: 05 63 be 90
Running GPU stages 1-7...
  Stage 1: 487 collisions in 477 buckets (max 3 per bucket)
  [DEBUG] First 5 non-empty buckets: bucket 43=1 colls, bucket 46=1 colls, bucket 50=1 colls, bucket 85=1 colls, bucket 207=1 colls, 
  [DEBUG] First collision attr=0x00000000 hash=00000000
  Stage 2: 4 collisions
  [DEBUG] Stage 2 first 10 bucket_counts: 0 0 0 0 0 0 0 0 0 0 
  Stage 3: 0 collisions
  Stage 4: 0 collisions
  Stage 5: 0 collisions
  Stage 6: 0 collisions
  Stage 7: 0 solution candidates
GPU mining complete: 0.65 seconds

No solution candidates found (need more nonces)

═══ Batch 313/625: nonces 9984000-10015999 (32000 nonces) ═══

--- Mining batch: 32000 nonces (64000 hashes) starting at nonce 9984000 ---
  [DEBUG] idx=0 -> nonce g=9984000
  [DEBUG] idx=1 -> nonce g=9984000
  [DEBUG] idx=2 -> nonce g=9984001
  [DEBUG] idx=3 -> nonce g=9984001
  [DEBUG] idx=63998 -> nonce g=10015999
  [DEBUG] idx=63999 -> nonce g=10015999
  [DEBUG] First 10 hash bucket IDs: 629280 433014 265168 544331 255841 426088 260679 466263 487901 377348 
  [DEBUG] First hash bytes: 99 a2 09 0f
Running GPU stages 1-7...
  Stage 1: 525 collisions in 501 buckets (max 3 per bucket)
  [DEBUG] First 5 non-empty buckets: bucket 175=1 colls, bucket 180=1 colls, bucket 212=1 colls, bucket 220=1 colls, bucket 227=1 colls, 
  [DEBUG] First collision attr=0x00000000 hash=00000000
  Stage 2: 8 collisions
  [DEBUG] Stage 2 first 10 bucket_counts: 0 0 0 0 0 0 0 0 0 0 
  Stage 3: 0 collisions
  Stage 4: 0 collisions
  Stage 5: 0 collisions
  Stage 6: 0 collisions
  Stage 7: 0 solution candidates
GPU mining complete: 0.65 seconds

No solution candidates found (need more nonces)

═══ Batch 314/625: nonces 10016000-10047999 (32000 nonces) ═══

--- Mining batch: 32000 nonces (64000 hashes) starting at nonce 10016000 ---
  [DEBUG] idx=0 -> nonce g=10016000
  [DEBUG] idx=1 -> nonce g=10016000
  [DEBUG] idx=2 -> nonce g=10016001
  [DEBUG] idx=3 -> nonce g=10016001
  [DEBUG] idx=63998 -> nonce g=10047999
  [DEBUG] idx=63999 -> nonce g=10047999
  [DEBUG] First 10 hash bucket IDs: 99775 970110 1033356 406556 837644 747693 716427 735208 512414 384894 
  [DEBUG] First hash bytes: 18 5b f0 26
Running GPU stages 1-7...
  Stage 1: 475 collisions in 468 buckets (max 3 per bucket)
  [DEBUG] First 5 non-empty buckets: bucket 3=1 colls, bucket 64=1 colls, bucket 137=1 colls, bucket 146=1 colls, bucket 178=1 colls, 
  [DEBUG] First collision attr=0x00000000 hash=00000000
  Stage 2: 6 collisions
  [DEBUG] Stage 2 first 10 bucket_counts: 0 0 0 0 0 0 0 0 0 0 
  Stage 3: 0 collisions
  Stage 4: 0 collisions
  Stage 5: 0 collisions
  Stage 6: 0 collisions
  Stage 7: 0 solution candidates
GPU mining complete: 0.65 seconds

No solution candidates found (need more nonces)

═══ Batch 315/625: nonces 10048000-10079999 (32000 nonces) ═══

--- Mining batch: 32000 nonces (64000 hashes) starting at nonce 10048000 ---
  [DEBUG] idx=0 -> nonce g=10048000
  [DEBUG] idx=1 -> nonce g=10048000
  [DEBUG] idx=2 -> nonce g=10048001
  [DEBUG] idx=3 -> nonce g=10048001
  [DEBUG] idx=63998 -> nonce g=10079999
  [DEBUG] idx=63999 -> nonce g=10079999
  [DEBUG] First 10 hash bucket IDs: 8757 257724 696310 762159 499950 359989 161348 460690 385749 618770 
  [DEBUG] First hash bytes: 02 23 5b 6a
Running GPU stages 1-7...
  Stage 1: 487 collisions in 474 buckets (max 3 per bucket)
  [DEBUG] First 5 non-empty buckets: bucket 21=1 colls, bucket 54=1 colls, bucket 71=1 colls, bucket 74=1 colls, bucket 100=1 colls, 
  [DEBUG] First collision attr=0x00000000 hash=00000000
  Stage 2: 7 collisions
  [DEBUG] Stage 2 first 10 bucket_counts: 0 0 0 0 0 0 0 0 0 0 
  Stage 3: 0 collisions
  Stage 4: 0 collisions
  Stage 5: 0 collisions
  Stage 6: 0 collisions
  Stage 7: 0 solution candidates
GPU mining complete: 0.65 seconds

No solution candidates found (need more nonces)

═══ Batch 316/625: nonces 10080000-10111999 (32000 nonces) ═══

--- Mining batch: 32000 nonces (64000 hashes) starting at nonce 10080000 ---
  [DEBUG] idx=0 -> nonce g=10080000
  [DEBUG] idx=1 -> nonce g=10080000
  [DEBUG] idx=2 -> nonce g=10080001
  [DEBUG] idx=3 -> nonce g=10080001
  [DEBUG] idx=63998 -> nonce g=10111999
  [DEBUG] idx=63999 -> nonce g=10111999
  [DEBUG] First 10 hash bucket IDs: 909919 366537 383108 790629 821440 454378 102215 300543 16948 557738 
  [DEBUG] First hash bytes: de 25 f8 42
Running GPU stages 1-7...
  Stage 1: 523 collisions in 512 buckets (max 3 per bucket)
  [DEBUG] First 5 non-empty buckets: bucket 66=1 colls, bucket 100=1 colls, bucket 112=1 colls, bucket 113=1 colls, bucket 143=1 colls, 
  [DEBUG] First collision attr=0x00000000 hash=00000000
  Stage 2: 6 collisions
  [DEBUG] Stage 2 first 10 bucket_counts: 0 0 0 0 0 0 0 0 0 0 
  Stage 3: 0 collisions
  Stage 4: 0 collisions
  Stage 5: 0 collisions
  Stage 6: 0 collisions
  Stage 7: 0 solution candidates
GPU mining complete: 0.68 seconds

No solution candidates found (need more nonces)

═══ Batch 317/625: nonces 10112000-10143999 (32000 nonces) ═══

--- Mining batch: 32000 nonces (64000 hashes) starting at nonce 10112000 ---
  [DEBUG] idx=0 -> nonce g=10112000
  [DEBUG] idx=1 -> nonce g=10112000
  [DEBUG] idx=2 -> nonce g=10112001
  [DEBUG] idx=3 -> nonce g=10112001
  [DEBUG] idx=63998 -> nonce g=10143999
  [DEBUG] idx=63999 -> nonce g=10143999
  [DEBUG] First 10 hash bucket IDs: 1027528 312346 442669 1024642 568297 872530 644404 904479 622267 139922 
  [DEBUG] First hash bytes: fa dc 80 2a
Running GPU stages 1-7...
  Stage 1: 467 collisions in 458 buckets (max 3 per bucket)
  [DEBUG] First 5 non-empty buckets: bucket 38=1 colls, bucket 40=1 colls, bucket 123=1 colls, bucket 129=1 colls, bucket 140=1 colls, 
  [DEBUG] First collision attr=0x00000000 hash=00000000
  Stage 2: 9 collisions
  [DEBUG] Stage 2 first 10 bucket_counts: 0 0 0 0 0 0 0 0 0 0 
  Stage 3: 0 collisions
  Stage 4: 0 collisions
  Stage 5: 0 collisions
  Stage 6: 0 collisions
  Stage 7: 0 solution candidates
GPU mining complete: 0.65 seconds

No solution candidates found (need more nonces)

═══ Batch 318/625: nonces 10144000-10175999 (32000 nonces) ═══

--- Mining batch: 32000 nonces (64000 hashes) starting at nonce 10144000 ---
  [DEBUG] idx=0 -> nonce g=10144000
  [DEBUG] idx=1 -> nonce g=10144000
  [DEBUG] idx=2 -> nonce g=10144001
  [DEBUG] idx=3 -> nonce g=10144001
  [DEBUG] idx=63998 -> nonce g=10175999
  [DEBUG] idx=63999 -> nonce g=10175999
  [DEBUG] First 10 hash bucket IDs: 927214 181659 318290 283755 890221 193106 689113 714060 1034511 647620 
  [DEBUG] First hash bytes: e2 5e e5 a5
Running GPU stages 1-7...
  Stage 1: 523 collisions in 511 buckets (max 3 per bucket)
  [DEBUG] First 5 non-empty buckets: bucket 3=1 colls, bucket 24=1 colls, bucket 37=1 colls, bucket 72=1 colls, bucket 77=1 colls, 
  [DEBUG] First collision attr=0x00000000 hash=00000000
  Stage 2: 9 collisions
  [DEBUG] Stage 2 first 10 bucket_counts: 0 0 0 0 0 0 0 0 0 0 
  Stage 3: 0 collisions
  Stage 4: 0 collisions
  Stage 5: 0 collisions
  Stage 6: 0 collisions
  Stage 7: 0 solution candidates
GPU mining complete: 0.65 seconds

No solution candidates found (need more nonces)

═══ Batch 319/625: nonces 10176000-10207999 (32000 nonces) ═══

--- Mining batch: 32000 nonces (64000 hashes) starting at nonce 10176000 ---
  [DEBUG] idx=0 -> nonce g=10176000
  [DEBUG] idx=1 -> nonce g=10176000
  [DEBUG] idx=2 -> nonce g=10176001
  [DEBUG] idx=3 -> nonce g=10176001
  [DEBUG] idx=63998 -> nonce g=10207999
  [DEBUG] idx=63999 -> nonce g=10207999
  [DEBUG] First 10 hash bucket IDs: 1036221 896804 687739 81355 454736 557436 1009011 943515 233068 734370 
  [DEBUG] First hash bytes: fc fb dc 6c
Running GPU stages 1-7...
  Stage 1: 484 collisions in 467 buckets (max 3 per bucket)
  [DEBUG] First 5 non-empty buckets: bucket 68=1 colls, bucket 73=1 colls, bucket 233=1 colls, bucket 251=1 colls, bucket 292=1 colls, 
  [DEBUG] First collision attr=0x00000000 hash=00000000
  Stage 2: 5 collisions
  [DEBUG] Stage 2 first 10 bucket_counts: 0 0 0 0 0 0 0 0 0 0 
  Stage 3: 0 collisions
  Stage 4: 0 collisions
  Stage 5: 0 collisions
  Stage 6: 0 collisions
  Stage 7: 0 solution candidates
GPU mining complete: 0.65 seconds

No solution candidates found (need more nonces)

═══ Batch 320/625: nonces 10208000-10239999 (32000 nonces) ═══

--- Mining batch: 32000 nonces (64000 hashes) starting at nonce 10208000 ---
  [DEBUG] idx=0 -> nonce g=10208000
  [DEBUG] idx=1 -> nonce g=10208000
  [DEBUG] idx=2 -> nonce g=10208001
  [DEBUG] idx=3 -> nonce g=10208001
  [DEBUG] idx=63998 -> nonce g=10239999
  [DEBUG] idx=63999 -> nonce g=10239999
  [DEBUG] First 10 hash bucket IDs: 16461 986829 685284 1011552 214842 289494 623048 616133 111767 741247 
  [DEBUG] First hash bytes: 04 04 df 1c
Running GPU stages 1-7...
  Stage 1: 505 collisions in 495 buckets (max 3 per bucket)
  [DEBUG] First 5 non-empty buckets: bucket 54=1 colls, bucket 78=1 colls, bucket 128=1 colls, bucket 163=1 colls, bucket 234=1 colls, 
  [DEBUG] First collision attr=0x00000000 hash=00000000
  Stage 2: 7 collisions
  [DEBUG] Stage 2 first 10 bucket_counts: 0 0 0 0 0 0 0 0 0 0 
  Stage 3: 0 collisions
  Stage 4: 0 collisions
  Stage 5: 0 collisions
  Stage 6: 0 collisions
  Stage 7: 0 solution candidates
GPU mining complete: 0.65 seconds

No solution candidates found (need more nonces)

═══ Batch 321/625: nonces 10240000-10271999 (32000 nonces) ═══

--- Mining batch: 32000 nonces (64000 hashes) starting at nonce 10240000 ---
  [DEBUG] idx=0 -> nonce g=10240000
  [DEBUG] idx=1 -> nonce g=10240000
  [DEBUG] idx=2 -> nonce g=10240001
  [DEBUG] idx=3 -> nonce g=10240001
  [DEBUG] idx=63998 -> nonce g=10271999
  [DEBUG] idx=63999 -> nonce g=10271999
  [DEBUG] First 10 hash bucket IDs: 820537 802403 193488 464959 1016378 1023030 115219 23094 1030836 184416 
  [DEBUG] First hash bytes: c8 53 99 28
Running GPU stages 1-7...
  Stage 1: 499 collisions in 487 buckets (max 3 per bucket)
  [DEBUG] First 5 non-empty buckets: bucket 48=1 colls, bucket 52=1 colls, bucket 75=1 colls, bucket 122=1 colls, bucket 368=1 colls, 
  [DEBUG] First collision attr=0x00000000 hash=00000000
  Stage 2: 9 collisions
  [DEBUG] Stage 2 first 10 bucket_counts: 0 0 0 0 0 0 0 0 0 0 
  Stage 3: 0 collisions
  Stage 4: 0 collisions
  Stage 5: 0 collisions
  Stage 6: 0 collisions
  Stage 7: 0 solution candidates
GPU mining complete: 0.65 seconds

No solution candidates found (need more nonces)

═══ Batch 322/625: nonces 10272000-10303999 (32000 nonces) ═══

--- Mining batch: 32000 nonces (64000 hashes) starting at nonce 10272000 ---
  [DEBUG] idx=0 -> nonce g=10272000
  [DEBUG] idx=1 -> nonce g=10272000
  [DEBUG] idx=2 -> nonce g=10272001
  [DEBUG] idx=3 -> nonce g=10272001
  [DEBUG] idx=63998 -> nonce g=10303999
  [DEBUG] idx=63999 -> nonce g=10303999
  [DEBUG] First 10 hash bucket IDs: 782991 367020 589784 872982 315280 351894 276559 1027049 981172 982743 
  [DEBUG] First hash bytes: bf 28 fe 4e
Running GPU stages 1-7...
  Stage 1: 503 collisions in 494 buckets (max 3 per bucket)
  [DEBUG] First 5 non-empty buckets: bucket 50=1 colls, bucket 90=1 colls, bucket 125=1 colls, bucket 138=1 colls, bucket 140=1 colls, 
  [DEBUG] First collision attr=0x00000000 hash=00000000
  Stage 2: 10 collisions
  [DEBUG] Stage 2 first 10 bucket_counts: 0 0 0 0 0 0 0 0 0 0 
  Stage 3: 0 collisions
  Stage 4: 0 collisions
  Stage 5: 0 collisions
  Stage 6: 0 collisions
  Stage 7: 0 solution candidates
GPU mining complete: 0.68 seconds

No solution candidates found (need more nonces)

═══ Batch 323/625: nonces 10304000-10335999 (32000 nonces) ═══

--- Mining batch: 32000 nonces (64000 hashes) starting at nonce 10304000 ---
  [DEBUG] idx=0 -> nonce g=10304000
  [DEBUG] idx=1 -> nonce g=10304000
  [DEBUG] idx=2 -> nonce g=10304001
  [DEBUG] idx=3 -> nonce g=10304001
  [DEBUG] idx=63998 -> nonce g=10335999
  [DEBUG] idx=63999 -> nonce g=10335999
  [DEBUG] First 10 hash bucket IDs: 796305 677644 1010246 529089 534006 663302 7354 451149 998468 746803 
  [DEBUG] First hash bytes: c2 69 14 6d
Running GPU stages 1-7...
  Stage 1: 532 collisions in 520 buckets (max 3 per bucket)
  [DEBUG] First 5 non-empty buckets: bucket 3=1 colls, bucket 19=1 colls, bucket 21=1 colls, bucket 32=1 colls, bucket 46=1 colls, 
  [DEBUG] First collision attr=0x00000000 hash=00000000
  Stage 2: 6 collisions
  [DEBUG] Stage 2 first 10 bucket_counts: 0 0 0 0 0 0 0 0 0 0 
  Stage 3: 0 collisions
  Stage 4: 0 collisions
  Stage 5: 0 collisions
  Stage 6: 0 collisions
  Stage 7: 0 solution candidates
GPU mining complete: 0.65 seconds

No solution candidates found (need more nonces)

═══ Batch 324/625: nonces 10336000-10367999 (32000 nonces) ═══

--- Mining batch: 32000 nonces (64000 hashes) starting at nonce 10336000 ---
  [DEBUG] idx=0 -> nonce g=10336000
  [DEBUG] idx=1 -> nonce g=10336000
  [DEBUG] idx=2 -> nonce g=10336001
  [DEBUG] idx=3 -> nonce g=10336001
  [DEBUG] idx=63998 -> nonce g=10367999
  [DEBUG] idx=63999 -> nonce g=10367999
  [DEBUG] First 10 hash bucket IDs: 211926 673500 202128 938279 194766 104424 519028 841643 164074 1002354 
  [DEBUG] First hash bytes: 33 bd 61 6f
Running GPU stages 1-7...
  Stage 1: 481 collisions in 473 buckets (max 3 per bucket)
  [DEBUG] First 5 non-empty buckets: bucket 14=1 colls, bucket 45=1 colls, bucket 77=1 colls, bucket 107=1 colls, bucket 137=1 colls, 
  [DEBUG] First collision attr=0x00000000 hash=00000000
  Stage 2: 8 collisions
  [DEBUG] Stage 2 first 10 bucket_counts: 0 0 0 0 0 0 0 0 0 0 
  Stage 3: 0 collisions
  Stage 4: 0 collisions
  Stage 5: 0 collisions
  Stage 6: 0 collisions
  Stage 7: 0 solution candidates
GPU mining complete: 0.65 seconds

No solution candidates found (need more nonces)

═══ Batch 325/625: nonces 10368000-10399999 (32000 nonces) ═══

--- Mining batch: 32000 nonces (64000 hashes) starting at nonce 10368000 ---
  [DEBUG] idx=0 -> nonce g=10368000
  [DEBUG] idx=1 -> nonce g=10368000
  [DEBUG] idx=2 -> nonce g=10368001
  [DEBUG] idx=3 -> nonce g=10368001
  [DEBUG] idx=63998 -> nonce g=10399999
  [DEBUG] idx=63999 -> nonce g=10399999
  [DEBUG] First 10 hash bucket IDs: 602800 355259 155300 425651 325710 138161 390973 1045531 280293 59856 
  [DEBUG] First hash bytes: 93 2b 00 be
Running GPU stages 1-7...
  Stage 1: 493 collisions in 477 buckets (max 6 per bucket)
  [DEBUG] First 5 non-empty buckets: bucket 49=1 colls, bucket 60=1 colls, bucket 81=1 colls, bucket 101=1 colls, bucket 102=1 colls, 
  [DEBUG] First collision attr=0x00000000 hash=00000000
  Stage 2: 15 collisions
  [DEBUG] Stage 2 first 10 bucket_counts: 0 0 0 0 0 0 0 0 0 0 
  Stage 3: 0 collisions
  Stage 4: 0 collisions
  Stage 5: 0 collisions
  Stage 6: 0 collisions
  Stage 7: 0 solution candidates
GPU mining complete: 0.65 seconds

No solution candidates found (need more nonces)

═══ Batch 326/625: nonces 10400000-10431999 (32000 nonces) ═══

--- Mining batch: 32000 nonces (64000 hashes) starting at nonce 10400000 ---
  [DEBUG] idx=0 -> nonce g=10400000
  [DEBUG] idx=1 -> nonce g=10400000
  [DEBUG] idx=2 -> nonce g=10400001
  [DEBUG] idx=3 -> nonce g=10400001
  [DEBUG] idx=63998 -> nonce g=10431999
  [DEBUG] idx=63999 -> nonce g=10431999
  [DEBUG] First 10 hash bucket IDs: 302686 885561 430208 516292 937161 95254 9675 295229 394012 571189 
  [DEBUG] First hash bytes: 49 e5 ea d1
Running GPU stages 1-7...
  Stage 1: 509 collisions in 482 buckets (max 6 per bucket)
  [DEBUG] First 5 non-empty buckets: bucket 23=1 colls, bucket 34=1 colls, bucket 40=1 colls, bucket 50=1 colls, bucket 73=1 colls, 
  [DEBUG] First collision attr=0x00000000 hash=00000000
  Stage 2: 8 collisions
  [DEBUG] Stage 2 first 10 bucket_counts: 0 0 0 0 0 0 0 0 0 0 
  Stage 3: 0 collisions
  Stage 4: 0 collisions
  Stage 5: 0 collisions
  Stage 6: 0 collisions
  Stage 7: 0 solution candidates
GPU mining complete: 0.64 seconds

No solution candidates found (need more nonces)

═══ Batch 327/625: nonces 10432000-10463999 (32000 nonces) ═══

--- Mining batch: 32000 nonces (64000 hashes) starting at nonce 10432000 ---
  [DEBUG] idx=0 -> nonce g=10432000
  [DEBUG] idx=1 -> nonce g=10432000
  [DEBUG] idx=2 -> nonce g=10432001
  [DEBUG] idx=3 -> nonce g=10432001
  [DEBUG] idx=63998 -> nonce g=10463999
  [DEBUG] idx=63999 -> nonce g=10463999
  [DEBUG] First 10 hash bucket IDs: 93072 340758 964819 692199 761950 842416 997902 436360 924787 752096 
  [DEBUG] First hash bytes: 16 b9 03 07
Running GPU stages 1-7...
  Stage 1: 458 collisions in 449 buckets (max 3 per bucket)
  [DEBUG] First 5 non-empty buckets: bucket 10=1 colls, bucket 37=1 colls, bucket 61=1 colls, bucket 67=1 colls, bucket 81=1 colls, 
  [DEBUG] First collision attr=0x00000000 hash=00000000
  Stage 2: 8 collisions
  [DEBUG] Stage 2 first 10 bucket_counts: 0 0 0 0 0 0 0 0 0 0 
  Stage 3: 0 collisions
  Stage 4: 0 collisions
  Stage 5: 0 collisions
  Stage 6: 0 collisions
  Stage 7: 0 solution candidates
GPU mining complete: 0.68 seconds

No solution candidates found (need more nonces)

═══ Batch 328/625: nonces 10464000-10495999 (32000 nonces) ═══

--- Mining batch: 32000 nonces (64000 hashes) starting at nonce 10464000 ---
  [DEBUG] idx=0 -> nonce g=10464000
  [DEBUG] idx=1 -> nonce g=10464000
  [DEBUG] idx=2 -> nonce g=10464001
  [DEBUG] idx=3 -> nonce g=10464001
  [DEBUG] idx=63998 -> nonce g=10495999
  [DEBUG] idx=63999 -> nonce g=10495999
  [DEBUG] First 10 hash bucket IDs: 256086 993864 25332 698901 748207 30798 380013 213615 45166 727851 
  [DEBUG] First hash bytes: 3e 85 63 73
Running GPU stages 1-7...
  Stage 1: 513 collisions in 500 buckets (max 3 per bucket)
  [DEBUG] First 5 non-empty buckets: bucket 31=1 colls, bucket 75=1 colls, bucket 98=1 colls, bucket 155=1 colls, bucket 203=1 colls, 
  [DEBUG] First collision attr=0x00000000 hash=00000000
  Stage 2: 4 collisions
  [DEBUG] Stage 2 first 10 bucket_counts: 0 0 0 0 0 0 0 0 0 0 
  Stage 3: 0 collisions
  Stage 4: 0 collisions
  Stage 5: 0 collisions
  Stage 6: 0 collisions
  Stage 7: 0 solution candidates
GPU mining complete: 0.65 seconds

No solution candidates found (need more nonces)

═══ Batch 329/625: nonces 10496000-10527999 (32000 nonces) ═══

--- Mining batch: 32000 nonces (64000 hashes) starting at nonce 10496000 ---
  [DEBUG] idx=0 -> nonce g=10496000
  [DEBUG] idx=1 -> nonce g=10496000
  [DEBUG] idx=2 -> nonce g=10496001
  [DEBUG] idx=3 -> nonce g=10496001
  [DEBUG] idx=63998 -> nonce g=10527999
  [DEBUG] idx=63999 -> nonce g=10527999
  [DEBUG] First 10 hash bucket IDs: 932599 440890 498529 600735 550250 717590 174217 479546 268305 88206 
  [DEBUG] First hash bytes: e3 af 7e 60
Running GPU stages 1-7...
  Stage 1: 475 collisions in 469 buckets (max 3 per bucket)
  [DEBUG] First 5 non-empty buckets: bucket 40=1 colls, bucket 81=1 colls, bucket 341=1 colls, bucket 359=1 colls, bucket 376=1 colls, 
  [DEBUG] First collision attr=0x00000000 hash=00000000
  Stage 2: 10 collisions
  [DEBUG] Stage 2 first 10 bucket_counts: 0 0 0 0 0 0 0 0 0 0 
  Stage 3: 0 collisions
  Stage 4: 0 collisions
  Stage 5: 0 collisions
  Stage 6: 0 collisions
  Stage 7: 0 solution candidates
GPU mining complete: 0.65 seconds

No solution candidates found (need more nonces)

═══ Batch 330/625: nonces 10528000-10559999 (32000 nonces) ═══

--- Mining batch: 32000 nonces (64000 hashes) starting at nonce 10528000 ---
  [DEBUG] idx=0 -> nonce g=10528000
  [DEBUG] idx=1 -> nonce g=10528000
  [DEBUG] idx=2 -> nonce g=10528001
  [DEBUG] idx=3 -> nonce g=10528001
  [DEBUG] idx=63998 -> nonce g=10559999
  [DEBUG] idx=63999 -> nonce g=10559999
  [DEBUG] First 10 hash bucket IDs: 676714 1032638 33629 157314 633874 727999 428497 714865 542368 449725 
  [DEBUG] First hash bytes: a5 36 aa bf
Running GPU stages 1-7...
  Stage 1: 509 collisions in 496 buckets (max 3 per bucket)
  [DEBUG] First 5 non-empty buckets: bucket 96=1 colls, bucket 114=1 colls, bucket 135=1 colls, bucket 155=1 colls, bucket 193=1 colls, 
  [DEBUG] First collision attr=0x00000000 hash=00000000
  Stage 2: 6 collisions
  [DEBUG] Stage 2 first 10 bucket_counts: 0 0 0 0 0 0 0 0 0 0 
  Stage 3: 0 collisions
  Stage 4: 0 collisions
  Stage 5: 0 collisions
  Stage 6: 0 collisions
  Stage 7: 0 solution candidates
GPU mining complete: 0.65 seconds

No solution candidates found (need more nonces)

═══ Batch 331/625: nonces 10560000-10591999 (32000 nonces) ═══

--- Mining batch: 32000 nonces (64000 hashes) starting at nonce 10560000 ---
  [DEBUG] idx=0 -> nonce g=10560000
  [DEBUG] idx=1 -> nonce g=10560000
  [DEBUG] idx=2 -> nonce g=10560001
  [DEBUG] idx=3 -> nonce g=10560001
  [DEBUG] idx=63998 -> nonce g=10591999
  [DEBUG] idx=63999 -> nonce g=10591999
  [DEBUG] First 10 hash bucket IDs: 252215 723197 398613 733510 340678 578380 899272 814192 341687 125740 
  [DEBUG] First hash bytes: 3d 93 75 8a
Running GPU stages 1-7...
  Stage 1: 477 collisions in 467 buckets (max 3 per bucket)
  [DEBUG] First 5 non-empty buckets: bucket 61=1 colls, bucket 63=1 colls, bucket 66=1 colls, bucket 115=1 colls, bucket 166=1 colls, 
  [DEBUG] First collision attr=0x00000000 hash=00000000
  Stage 2: 10 collisions
  [DEBUG] Stage 2 first 10 bucket_counts: 0 0 0 0 0 0 0 0 0 0 
  Stage 3: 0 collisions
  Stage 4: 0 collisions
  Stage 5: 0 collisions
  Stage 6: 0 collisions
  Stage 7: 0 solution candidates
GPU mining complete: 0.65 seconds

No solution candidates found (need more nonces)

═══ Batch 332/625: nonces 10592000-10623999 (32000 nonces) ═══

--- Mining batch: 32000 nonces (64000 hashes) starting at nonce 10592000 ---
  [DEBUG] idx=0 -> nonce g=10592000
  [DEBUG] idx=1 -> nonce g=10592000
  [DEBUG] idx=2 -> nonce g=10592001
  [DEBUG] idx=3 -> nonce g=10592001
  [DEBUG] idx=63998 -> nonce g=10623999
  [DEBUG] idx=63999 -> nonce g=10623999
  [DEBUG] First 10 hash bucket IDs: 815893 645010 884835 839735 347033 538938 780271 153170 650957 581330 
  [DEBUG] First hash bytes: c7 31 51 0a
Running GPU stages 1-7...
  Stage 1: 493 collisions in 475 buckets (max 4 per bucket)
  [DEBUG] First 5 non-empty buckets: bucket 41=1 colls, bucket 115=1 colls, bucket 152=1 colls, bucket 184=1 colls, bucket 192=1 colls, 
  [DEBUG] First collision attr=0x00000000 hash=00000000
  Stage 2: 9 collisions
  [DEBUG] Stage 2 first 10 bucket_counts: 0 0 0 0 0 0 0 0 0 0 
  Stage 3: 0 collisions
  Stage 4: 0 collisions
  Stage 5: 0 collisions
  Stage 6: 0 collisions
  Stage 7: 0 solution candidates
GPU mining complete: 0.65 seconds

No solution candidates found (need more nonces)

═══ Batch 333/625: nonces 10624000-10655999 (32000 nonces) ═══

--- Mining batch: 32000 nonces (64000 hashes) starting at nonce 10624000 ---
  [DEBUG] idx=0 -> nonce g=10624000
  [DEBUG] idx=1 -> nonce g=10624000
  [DEBUG] idx=2 -> nonce g=10624001
  [DEBUG] idx=3 -> nonce g=10624001
  [DEBUG] idx=63998 -> nonce g=10655999
  [DEBUG] idx=63999 -> nonce g=10655999
  [DEBUG] First 10 hash bucket IDs: 49541 671584 14454 42107 655796 227949 149678 1009768 430507 547662 
  [DEBUG] First hash bytes: 0c 18 56 77
Running GPU stages 1-7...
  Stage 1: 533 collisions in 518 buckets (max 3 per bucket)
  [DEBUG] First 5 non-empty buckets: bucket 9=1 colls, bucket 10=1 colls, bucket 12=1 colls, bucket 27=1 colls, bucket 37=1 colls, 
  [DEBUG] First collision attr=0x00000000 hash=00000000
  Stage 2: 7 collisions
  [DEBUG] Stage 2 first 10 bucket_counts: 0 0 0 0 0 0 0 0 0 0 
  Stage 3: 0 collisions
  Stage 4: 0 collisions
  Stage 5: 0 collisions
  Stage 6: 0 collisions
  Stage 7: 0 solution candidates
GPU mining complete: 0.65 seconds

No solution candidates found (need more nonces)

═══ Batch 334/625: nonces 10656000-10687999 (32000 nonces) ═══

--- Mining batch: 32000 nonces (64000 hashes) starting at nonce 10656000 ---
  [DEBUG] idx=0 -> nonce g=10656000
  [DEBUG] idx=1 -> nonce g=10656000
  [DEBUG] idx=2 -> nonce g=10656001
  [DEBUG] idx=3 -> nonce g=10656001
  [DEBUG] idx=63998 -> nonce g=10687999
  [DEBUG] idx=63999 -> nonce g=10687999
  [DEBUG] First 10 hash bucket IDs: 746308 254848 7867 1029543 246263 986625 740404 796269 654628 631411 
  [DEBUG] First hash bytes: b6 34 49 93
Running GPU stages 1-7...
  Stage 1: 505 collisions in 493 buckets (max 3 per bucket)
  [DEBUG] First 5 non-empty buckets: bucket 26=1 colls, bucket 46=1 colls, bucket 95=1 colls, bucket 99=1 colls, bucket 133=1 colls, 
  [DEBUG] First collision attr=0x00000000 hash=00000000
  Stage 2: 7 collisions
  [DEBUG] Stage 2 first 10 bucket_counts: 0 0 0 0 0 0 0 0 0 0 
  Stage 3: 0 collisions
  Stage 4: 0 collisions
  Stage 5: 0 collisions
  Stage 6: 0 collisions
  Stage 7: 0 solution candidates
GPU mining complete: 0.66 seconds

No solution candidates found (need more nonces)

═══ Batch 335/625: nonces 10688000-10719999 (32000 nonces) ═══

--- Mining batch: 32000 nonces (64000 hashes) starting at nonce 10688000 ---
  [DEBUG] idx=0 -> nonce g=10688000
  [DEBUG] idx=1 -> nonce g=10688000
  [DEBUG] idx=2 -> nonce g=10688001
  [DEBUG] idx=3 -> nonce g=10688001
  [DEBUG] idx=63998 -> nonce g=10719999
  [DEBUG] idx=63999 -> nonce g=10719999
  [DEBUG] First 10 hash bucket IDs: 272551 329881 701023 831281 27496 106782 128033 987420 960506 463092 
  [DEBUG] First hash bytes: 42 8a 73 7c
Running GPU stages 1-7...
  Stage 1: 463 collisions in 445 buckets (max 3 per bucket)
  [DEBUG] First 5 non-empty buckets: bucket 43=1 colls, bucket 150=1 colls, bucket 226=1 colls, bucket 229=1 colls, bucket 339=1 colls, 
  [DEBUG] First collision attr=0x00000000 hash=00000000
  Stage 2: 4 collisions
  [DEBUG] Stage 2 first 10 bucket_counts: 0 0 0 0 0 0 0 0 0 0 
  Stage 3: 0 collisions
  Stage 4: 0 collisions
  Stage 5: 0 collisions
  Stage 6: 0 collisions
  Stage 7: 0 solution candidates
GPU mining complete: 0.66 seconds

No solution candidates found (need more nonces)

═══ Batch 336/625: nonces 10720000-10751999 (32000 nonces) ═══

--- Mining batch: 32000 nonces (64000 hashes) starting at nonce 10720000 ---
  [DEBUG] idx=0 -> nonce g=10720000
  [DEBUG] idx=1 -> nonce g=10720000
  [DEBUG] idx=2 -> nonce g=10720001
  [DEBUG] idx=3 -> nonce g=10720001
  [DEBUG] idx=63998 -> nonce g=10751999
  [DEBUG] idx=63999 -> nonce g=10751999
  [DEBUG] First 10 hash bucket IDs: 488133 250453 206946 639740 187028 673487 594692 372596 300196 499145 
  [DEBUG] First hash bytes: 77 2c 51 6c
Running GPU stages 1-7...
  Stage 1: 466 collisions in 455 buckets (max 3 per bucket)
  [DEBUG] First 5 non-empty buckets: bucket 12=1 colls, bucket 46=1 colls, bucket 81=1 colls, bucket 83=1 colls, bucket 95=1 colls, 
  [DEBUG] First collision attr=0x00000000 hash=00000000
  Stage 2: 3 collisions
  [DEBUG] Stage 2 first 10 bucket_counts: 0 0 0 0 0 0 0 0 0 0 
  Stage 3: 0 collisions
  Stage 4: 0 collisions
  Stage 5: 0 collisions
  Stage 6: 0 collisions
  Stage 7: 0 solution candidates
GPU mining complete: 0.65 seconds

No solution candidates found (need more nonces)

═══ Batch 337/625: nonces 10752000-10783999 (32000 nonces) ═══

--- Mining batch: 32000 nonces (64000 hashes) starting at nonce 10752000 ---
  [DEBUG] idx=0 -> nonce g=10752000
  [DEBUG] idx=1 -> nonce g=10752000
  [DEBUG] idx=2 -> nonce g=10752001
  [DEBUG] idx=3 -> nonce g=10752001
  [DEBUG] idx=63998 -> nonce g=10783999
  [DEBUG] idx=63999 -> nonce g=10783999
  [DEBUG] First 10 hash bucket IDs: 1000788 774164 1037094 958048 736194 990274 142730 245260 753457 575438 
  [DEBUG] First hash bytes: f4 55 42 55
Running GPU stages 1-7...
  Stage 1: 485 collisions in 470 buckets (max 3 per bucket)
  [DEBUG] First 5 non-empty buckets: bucket 4=1 colls, bucket 112=1 colls, bucket 118=1 colls, bucket 162=1 colls, bucket 207=1 colls, 
  [DEBUG] First collision attr=0x00000000 hash=00000000
  Stage 2: 8 collisions
  [DEBUG] Stage 2 first 10 bucket_counts: 0 0 0 0 0 0 0 0 0 0 
  Stage 3: 0 collisions
  Stage 4: 0 collisions
  Stage 5: 0 collisions
  Stage 6: 0 collisions
  Stage 7: 0 solution candidates
GPU mining complete: 0.65 seconds

No solution candidates found (need more nonces)

═══ Batch 338/625: nonces 10784000-10815999 (32000 nonces) ═══

--- Mining batch: 32000 nonces (64000 hashes) starting at nonce 10784000 ---
  [DEBUG] idx=0 -> nonce g=10784000
  [DEBUG] idx=1 -> nonce g=10784000
  [DEBUG] idx=2 -> nonce g=10784001
  [DEBUG] idx=3 -> nonce g=10784001
  [DEBUG] idx=63998 -> nonce g=10815999
  [DEBUG] idx=63999 -> nonce g=10815999
  [DEBUG] First 10 hash bucket IDs: 703600 484653 281880 556859 873492 1048149 20654 334681 980876 840919 
  [DEBUG] First hash bytes: ab c7 0a e0
Running GPU stages 1-7...
  Stage 1: 457 collisions in 449 buckets (max 3 per bucket)
  [DEBUG] First 5 non-empty buckets: bucket 27=1 colls, bucket 59=1 colls, bucket 85=1 colls, bucket 114=1 colls, bucket 119=1 colls, 
  [DEBUG] First collision attr=0x00000000 hash=00000000
  Stage 2: 3 collisions
  [DEBUG] Stage 2 first 10 bucket_counts: 0 0 0 0 0 0 0 0 0 0 
  Stage 3: 0 collisions
  Stage 4: 0 collisions
  Stage 5: 0 collisions
  Stage 6: 0 collisions
  Stage 7: 0 solution candidates
GPU mining complete: 0.65 seconds

No solution candidates found (need more nonces)

═══ Batch 339/625: nonces 10816000-10847999 (32000 nonces) ═══

--- Mining batch: 32000 nonces (64000 hashes) starting at nonce 10816000 ---
  [DEBUG] idx=0 -> nonce g=10816000
  [DEBUG] idx=1 -> nonce g=10816000
  [DEBUG] idx=2 -> nonce g=10816001
  [DEBUG] idx=3 -> nonce g=10816001
  [DEBUG] idx=63998 -> nonce g=10847999
  [DEBUG] idx=63999 -> nonce g=10847999
  [DEBUG] First 10 hash bucket IDs: 770926 26519 358320 739630 743207 624560 89348 316895 1041129 66085 
  [DEBUG] First hash bytes: bc 36 ed 90
Running GPU stages 1-7...
  Stage 1: 494 collisions in 485 buckets (max 3 per bucket)
  [DEBUG] First 5 non-empty buckets: bucket 35=1 colls, bucket 63=1 colls, bucket 108=1 colls, bucket 156=1 colls, bucket 215=1 colls, 
  [DEBUG] First collision attr=0x00000000 hash=00000000
  Stage 2: 2 collisions
  [DEBUG] Stage 2 first 10 bucket_counts: 0 0 0 0 0 0 0 0 0 0 
  Stage 3: 0 collisions
  Stage 4: 0 collisions
  Stage 5: 0 collisions
  Stage 6: 0 collisions
  Stage 7: 0 solution candidates
GPU mining complete: 0.65 seconds

No solution candidates found (need more nonces)

═══ Batch 340/625: nonces 10848000-10879999 (32000 nonces) ═══

--- Mining batch: 32000 nonces (64000 hashes) starting at nonce 10848000 ---
  [DEBUG] idx=0 -> nonce g=10848000
  [DEBUG] idx=1 -> nonce g=10848000
  [DEBUG] idx=2 -> nonce g=10848001
  [DEBUG] idx=3 -> nonce g=10848001
  [DEBUG] idx=63998 -> nonce g=10879999
  [DEBUG] idx=63999 -> nonce g=10879999
  [DEBUG] First 10 hash bucket IDs: 113519 321929 136546 96522 217702 406477 104617 77031 647776 964543 
  [DEBUG] First hash bytes: 1b b6 f7 9d
Running GPU stages 1-7...
  Stage 1: 472 collisions in 459 buckets (max 4 per bucket)
  [DEBUG] First 5 non-empty buckets: bucket 16=1 colls, bucket 59=1 colls, bucket 147=1 colls, bucket 290=1 colls, bucket 315=1 colls, 
  [DEBUG] First collision attr=0x00000000 hash=00000000
  Stage 2: 7 collisions
  [DEBUG] Stage 2 first 10 bucket_counts: 0 0 0 0 0 0 0 0 0 0 
  Stage 3: 0 collisions
  Stage 4: 0 collisions
  Stage 5: 0 collisions
  Stage 6: 0 collisions
  Stage 7: 0 solution candidates
GPU mining complete: 0.66 seconds

No solution candidates found (need more nonces)

═══ Batch 341/625: nonces 10880000-10911999 (32000 nonces) ═══

--- Mining batch: 32000 nonces (64000 hashes) starting at nonce 10880000 ---
  [DEBUG] idx=0 -> nonce g=10880000
  [DEBUG] idx=1 -> nonce g=10880000
  [DEBUG] idx=2 -> nonce g=10880001
  [DEBUG] idx=3 -> nonce g=10880001
  [DEBUG] idx=63998 -> nonce g=10911999
  [DEBUG] idx=63999 -> nonce g=10911999
  [DEBUG] First 10 hash bucket IDs: 392112 438599 218698 734396 828697 834700 481858 835638 647520 157995 
  [DEBUG] First hash bytes: 5f bb 05 bb
Running GPU stages 1-7...
  Stage 1: 479 collisions in 466 buckets (max 3 per bucket)
  [DEBUG] First 5 non-empty buckets: bucket 0=1 colls, bucket 51=1 colls, bucket 57=1 colls, bucket 87=1 colls, bucket 128=1 colls, 
  [DEBUG] First collision attr=0x42b6525e hash=006c5303
  Stage 2: 9 collisions
  [DEBUG] Stage 2 first 10 bucket_counts: 0 0 0 0 0 0 0 0 0 0 
  Stage 3: 0 collisions
  Stage 4: 0 collisions
  Stage 5: 0 collisions
  Stage 6: 0 collisions
  Stage 7: 0 solution candidates
GPU mining complete: 0.66 seconds

No solution candidates found (need more nonces)

═══ Batch 342/625: nonces 10912000-10943999 (32000 nonces) ═══

--- Mining batch: 32000 nonces (64000 hashes) starting at nonce 10912000 ---
  [DEBUG] idx=0 -> nonce g=10912000
  [DEBUG] idx=1 -> nonce g=10912000
  [DEBUG] idx=2 -> nonce g=10912001
  [DEBUG] idx=3 -> nonce g=10912001
  [DEBUG] idx=63998 -> nonce g=10943999
  [DEBUG] idx=63999 -> nonce g=10943999
  [DEBUG] First 10 hash bucket IDs: 325921 1002130 837864 8761 630273 728457 1005930 279516 127907 388231 
  [DEBUG] First hash bytes: 4f 92 16 0c
Running GPU stages 1-7...
  Stage 1: 447 collisions in 441 buckets (max 3 per bucket)
  [DEBUG] First 5 non-empty buckets: bucket 134=1 colls, bucket 146=1 colls, bucket 192=1 colls, bucket 363=1 colls, bucket 406=1 colls, 
  [DEBUG] First collision attr=0x00000000 hash=00000000
  Stage 2: 7 collisions
  [DEBUG] Stage 2 first 10 bucket_counts: 0 0 0 0 0 0 0 0 0 0 
  Stage 3: 0 collisions
  Stage 4: 0 collisions
  Stage 5: 0 collisions
  Stage 6: 0 collisions
  Stage 7: 0 solution candidates
GPU mining complete: 0.66 seconds

No solution candidates found (need more nonces)

═══ Batch 343/625: nonces 10944000-10975999 (32000 nonces) ═══

--- Mining batch: 32000 nonces (64000 hashes) starting at nonce 10944000 ---
  [DEBUG] idx=0 -> nonce g=10944000
  [DEBUG] idx=1 -> nonce g=10944000
  [DEBUG] idx=2 -> nonce g=10944001
  [DEBUG] idx=3 -> nonce g=10944001
  [DEBUG] idx=63998 -> nonce g=10975999
  [DEBUG] idx=63999 -> nonce g=10975999
  [DEBUG] First 10 hash bucket IDs: 110881 135245 438661 118388 247556 233465 552959 535415 623438 810922 
  [DEBUG] First hash bytes: 1b 12 18 3e
Running GPU stages 1-7...
  Stage 1: 475 collisions in 472 buckets (max 3 per bucket)
  [DEBUG] First 5 non-empty buckets: bucket 42=1 colls, bucket 48=1 colls, bucket 59=1 colls, bucket 133=1 colls, bucket 174=1 colls, 
  [DEBUG] First collision attr=0x00000000 hash=00000000
  Stage 2: 2 collisions
  [DEBUG] Stage 2 first 10 bucket_counts: 0 0 0 0 0 0 0 0 0 0 
  Stage 3: 0 collisions
  Stage 4: 0 collisions
  Stage 5: 0 collisions
  Stage 6: 0 collisions
  Stage 7: 0 solution candidates
GPU mining complete: 0.64 seconds

No solution candidates found (need more nonces)

═══ Batch 344/625: nonces 10976000-11007999 (32000 nonces) ═══

--- Mining batch: 32000 nonces (64000 hashes) starting at nonce 10976000 ---
  [DEBUG] idx=0 -> nonce g=10976000
  [DEBUG] idx=1 -> nonce g=10976000
  [DEBUG] idx=2 -> nonce g=10976001
  [DEBUG] idx=3 -> nonce g=10976001
  [DEBUG] idx=63998 -> nonce g=11007999
  [DEBUG] idx=63999 -> nonce g=11007999
  [DEBUG] First 10 hash bucket IDs: 746512 523229 982743 807470 844888 141420 780473 806720 165948 300410 
  [DEBUG] First hash bytes: b6 41 0f bb
Running GPU stages 1-7...
  Stage 1: 482 collisions in 471 buckets (max 3 per bucket)
  [DEBUG] First 5 non-empty buckets: bucket 17=1 colls, bucket 32=1 colls, bucket 41=1 colls, bucket 47=1 colls, bucket 80=1 colls, 
  [DEBUG] First collision attr=0x00000000 hash=00000000
  Stage 2: 11 collisions
  [DEBUG] Stage 2 first 10 bucket_counts: 0 0 0 0 0 0 0 0 0 0 
  Stage 3: 0 collisions
  Stage 4: 0 collisions
  Stage 5: 0 collisions
  Stage 6: 0 collisions
  Stage 7: 0 solution candidates
GPU mining complete: 0.69 seconds

No solution candidates found (need more nonces)

═══ Batch 345/625: nonces 11008000-11039999 (32000 nonces) ═══

--- Mining batch: 32000 nonces (64000 hashes) starting at nonce 11008000 ---
  [DEBUG] idx=0 -> nonce g=11008000
  [DEBUG] idx=1 -> nonce g=11008000
  [DEBUG] idx=2 -> nonce g=11008001
  [DEBUG] idx=3 -> nonce g=11008001
  [DEBUG] idx=63998 -> nonce g=11039999
  [DEBUG] idx=63999 -> nonce g=11039999
  [DEBUG] First 10 hash bucket IDs: 37955 732291 714429 915056 91733 408628 769838 122887 602819 522670 
  [DEBUG] First hash bytes: 09 44 32 40
Running GPU stages 1-7...
  Stage 1: 485 collisions in 472 buckets (max 3 per bucket)
  [DEBUG] First 5 non-empty buckets: bucket 64=1 colls, bucket 143=1 colls, bucket 164=1 colls, bucket 196=1 colls, bucket 206=1 colls, 
  [DEBUG] First collision attr=0x00000000 hash=00000000
  Stage 2: 12 collisions
  [DEBUG] Stage 2 first 10 bucket_counts: 0 0 0 0 0 0 0 0 0 0 
  Stage 3: 0 collisions
  Stage 4: 0 collisions
  Stage 5: 0 collisions
  Stage 6: 0 collisions
  Stage 7: 0 solution candidates
GPU mining complete: 0.66 seconds

No solution candidates found (need more nonces)

═══ Batch 346/625: nonces 11040000-11071999 (32000 nonces) ═══

--- Mining batch: 32000 nonces (64000 hashes) starting at nonce 11040000 ---
  [DEBUG] idx=0 -> nonce g=11040000
  [DEBUG] idx=1 -> nonce g=11040000
  [DEBUG] idx=2 -> nonce g=11040001
  [DEBUG] idx=3 -> nonce g=11040001
  [DEBUG] idx=63998 -> nonce g=11071999
  [DEBUG] idx=63999 -> nonce g=11071999
  [DEBUG] First 10 hash bucket IDs: 950287 788281 222332 166331 1032942 410051 570013 838808 104756 739905 
  [DEBUG] First hash bytes: e8 00 fd c5
Running GPU stages 1-7...
  Stage 1: 462 collisions in 449 buckets (max 3 per bucket)
  [DEBUG] First 5 non-empty buckets: bucket 25=1 colls, bucket 76=1 colls, bucket 78=1 colls, bucket 95=1 colls, bucket 145=1 colls, 
  [DEBUG] First collision attr=0x00000000 hash=00000000
  Stage 2: 5 collisions
  [DEBUG] Stage 2 first 10 bucket_counts: 0 0 0 0 0 0 0 0 0 0 
  Stage 3: 0 collisions
  Stage 4: 0 collisions
  Stage 5: 0 collisions
  Stage 6: 0 collisions
  Stage 7: 0 solution candidates
GPU mining complete: 0.66 seconds

No solution candidates found (need more nonces)

═══ Batch 347/625: nonces 11072000-11103999 (32000 nonces) ═══

--- Mining batch: 32000 nonces (64000 hashes) starting at nonce 11072000 ---
  [DEBUG] idx=0 -> nonce g=11072000
  [DEBUG] idx=1 -> nonce g=11072000
  [DEBUG] idx=2 -> nonce g=11072001
  [DEBUG] idx=3 -> nonce g=11072001
  [DEBUG] idx=63998 -> nonce g=11103999
  [DEBUG] idx=63999 -> nonce g=11103999
  [DEBUG] First 10 hash bucket IDs: 59077 147384 530226 472953 375034 818256 289356 665046 930577 856998 
  [DEBUG] First hash bytes: 0e 6c 5d b4
Running GPU stages 1-7...
  Stage 1: 469 collisions in 457 buckets (max 3 per bucket)
  [DEBUG] First 5 non-empty buckets: bucket 24=1 colls, bucket 93=1 colls, bucket 97=1 colls, bucket 99=1 colls, bucket 125=1 colls, 
  [DEBUG] First collision attr=0x00000000 hash=00000000
  Stage 2: 5 collisions
  [DEBUG] Stage 2 first 10 bucket_counts: 0 0 0 0 0 0 0 0 0 0 
  Stage 3: 0 collisions
  Stage 4: 0 collisions
  Stage 5: 0 collisions
  Stage 6: 0 collisions
  Stage 7: 0 solution candidates
GPU mining complete: 0.66 seconds

No solution candidates found (need more nonces)

═══ Batch 348/625: nonces 11104000-11135999 (32000 nonces) ═══

--- Mining batch: 32000 nonces (64000 hashes) starting at nonce 11104000 ---
  [DEBUG] idx=0 -> nonce g=11104000
  [DEBUG] idx=1 -> nonce g=11104000
  [DEBUG] idx=2 -> nonce g=11104001
  [DEBUG] idx=3 -> nonce g=11104001
  [DEBUG] idx=63998 -> nonce g=11135999
  [DEBUG] idx=63999 -> nonce g=11135999
  [DEBUG] First 10 hash bucket IDs: 358905 198757 556573 740036 938054 209607 565012 791102 340354 388539 
  [DEBUG] First hash bytes: 57 9f 98 e4
Running GPU stages 1-7...
  Stage 1: 496 collisions in 484 buckets (max 3 per bucket)
  [DEBUG] First 5 non-empty buckets: bucket 5=1 colls, bucket 73=1 colls, bucket 81=1 colls, bucket 129=1 colls, bucket 144=1 colls, 
  [DEBUG] First collision attr=0x00000000 hash=00000000
  Stage 2: 8 collisions
  [DEBUG] Stage 2 first 10 bucket_counts: 0 0 0 0 0 0 0 0 0 0 
  Stage 3: 0 collisions
  Stage 4: 0 collisions
  Stage 5: 0 collisions
  Stage 6: 0 collisions
  Stage 7: 0 solution candidates
GPU mining complete: 0.66 seconds

No solution candidates found (need more nonces)

═══ Batch 349/625: nonces 11136000-11167999 (32000 nonces) ═══

--- Mining batch: 32000 nonces (64000 hashes) starting at nonce 11136000 ---
  [DEBUG] idx=0 -> nonce g=11136000
  [DEBUG] idx=1 -> nonce g=11136000
  [DEBUG] idx=2 -> nonce g=11136001
  [DEBUG] idx=3 -> nonce g=11136001
  [DEBUG] idx=63998 -> nonce g=11167999
  [DEBUG] idx=63999 -> nonce g=11167999
  [DEBUG] First 10 hash bucket IDs: 312422 740424 250193 843005 869544 909876 510845 112978 959136 770744 
  [DEBUG] First hash bytes: 4c 46 6d 1d
Running GPU stages 1-7...
  Stage 1: 461 collisions in 447 buckets (max 3 per bucket)
  [DEBUG] First 5 non-empty buckets: bucket 11=1 colls, bucket 12=1 colls, bucket 50=1 colls, bucket 57=1 colls, bucket 158=1 colls, 
  [DEBUG] First collision attr=0x00000000 hash=00000000
  Stage 2: 8 collisions
  [DEBUG] Stage 2 first 10 bucket_counts: 0 0 0 0 0 0 0 0 0 0 
  Stage 3: 0 collisions
  Stage 4: 0 collisions
  Stage 5: 0 collisions
  Stage 6: 0 collisions
  Stage 7: 0 solution candidates
GPU mining complete: 0.65 seconds

No solution candidates found (need more nonces)

═══ Batch 350/625: nonces 11168000-11199999 (32000 nonces) ═══

--- Mining batch: 32000 nonces (64000 hashes) starting at nonce 11168000 ---
  [DEBUG] idx=0 -> nonce g=11168000
  [DEBUG] idx=1 -> nonce g=11168000
  [DEBUG] idx=2 -> nonce g=11168001
  [DEBUG] idx=3 -> nonce g=11168001
  [DEBUG] idx=63998 -> nonce g=11199999
  [DEBUG] idx=63999 -> nonce g=11199999
  [DEBUG] First 10 hash bucket IDs: 621023 88094 38831 128818 954733 536776 481356 319317 568865 437117 
  [DEBUG] First hash bytes: 97 9d f8 f6
Running GPU stages 1-7...
  Stage 1: 488 collisions in 471 buckets (max 3 per bucket)
  [DEBUG] First 5 non-empty buckets: bucket 43=1 colls, bucket 57=1 colls, bucket 69=1 colls, bucket 84=1 colls, bucket 207=1 colls, 
  [DEBUG] First collision attr=0x00000000 hash=00000000
  Stage 2: 2 collisions
  [DEBUG] Stage 2 first 10 bucket_counts: 0 0 0 0 0 0 0 0 0 0 
  Stage 3: 0 collisions
  Stage 4: 0 collisions
  Stage 5: 0 collisions
  Stage 6: 0 collisions
  Stage 7: 0 solution candidates
GPU mining complete: 0.66 seconds

No solution candidates found (need more nonces)

═══ Batch 351/625: nonces 11200000-11231999 (32000 nonces) ═══

--- Mining batch: 32000 nonces (64000 hashes) starting at nonce 11200000 ---
  [DEBUG] idx=0 -> nonce g=11200000
  [DEBUG] idx=1 -> nonce g=11200000
  [DEBUG] idx=2 -> nonce g=11200001
  [DEBUG] idx=3 -> nonce g=11200001
  [DEBUG] idx=63998 -> nonce g=11231999
  [DEBUG] idx=63999 -> nonce g=11231999
  [DEBUG] First 10 hash bucket IDs: 428279 1037442 909085 348220 624387 878801 718737 900773 70744 1048065 
  [DEBUG] First hash bytes: 68 8f 7c 09
Running GPU stages 1-7...
  Stage 1: 510 collisions in 494 buckets (max 3 per bucket)
  [DEBUG] First 5 non-empty buckets: bucket 45=1 colls, bucket 97=1 colls, bucket 150=1 colls, bucket 169=1 colls, bucket 205=1 colls, 
  [DEBUG] First collision attr=0x00000000 hash=00000000
  Stage 2: 10 collisions
  [DEBUG] Stage 2 first 10 bucket_counts: 0 0 0 0 0 0 0 0 0 0 
  Stage 3: 0 collisions
  Stage 4: 0 collisions
  Stage 5: 0 collisions
  Stage 6: 0 collisions
  Stage 7: 0 solution candidates
GPU mining complete: 0.66 seconds

No solution candidates found (need more nonces)

═══ Batch 352/625: nonces 11232000-11263999 (32000 nonces) ═══

--- Mining batch: 32000 nonces (64000 hashes) starting at nonce 11232000 ---
  [DEBUG] idx=0 -> nonce g=11232000
  [DEBUG] idx=1 -> nonce g=11232000
  [DEBUG] idx=2 -> nonce g=11232001
  [DEBUG] idx=3 -> nonce g=11232001
  [DEBUG] idx=63998 -> nonce g=11263999
  [DEBUG] idx=63999 -> nonce g=11263999
  [DEBUG] First 10 hash bucket IDs: 869025 787434 423691 930769 462880 394453 924929 1018089 960963 547224 
  [DEBUG] First hash bytes: d4 2a 12 dd
Running GPU stages 1-7...
  Stage 1: 467 collisions in 458 buckets (max 3 per bucket)
  [DEBUG] First 5 non-empty buckets: bucket 51=1 colls, bucket 76=1 colls, bucket 91=1 colls, bucket 96=1 colls, bucket 251=1 colls, 
  [DEBUG] First collision attr=0x00000000 hash=00000000
  Stage 2: 12 collisions
  [DEBUG] Stage 2 first 10 bucket_counts: 0 0 0 0 0 0 0 0 0 0 
  Stage 3: 0 collisions
  Stage 4: 0 collisions
  Stage 5: 0 collisions
  Stage 6: 0 collisions
  Stage 7: 0 solution candidates
GPU mining complete: 0.66 seconds

No solution candidates found (need more nonces)

═══ Batch 353/625: nonces 11264000-11295999 (32000 nonces) ═══

--- Mining batch: 32000 nonces (64000 hashes) starting at nonce 11264000 ---
  [DEBUG] idx=0 -> nonce g=11264000
  [DEBUG] idx=1 -> nonce g=11264000
  [DEBUG] idx=2 -> nonce g=11264001
  [DEBUG] idx=3 -> nonce g=11264001
  [DEBUG] idx=63998 -> nonce g=11295999
  [DEBUG] idx=63999 -> nonce g=11295999
  [DEBUG] First 10 hash bucket IDs: 296266 560595 341512 112682 52437 551605 128871 595653 347250 29760 
  [DEBUG] First hash bytes: 48 54 aa 71
Running GPU stages 1-7...
  Stage 1: 491 collisions in 479 buckets (max 3 per bucket)
  [DEBUG] First 5 non-empty buckets: bucket 12=1 colls, bucket 21=1 colls, bucket 45=1 colls, bucket 80=1 colls, bucket 102=1 colls, 
  [DEBUG] First collision attr=0x00000000 hash=00000000
  Stage 2: 10 collisions
  [DEBUG] Stage 2 first 10 bucket_counts: 0 0 0 0 0 0 0 0 0 0 
  Stage 3: 0 collisions
  Stage 4: 0 collisions
  Stage 5: 0 collisions
  Stage 6: 0 collisions
  Stage 7: 0 solution candidates
GPU mining complete: 0.65 seconds

No solution candidates found (need more nonces)

═══ Batch 354/625: nonces 11296000-11327999 (32000 nonces) ═══

--- Mining batch: 32000 nonces (64000 hashes) starting at nonce 11296000 ---
  [DEBUG] idx=0 -> nonce g=11296000
  [DEBUG] idx=1 -> nonce g=11296000
  [DEBUG] idx=2 -> nonce g=11296001
  [DEBUG] idx=3 -> nonce g=11296001
  [DEBUG] idx=63998 -> nonce g=11327999
  [DEBUG] idx=63999 -> nonce g=11327999
  [DEBUG] First 10 hash bucket IDs: 459932 667088 568209 557783 81731 33176 410677 650036 925634 824572 
  [DEBUG] First hash bytes: 70 49 cd 13
Running GPU stages 1-7...
  Stage 1: 517 collisions in 495 buckets (max 3 per bucket)
  [DEBUG] First 5 non-empty buckets: bucket 117=1 colls, bucket 158=1 colls, bucket 163=1 colls, bucket 166=3 colls, bucket 229=1 colls, 
  [DEBUG] First collision attr=0x00000000 hash=00000000
  Stage 2: 11 collisions
  [DEBUG] Stage 2 first 10 bucket_counts: 0 0 0 0 0 0 0 0 0 0 
  Stage 3: 0 collisions
  Stage 4: 0 collisions
  Stage 5: 0 collisions
  Stage 6: 0 collisions
  Stage 7: 0 solution candidates
GPU mining complete: 0.66 seconds

No solution candidates found (need more nonces)

═══ Batch 355/625: nonces 11328000-11359999 (32000 nonces) ═══

--- Mining batch: 32000 nonces (64000 hashes) starting at nonce 11328000 ---
  [DEBUG] idx=0 -> nonce g=11328000
  [DEBUG] idx=1 -> nonce g=11328000
  [DEBUG] idx=2 -> nonce g=11328001
  [DEBUG] idx=3 -> nonce g=11328001
  [DEBUG] idx=63998 -> nonce g=11359999
  [DEBUG] idx=63999 -> nonce g=11359999
  [DEBUG] First 10 hash bucket IDs: 148609 987731 691018 598089 627465 752508 426406 556843 433440 314555 
  [DEBUG] First hash bytes: 24 48 1c d7
Running GPU stages 1-7...
  Stage 1: 485 collisions in 476 buckets (max 3 per bucket)
  [DEBUG] First 5 non-empty buckets: bucket 42=1 colls, bucket 146=1 colls, bucket 149=1 colls, bucket 274=1 colls, bucket 304=1 colls, 
  [DEBUG] First collision attr=0x00000000 hash=00000000
  Stage 2: 6 collisions
  [DEBUG] Stage 2 first 10 bucket_counts: 0 0 0 0 0 0 0 0 0 0 
  Stage 3: 0 collisions
  Stage 4: 0 collisions
  Stage 5: 0 collisions
  Stage 6: 0 collisions
  Stage 7: 0 solution candidates
GPU mining complete: 0.66 seconds

No solution candidates found (need more nonces)

═══ Batch 356/625: nonces 11360000-11391999 (32000 nonces) ═══

--- Mining batch: 32000 nonces (64000 hashes) starting at nonce 11360000 ---
  [DEBUG] idx=0 -> nonce g=11360000
  [DEBUG] idx=1 -> nonce g=11360000
  [DEBUG] idx=2 -> nonce g=11360001
  [DEBUG] idx=3 -> nonce g=11360001
  [DEBUG] idx=63998 -> nonce g=11391999
  [DEBUG] idx=63999 -> nonce g=11391999
  [DEBUG] First 10 hash bucket IDs: 794172 651187 803638 122321 289971 1032394 422038 721680 953502 153986 
  [DEBUG] First hash bytes: c1 e3 c2 e2
Running GPU stages 1-7...
  Stage 1: 470 collisions in 468 buckets (max 2 per bucket)
  [DEBUG] First 5 non-empty buckets: bucket 3=1 colls, bucket 48=1 colls, bucket 53=1 colls, bucket 87=1 colls, bucket 93=1 colls, 
  [DEBUG] First collision attr=0x00000000 hash=00000000
  Stage 2: 12 collisions
  [DEBUG] Stage 2 first 10 bucket_counts: 0 0 0 0 0 0 0 0 0 0 
  Stage 3: 0 collisions
  Stage 4: 0 collisions
  Stage 5: 0 collisions
  Stage 6: 0 collisions
  Stage 7: 0 solution candidates
GPU mining complete: 0.66 seconds

No solution candidates found (need more nonces)

═══ Batch 357/625: nonces 11392000-11423999 (32000 nonces) ═══

--- Mining batch: 32000 nonces (64000 hashes) starting at nonce 11392000 ---
  [DEBUG] idx=0 -> nonce g=11392000
  [DEBUG] idx=1 -> nonce g=11392000
  [DEBUG] idx=2 -> nonce g=11392001
  [DEBUG] idx=3 -> nonce g=11392001
  [DEBUG] idx=63998 -> nonce g=11423999
  [DEBUG] idx=63999 -> nonce g=11423999
  [DEBUG] First 10 hash bucket IDs: 1017536 531241 10839 274207 706487 1029587 27630 1034118 510813 609137 
  [DEBUG] First hash bytes: f8 6c 00 4a
Running GPU stages 1-7...
  Stage 1: 519 collisions in 498 buckets (max 3 per bucket)
  [DEBUG] First 5 non-empty buckets: bucket 59=1 colls, bucket 77=1 colls, bucket 78=1 colls, bucket 98=1 colls, bucket 104=1 colls, 
  [DEBUG] First collision attr=0x00000000 hash=00000000
  Stage 2: 10 collisions
  [DEBUG] Stage 2 first 10 bucket_counts: 0 0 0 0 0 0 0 0 0 0 
  Stage 3: 0 collisions
  Stage 4: 0 collisions
  Stage 5: 0 collisions
  Stage 6: 0 collisions
  Stage 7: 0 solution candidates
GPU mining complete: 0.68 seconds

No solution candidates found (need more nonces)

═══ Batch 358/625: nonces 11424000-11455999 (32000 nonces) ═══

--- Mining batch: 32000 nonces (64000 hashes) starting at nonce 11424000 ---
  [DEBUG] idx=0 -> nonce g=11424000
  [DEBUG] idx=1 -> nonce g=11424000
  [DEBUG] idx=2 -> nonce g=11424001
  [DEBUG] idx=3 -> nonce g=11424001
  [DEBUG] idx=63998 -> nonce g=11455999
  [DEBUG] idx=63999 -> nonce g=11455999
  [DEBUG] First 10 hash bucket IDs: 1028959 737422 672226 190642 708914 499938 246194 232152 192969 540716 
  [DEBUG] First hash bytes: fb 35 fd 1c
Running GPU stages 1-7...
  Stage 1: 482 collisions in 466 buckets (max 4 per bucket)
  [DEBUG] First 5 non-empty buckets: bucket 42=1 colls, bucket 54=2 colls, bucket 57=1 colls, bucket 75=1 colls, bucket 175=1 colls, 
  [DEBUG] First collision attr=0x00000000 hash=00000000
  Stage 2: 3 collisions
  [DEBUG] Stage 2 first 10 bucket_counts: 0 0 0 0 0 0 0 0 0 0 
  Stage 3: 0 collisions
  Stage 4: 0 collisions
  Stage 5: 0 collisions
  Stage 6: 0 collisions
  Stage 7: 0 solution candidates
GPU mining complete: 0.65 seconds

No solution candidates found (need more nonces)

═══ Batch 359/625: nonces 11456000-11487999 (32000 nonces) ═══

--- Mining batch: 32000 nonces (64000 hashes) starting at nonce 11456000 ---
  [DEBUG] idx=0 -> nonce g=11456000
  [DEBUG] idx=1 -> nonce g=11456000
  [DEBUG] idx=2 -> nonce g=11456001
  [DEBUG] idx=3 -> nonce g=11456001
  [DEBUG] idx=63998 -> nonce g=11487999
  [DEBUG] idx=63999 -> nonce g=11487999
  [DEBUG] First 10 hash bucket IDs: 247105 944315 766623 248932 960177 589821 143310 527963 1018043 728950 
  [DEBUG] First hash bytes: 3c 54 1b d3
Running GPU stages 1-7...
  Stage 1: 481 collisions in 473 buckets (max 3 per bucket)
  [DEBUG] First 5 non-empty buckets: bucket 40=1 colls, bucket 69=1 colls, bucket 82=1 colls, bucket 105=1 colls, bucket 158=1 colls, 
  [DEBUG] First collision attr=0x00000000 hash=00000000
  Stage 2: 9 collisions
  [DEBUG] Stage 2 first 10 bucket_counts: 0 0 0 0 0 0 0 0 0 0 
  Stage 3: 0 collisions
  Stage 4: 0 collisions
  Stage 5: 0 collisions
  Stage 6: 0 collisions
  Stage 7: 0 solution candidates
GPU mining complete: 0.65 seconds

No solution candidates found (need more nonces)

═══ Batch 360/625: nonces 11488000-11519999 (32000 nonces) ═══

--- Mining batch: 32000 nonces (64000 hashes) starting at nonce 11488000 ---
  [DEBUG] idx=0 -> nonce g=11488000
  [DEBUG] idx=1 -> nonce g=11488000
  [DEBUG] idx=2 -> nonce g=11488001
  [DEBUG] idx=3 -> nonce g=11488001
  [DEBUG] idx=63998 -> nonce g=11519999
  [DEBUG] idx=63999 -> nonce g=11519999
  [DEBUG] First 10 hash bucket IDs: 793178 558697 60754 698749 668104 764240 924569 804362 1011384 393223 
  [DEBUG] First hash bytes: c1 a5 a8 0a
Running GPU stages 1-7...
  Stage 1: 481 collisions in 461 buckets (max 3 per bucket)
  [DEBUG] First 5 non-empty buckets: bucket 100=1 colls, bucket 116=1 colls, bucket 150=1 colls, bucket 254=1 colls, bucket 268=1 colls, 
  [DEBUG] First collision attr=0x00000000 hash=00000000
  Stage 2: 11 collisions
  [DEBUG] Stage 2 first 10 bucket_counts: 0 0 0 0 0 0 0 0 0 0 
  Stage 3: 0 collisions
  Stage 4: 0 collisions
  Stage 5: 0 collisions
  Stage 6: 0 collisions
  Stage 7: 0 solution candidates
GPU mining complete: 0.65 seconds

No solution candidates found (need more nonces)

═══ Batch 361/625: nonces 11520000-11551999 (32000 nonces) ═══

--- Mining batch: 32000 nonces (64000 hashes) starting at nonce 11520000 ---
  [DEBUG] idx=0 -> nonce g=11520000
  [DEBUG] idx=1 -> nonce g=11520000
  [DEBUG] idx=2 -> nonce g=11520001
  [DEBUG] idx=3 -> nonce g=11520001
  [DEBUG] idx=63998 -> nonce g=11551999
  [DEBUG] idx=63999 -> nonce g=11551999
  [DEBUG] First 10 hash bucket IDs: 197448 683881 953738 402791 300034 267836 379538 865275 253835 712851 
  [DEBUG] First hash bytes: 30 34 8f 40
Running GPU stages 1-7...
  Stage 1: 495 collisions in 489 buckets (max 3 per bucket)
  [DEBUG] First 5 non-empty buckets: bucket 24=1 colls, bucket 42=1 colls, bucket 113=1 colls, bucket 225=1 colls, bucket 320=1 colls, 
  [DEBUG] First collision attr=0x00000000 hash=00000000
  Stage 2: 6 collisions
  [DEBUG] Stage 2 first 10 bucket_counts: 0 0 0 0 0 0 0 0 0 0 
  Stage 3: 0 collisions
  Stage 4: 0 collisions
  Stage 5: 0 collisions
  Stage 6: 0 collisions
  Stage 7: 0 solution candidates
GPU mining complete: 0.66 seconds

No solution candidates found (need more nonces)

═══ Batch 362/625: nonces 11552000-11583999 (32000 nonces) ═══

--- Mining batch: 32000 nonces (64000 hashes) starting at nonce 11552000 ---
  [DEBUG] idx=0 -> nonce g=11552000
  [DEBUG] idx=1 -> nonce g=11552000
  [DEBUG] idx=2 -> nonce g=11552001
  [DEBUG] idx=3 -> nonce g=11552001
  [DEBUG] idx=63998 -> nonce g=11583999
  [DEBUG] idx=63999 -> nonce g=11583999
  [DEBUG] First 10 hash bucket IDs: 909212 474425 69259 765765 456517 512073 18260 698710 257716 1004887 
  [DEBUG] First hash bytes: dd f9 ce 6b
Running GPU stages 1-7...
  Stage 1: 515 collisions in 502 buckets (max 3 per bucket)
  [DEBUG] First 5 non-empty buckets: bucket 25=1 colls, bucket 28=1 colls, bucket 214=1 colls, bucket 215=1 colls, bucket 224=1 colls, 
  [DEBUG] First collision attr=0x00000000 hash=00000000
  Stage 2: 9 collisions
  [DEBUG] Stage 2 first 10 bucket_counts: 0 0 0 0 0 0 0 0 0 0 
  Stage 3: 0 collisions
  Stage 4: 0 collisions
  Stage 5: 0 collisions
  Stage 6: 0 collisions
  Stage 7: 0 solution candidates
GPU mining complete: 0.66 seconds

No solution candidates found (need more nonces)

═══ Batch 363/625: nonces 11584000-11615999 (32000 nonces) ═══

--- Mining batch: 32000 nonces (64000 hashes) starting at nonce 11584000 ---
  [DEBUG] idx=0 -> nonce g=11584000
  [DEBUG] idx=1 -> nonce g=11584000
  [DEBUG] idx=2 -> nonce g=11584001
  [DEBUG] idx=3 -> nonce g=11584001
  [DEBUG] idx=63998 -> nonce g=11615999
  [DEBUG] idx=63999 -> nonce g=11615999
  [DEBUG] First 10 hash bucket IDs: 944023 981009 878102 2540 447257 583803 915840 922779 128378 767455 
  [DEBUG] First hash bytes: e6 79 72 35
Running GPU stages 1-7...
  Stage 1: 509 collisions in 491 buckets (max 4 per bucket)
  [DEBUG] First 5 non-empty buckets: bucket 52=2 colls, bucket 72=1 colls, bucket 80=1 colls, bucket 116=1 colls, bucket 197=1 colls, 
  [DEBUG] First collision attr=0x00000000 hash=00000000
  Stage 2: 3 collisions
  [DEBUG] Stage 2 first 10 bucket_counts: 0 0 0 0 0 0 0 0 0 0 
  Stage 3: 0 collisions
  Stage 4: 0 collisions
  Stage 5: 0 collisions
  Stage 6: 0 collisions
  Stage 7: 0 solution candidates
GPU mining complete: 0.66 seconds

No solution candidates found (need more nonces)

═══ Batch 364/625: nonces 11616000-11647999 (32000 nonces) ═══

--- Mining batch: 32000 nonces (64000 hashes) starting at nonce 11616000 ---
  [DEBUG] idx=0 -> nonce g=11616000
  [DEBUG] idx=1 -> nonce g=11616000
  [DEBUG] idx=2 -> nonce g=11616001
  [DEBUG] idx=3 -> nonce g=11616001
  [DEBUG] idx=63998 -> nonce g=11647999
  [DEBUG] idx=63999 -> nonce g=11647999
  [DEBUG] First 10 hash bucket IDs: 780726 295812 731955 287479 261514 833179 467840 714548 908387 406559 
  [DEBUG] First hash bytes: be 9b 6e 30
Running GPU stages 1-7...
  Stage 1: 480 collisions in 468 buckets (max 4 per bucket)
  [DEBUG] First 5 non-empty buckets: bucket 0=1 colls, bucket 6=1 colls, bucket 72=1 colls, bucket 75=1 colls, bucket 107=1 colls, 
  [DEBUG] First collision attr=0x01ffa224 hash=007782f6
  Stage 2: 9 collisions
  [DEBUG] Stage 2 first 10 bucket_counts: 0 0 0 0 0 0 0 0 0 0 
  Stage 3: 0 collisions
  Stage 4: 0 collisions
  Stage 5: 0 collisions
  Stage 6: 0 collisions
  Stage 7: 0 solution candidates
GPU mining complete: 0.66 seconds

No solution candidates found (need more nonces)

═══ Batch 365/625: nonces 11648000-11679999 (32000 nonces) ═══

--- Mining batch: 32000 nonces (64000 hashes) starting at nonce 11648000 ---
  [DEBUG] idx=0 -> nonce g=11648000
  [DEBUG] idx=1 -> nonce g=11648000
  [DEBUG] idx=2 -> nonce g=11648001
  [DEBUG] idx=3 -> nonce g=11648001
  [DEBUG] idx=63998 -> nonce g=11679999
  [DEBUG] idx=63999 -> nonce g=11679999
  [DEBUG] First 10 hash bucket IDs: 231421 73425 902192 14949 914831 446633 958031 794369 197688 464700 
  [DEBUG] First hash bytes: 38 7f d0 d2
Running GPU stages 1-7...
  Stage 1: 477 collisions in 470 buckets (max 3 per bucket)
  [DEBUG] First 5 non-empty buckets: bucket 61=1 colls, bucket 72=1 colls, bucket 106=1 colls, bucket 115=1 colls, bucket 137=1 colls, 
  [DEBUG] First collision attr=0x00000000 hash=00000000
  Stage 2: 6 collisions
  [DEBUG] Stage 2 first 10 bucket_counts: 0 0 0 0 0 0 0 0 0 0 
  Stage 3: 0 collisions
  Stage 4: 0 collisions
  Stage 5: 0 collisions
  Stage 6: 0 collisions
  Stage 7: 0 solution candidates
GPU mining complete: 0.65 seconds

No solution candidates found (need more nonces)

═══ Batch 366/625: nonces 11680000-11711999 (32000 nonces) ═══

--- Mining batch: 32000 nonces (64000 hashes) starting at nonce 11680000 ---
  [DEBUG] idx=0 -> nonce g=11680000
  [DEBUG] idx=1 -> nonce g=11680000
  [DEBUG] idx=2 -> nonce g=11680001
  [DEBUG] idx=3 -> nonce g=11680001
  [DEBUG] idx=63998 -> nonce g=11711999
  [DEBUG] idx=63999 -> nonce g=11711999
  [DEBUG] First 10 hash bucket IDs: 763368 539534 260576 225095 895021 993015 886723 836508 992190 639692 
  [DEBUG] First hash bytes: ba 5e 84 10
Running GPU stages 1-7...
  Stage 1: 480 collisions in 472 buckets (max 3 per bucket)
  [DEBUG] First 5 non-empty buckets: bucket 123=1 colls, bucket 178=1 colls, bucket 192=1 colls, bucket 221=1 colls, bucket 321=1 colls, 
  [DEBUG] First collision attr=0x00000000 hash=00000000
  Stage 2: 10 collisions
  [DEBUG] Stage 2 first 10 bucket_counts: 0 0 0 0 0 0 0 0 0 0 
  Stage 3: 0 collisions
  Stage 4: 0 collisions
  Stage 5: 0 collisions
  Stage 6: 0 collisions
  Stage 7: 0 solution candidates
GPU mining complete: 0.66 seconds

No solution candidates found (need more nonces)

═══ Batch 367/625: nonces 11712000-11743999 (32000 nonces) ═══

--- Mining batch: 32000 nonces (64000 hashes) starting at nonce 11712000 ---
  [DEBUG] idx=0 -> nonce g=11712000
  [DEBUG] idx=1 -> nonce g=11712000
  [DEBUG] idx=2 -> nonce g=11712001
  [DEBUG] idx=3 -> nonce g=11712001
  [DEBUG] idx=63998 -> nonce g=11743999
  [DEBUG] idx=63999 -> nonce g=11743999
  [DEBUG] First 10 hash bucket IDs: 23673 715198 880930 276489 337537 450778 1048038 88532 586590 917036 
  [DEBUG] First hash bytes: 05 c7 97 89
Running GPU stages 1-7...
  Stage 1: 480 collisions in 462 buckets (max 3 per bucket)
  [DEBUG] First 5 non-empty buckets: bucket 205=1 colls, bucket 211=3 colls, bucket 261=1 colls, bucket 262=1 colls, bucket 276=1 colls, 
  [DEBUG] First collision attr=0x00000000 hash=00000000
  Stage 2: 6 collisions
  [DEBUG] Stage 2 first 10 bucket_counts: 0 0 0 0 0 0 0 0 0 0 
  Stage 3: 0 collisions
  Stage 4: 0 collisions
  Stage 5: 0 collisions
  Stage 6: 0 collisions
  Stage 7: 0 solution candidates
GPU mining complete: 0.66 seconds

No solution candidates found (need more nonces)

═══ Batch 368/625: nonces 11744000-11775999 (32000 nonces) ═══

--- Mining batch: 32000 nonces (64000 hashes) starting at nonce 11744000 ---
  [DEBUG] idx=0 -> nonce g=11744000
  [DEBUG] idx=1 -> nonce g=11744000
  [DEBUG] idx=2 -> nonce g=11744001
  [DEBUG] idx=3 -> nonce g=11744001
  [DEBUG] idx=63998 -> nonce g=11775999
  [DEBUG] idx=63999 -> nonce g=11775999
  [DEBUG] First 10 hash bucket IDs: 87298 965388 178038 801217 963128 377574 236435 15583 937072 964848 
  [DEBUG] First hash bytes: 15 50 2e a7
Running GPU stages 1-7...
  Stage 1: 464 collisions in 458 buckets (max 2 per bucket)
  [DEBUG] First 5 non-empty buckets: bucket 121=1 colls, bucket 151=1 colls, bucket 183=1 colls, bucket 260=1 colls, bucket 366=1 colls, 
  [DEBUG] First collision attr=0x00000000 hash=00000000
  Stage 2: 6 collisions
  [DEBUG] Stage 2 first 10 bucket_counts: 0 0 0 0 0 0 0 0 0 0 
  Stage 3: 0 collisions
  Stage 4: 0 collisions
  Stage 5: 0 collisions
  Stage 6: 0 collisions
  Stage 7: 0 solution candidates
GPU mining complete: 0.65 seconds

No solution candidates found (need more nonces)

═══ Batch 369/625: nonces 11776000-11807999 (32000 nonces) ═══

--- Mining batch: 32000 nonces (64000 hashes) starting at nonce 11776000 ---
  [DEBUG] idx=0 -> nonce g=11776000
  [DEBUG] idx=1 -> nonce g=11776000
  [DEBUG] idx=2 -> nonce g=11776001
  [DEBUG] idx=3 -> nonce g=11776001
  [DEBUG] idx=63998 -> nonce g=11807999
  [DEBUG] idx=63999 -> nonce g=11807999
  [DEBUG] First 10 hash bucket IDs: 292977 911940 606381 716391 704903 296807 1003969 407179 754352 561183 
  [DEBUG] First hash bytes: 47 87 1d 22
Running GPU stages 1-7...
  Stage 1: 484 collisions in 470 buckets (max 3 per bucket)
  [DEBUG] First 5 non-empty buckets: bucket 60=1 colls, bucket 74=1 colls, bucket 152=1 colls, bucket 178=1 colls, bucket 242=1 colls, 
  [DEBUG] First collision attr=0x00000000 hash=00000000
  Stage 2: 9 collisions
  [DEBUG] Stage 2 first 10 bucket_counts: 0 0 0 0 0 0 0 0 0 0 
  Stage 3: 0 collisions
  Stage 4: 0 collisions
  Stage 5: 0 collisions
  Stage 6: 0 collisions
  Stage 7: 0 solution candidates
GPU mining complete: 0.64 seconds

No solution candidates found (need more nonces)

═══ Batch 370/625: nonces 11808000-11839999 (32000 nonces) ═══

--- Mining batch: 32000 nonces (64000 hashes) starting at nonce 11808000 ---
  [DEBUG] idx=0 -> nonce g=11808000
  [DEBUG] idx=1 -> nonce g=11808000
  [DEBUG] idx=2 -> nonce g=11808001
  [DEBUG] idx=3 -> nonce g=11808001
  [DEBUG] idx=63998 -> nonce g=11839999
  [DEBUG] idx=63999 -> nonce g=11839999
  [DEBUG] First 10 hash bucket IDs: 822519 565311 631761 779066 270125 843035 487024 700148 510408 478764 
  [DEBUG] First hash bytes: c8 cf 7d b6
Running GPU stages 1-7...
  Stage 1: 495 collisions in 481 buckets (max 3 per bucket)
  [DEBUG] First 5 non-empty buckets: bucket 0=1 colls, bucket 105=2 colls, bucket 131=1 colls, bucket 150=1 colls, bucket 172=2 colls, 
  [DEBUG] First collision attr=0x1646ebab hash=00b0b15a
  Stage 2: 7 collisions
  [DEBUG] Stage 2 first 10 bucket_counts: 0 0 0 0 0 0 0 0 0 0 
  Stage 3: 0 collisions
  Stage 4: 0 collisions
  Stage 5: 0 collisions
  Stage 6: 0 collisions
  Stage 7: 0 solution candidates
GPU mining complete: 0.66 seconds

No solution candidates found (need more nonces)

═══ Batch 371/625: nonces 11840000-11871999 (32000 nonces) ═══

--- Mining batch: 32000 nonces (64000 hashes) starting at nonce 11840000 ---
  [DEBUG] idx=0 -> nonce g=11840000
  [DEBUG] idx=1 -> nonce g=11840000
  [DEBUG] idx=2 -> nonce g=11840001
  [DEBUG] idx=3 -> nonce g=11840001
  [DEBUG] idx=63998 -> nonce g=11871999
  [DEBUG] idx=63999 -> nonce g=11871999
  [DEBUG] First 10 hash bucket IDs: 89567 261044 748565 119900 500019 15804 76368 324193 691494 167683 
  [DEBUG] First hash bytes: 15 dd fa 6b
Running GPU stages 1-7...
  Stage 1: 522 collisions in 512 buckets (max 3 per bucket)
  [DEBUG] First 5 non-empty buckets: bucket 80=1 colls, bucket 102=1 colls, bucket 105=1 colls, bucket 146=1 colls, bucket 270=1 colls, 
  [DEBUG] First collision attr=0x00000000 hash=00000000
  Stage 2: 10 collisions
  [DEBUG] Stage 2 first 10 bucket_counts: 0 0 0 0 0 0 0 0 0 0 
  Stage 3: 0 collisions
  Stage 4: 0 collisions
  Stage 5: 0 collisions
  Stage 6: 0 collisions
  Stage 7: 0 solution candidates
GPU mining complete: 0.66 seconds

No solution candidates found (need more nonces)

═══ Batch 372/625: nonces 11872000-11903999 (32000 nonces) ═══

--- Mining batch: 32000 nonces (64000 hashes) starting at nonce 11872000 ---
  [DEBUG] idx=0 -> nonce g=11872000
  [DEBUG] idx=1 -> nonce g=11872000
  [DEBUG] idx=2 -> nonce g=11872001
  [DEBUG] idx=3 -> nonce g=11872001
  [DEBUG] idx=63998 -> nonce g=11903999
  [DEBUG] idx=63999 -> nonce g=11903999
  [DEBUG] First 10 hash bucket IDs: 172000 176021 197270 502571 317160 928108 501728 517493 181564 1001669 
  [DEBUG] First hash bytes: 29 fe 0e 3c
Running GPU stages 1-7...
  Stage 1: 475 collisions in 466 buckets (max 3 per bucket)
  [DEBUG] First 5 non-empty buckets: bucket 55=1 colls, bucket 96=1 colls, bucket 130=1 colls, bucket 146=1 colls, bucket 225=1 colls, 
  [DEBUG] First collision attr=0x00000000 hash=00000000
  Stage 2: 8 collisions
  [DEBUG] Stage 2 first 10 bucket_counts: 0 0 0 0 0 0 0 0 0 0 
  Stage 3: 0 collisions
  Stage 4: 0 collisions
  Stage 5: 0 collisions
  Stage 6: 0 collisions
  Stage 7: 0 solution candidates
GPU mining complete: 0.67 seconds

No solution candidates found (need more nonces)

═══ Batch 373/625: nonces 11904000-11935999 (32000 nonces) ═══

--- Mining batch: 32000 nonces (64000 hashes) starting at nonce 11904000 ---
  [DEBUG] idx=0 -> nonce g=11904000
  [DEBUG] idx=1 -> nonce g=11904000
  [DEBUG] idx=2 -> nonce g=11904001
  [DEBUG] idx=3 -> nonce g=11904001
  [DEBUG] idx=63998 -> nonce g=11935999
  [DEBUG] idx=63999 -> nonce g=11935999
  [DEBUG] First 10 hash bucket IDs: 666582 752736 428566 894211 462945 1008275 508426 531073 970740 234572 
  [DEBUG] First hash bytes: a2 bd 6d 9a
Running GPU stages 1-7...
  Stage 1: 504 collisions in 491 buckets (max 3 per bucket)
  [DEBUG] First 5 non-empty buckets: bucket 0=1 colls, bucket 9=1 colls, bucket 18=1 colls, bucket 41=1 colls, bucket 69=1 colls, 
  [DEBUG] First collision attr=0x1b9d9f64 hash=005ced69
  Stage 2: 7 collisions
  [DEBUG] Stage 2 first 10 bucket_counts: 0 0 0 0 0 0 0 0 0 0 
  Stage 3: 0 collisions
  Stage 4: 0 collisions
  Stage 5: 0 collisions
  Stage 6: 0 collisions
  Stage 7: 0 solution candidates
GPU mining complete: 0.66 seconds

No solution candidates found (need more nonces)

═══ Batch 374/625: nonces 11936000-11967999 (32000 nonces) ═══

--- Mining batch: 32000 nonces (64000 hashes) starting at nonce 11936000 ---
  [DEBUG] idx=0 -> nonce g=11936000
  [DEBUG] idx=1 -> nonce g=11936000
  [DEBUG] idx=2 -> nonce g=11936001
  [DEBUG] idx=3 -> nonce g=11936001
  [DEBUG] idx=63998 -> nonce g=11967999
  [DEBUG] idx=63999 -> nonce g=11967999
  [DEBUG] First 10 hash bucket IDs: 520654 260028 988154 480525 553067 744144 235314 984703 742454 862857 
  [DEBUG] First hash bytes: 7f 1c e8 15
Running GPU stages 1-7...
  Stage 1: 494 collisions in 468 buckets (max 4 per bucket)
  [DEBUG] First 5 non-empty buckets: bucket 39=1 colls, bucket 90=1 colls, bucket 131=4 colls, bucket 150=1 colls, bucket 212=1 colls, 
  [DEBUG] First collision attr=0x00000000 hash=00000000
  Stage 2: 6 collisions
  [DEBUG] Stage 2 first 10 bucket_counts: 0 0 0 0 0 0 0 0 0 0 
  Stage 3: 0 collisions
  Stage 4: 0 collisions
  Stage 5: 0 collisions
  Stage 6: 0 collisions
  Stage 7: 0 solution candidates
GPU mining complete: 0.66 seconds

No solution candidates found (need more nonces)

═══ Batch 375/625: nonces 11968000-11999999 (32000 nonces) ═══

--- Mining batch: 32000 nonces (64000 hashes) starting at nonce 11968000 ---
  [DEBUG] idx=0 -> nonce g=11968000
  [DEBUG] idx=1 -> nonce g=11968000
  [DEBUG] idx=2 -> nonce g=11968001
  [DEBUG] idx=3 -> nonce g=11968001
  [DEBUG] idx=63998 -> nonce g=11999999
  [DEBUG] idx=63999 -> nonce g=11999999
  [DEBUG] First 10 hash bucket IDs: 974538 748126 23404 572104 929281 374703 104764 145394 683083 201117 
  [DEBUG] First hash bytes: ed ec a4 2a
Running GPU stages 1-7...
  Stage 1: 466 collisions in 457 buckets (max 3 per bucket)
  [DEBUG] First 5 non-empty buckets: bucket 10=1 colls, bucket 79=1 colls, bucket 94=1 colls, bucket 125=1 colls, bucket 146=1 colls, 
  [DEBUG] First collision attr=0x00000000 hash=00000000
  Stage 2: 9 collisions
  [DEBUG] Stage 2 first 10 bucket_counts: 0 0 0 0 0 0 0 0 0 0 
  Stage 3: 0 collisions
  Stage 4: 0 collisions
  Stage 5: 0 collisions
  Stage 6: 0 collisions
  Stage 7: 0 solution candidates
GPU mining complete: 0.66 seconds

No solution candidates found (need more nonces)

═══ Batch 376/625: nonces 12000000-12031999 (32000 nonces) ═══

--- Mining batch: 32000 nonces (64000 hashes) starting at nonce 12000000 ---
  [DEBUG] idx=0 -> nonce g=12000000
  [DEBUG] idx=1 -> nonce g=12000000
  [DEBUG] idx=2 -> nonce g=12000001
  [DEBUG] idx=3 -> nonce g=12000001
  [DEBUG] idx=63998 -> nonce g=12031999
  [DEBUG] idx=63999 -> nonce g=12031999
  [DEBUG] First 10 hash bucket IDs: 307796 230718 286572 62232 643018 901233 291066 745838 968942 608080 
  [DEBUG] First hash bytes: 4b 25 49 09
Running GPU stages 1-7...
  Stage 1: 507 collisions in 488 buckets (max 3 per bucket)
  [DEBUG] First 5 non-empty buckets: bucket 4=1 colls, bucket 10=1 colls, bucket 18=1 colls, bucket 80=1 colls, bucket 212=2 colls, 
  [DEBUG] First collision attr=0x00000000 hash=00000000
  Stage 2: 9 collisions
  [DEBUG] Stage 2 first 10 bucket_counts: 0 0 0 0 0 0 0 0 0 0 
  Stage 3: 0 collisions
  Stage 4: 0 collisions
  Stage 5: 0 collisions
  Stage 6: 0 collisions
  Stage 7: 0 solution candidates
GPU mining complete: 0.65 seconds

No solution candidates found (need more nonces)

═══ Batch 377/625: nonces 12032000-12063999 (32000 nonces) ═══

--- Mining batch: 32000 nonces (64000 hashes) starting at nonce 12032000 ---
  [DEBUG] idx=0 -> nonce g=12032000
  [DEBUG] idx=1 -> nonce g=12032000
  [DEBUG] idx=2 -> nonce g=12032001
  [DEBUG] idx=3 -> nonce g=12032001
  [DEBUG] idx=63998 -> nonce g=12063999
  [DEBUG] idx=63999 -> nonce g=12063999
  [DEBUG] First 10 hash bucket IDs: 350437 205363 545302 214329 799912 348259 900489 560744 889826 349099 
  [DEBUG] First hash bytes: 55 8e 5b 8b
Running GPU stages 1-7...
  Stage 1: 488 collisions in 480 buckets (max 3 per bucket)
  [DEBUG] First 5 non-empty buckets: bucket 107=1 colls, bucket 165=1 colls, bucket 188=1 colls, bucket 272=1 colls, bucket 300=1 colls, 
  [DEBUG] First collision attr=0x00000000 hash=00000000
  Stage 2: 5 collisions
  [DEBUG] Stage 2 first 10 bucket_counts: 0 0 0 0 0 0 0 0 0 0 
  Stage 3: 0 collisions
  Stage 4: 0 collisions
  Stage 5: 0 collisions
  Stage 6: 0 collisions
  Stage 7: 0 solution candidates
GPU mining complete: 0.65 seconds

No solution candidates found (need more nonces)

═══ Batch 378/625: nonces 12064000-12095999 (32000 nonces) ═══

--- Mining batch: 32000 nonces (64000 hashes) starting at nonce 12064000 ---
  [DEBUG] idx=0 -> nonce g=12064000
  [DEBUG] idx=1 -> nonce g=12064000
  [DEBUG] idx=2 -> nonce g=12064001
  [DEBUG] idx=3 -> nonce g=12064001
  [DEBUG] idx=63998 -> nonce g=12095999
  [DEBUG] idx=63999 -> nonce g=12095999
  [DEBUG] First 10 hash bucket IDs: 995129 961312 437505 788387 1013547 188198 222423 792767 409571 832923 
  [DEBUG] First hash bytes: f2 f3 9e 6c
Running GPU stages 1-7...
  Stage 1: 485 collisions in 469 buckets (max 3 per bucket)
  [DEBUG] First 5 non-empty buckets: bucket 2=1 colls, bucket 35=1 colls, bucket 81=1 colls, bucket 125=1 colls, bucket 128=1 colls, 
  [DEBUG] First collision attr=0x00000000 hash=00000000
  Stage 2: 8 collisions
  [DEBUG] Stage 2 first 10 bucket_counts: 0 0 0 0 0 0 0 0 0 0 
  Stage 3: 0 collisions
  Stage 4: 0 collisions
  Stage 5: 0 collisions
  Stage 6: 0 collisions
  Stage 7: 0 solution candidates
GPU mining complete: 0.65 seconds

No solution candidates found (need more nonces)

═══ Batch 379/625: nonces 12096000-12127999 (32000 nonces) ═══

--- Mining batch: 32000 nonces (64000 hashes) starting at nonce 12096000 ---
  [DEBUG] idx=0 -> nonce g=12096000
  [DEBUG] idx=1 -> nonce g=12096000
  [DEBUG] idx=2 -> nonce g=12096001
  [DEBUG] idx=3 -> nonce g=12096001
  [DEBUG] idx=63998 -> nonce g=12127999
  [DEBUG] idx=63999 -> nonce g=12127999
  [DEBUG] First 10 hash bucket IDs: 957334 803401 470251 16461 350240 392647 627792 288905 535265 586971 
  [DEBUG] First hash bytes: e9 b9 6c 55
Running GPU stages 1-7...
  Stage 1: 532 collisions in 519 buckets (max 3 per bucket)
  [DEBUG] First 5 non-empty buckets: bucket 101=1 colls, bucket 217=1 colls, bucket 279=1 colls, bucket 307=1 colls, bucket 329=1 colls, 
  [DEBUG] First collision attr=0x00000000 hash=00000000
  Stage 2: 6 collisions
  [DEBUG] Stage 2 first 10 bucket_counts: 0 0 0 0 0 0 0 0 0 0 
  Stage 3: 0 collisions
  Stage 4: 0 collisions
  Stage 5: 0 collisions
  Stage 6: 0 collisions
  Stage 7: 0 solution candidates
GPU mining complete: 0.66 seconds

No solution candidates found (need more nonces)

═══ Batch 380/625: nonces 12128000-12159999 (32000 nonces) ═══

--- Mining batch: 32000 nonces (64000 hashes) starting at nonce 12128000 ---
  [DEBUG] idx=0 -> nonce g=12128000
  [DEBUG] idx=1 -> nonce g=12128000
  [DEBUG] idx=2 -> nonce g=12128001
  [DEBUG] idx=3 -> nonce g=12128001
  [DEBUG] idx=63998 -> nonce g=12159999
  [DEBUG] idx=63999 -> nonce g=12159999
  [DEBUG] First 10 hash bucket IDs: 744644 891732 1028801 32090 350604 419186 951801 788500 335171 359524 
  [DEBUG] First hash bytes: b5 cc 40 52
Running GPU stages 1-7...
  Stage 1: 464 collisions in 457 buckets (max 3 per bucket)
  [DEBUG] First 5 non-empty buckets: bucket 13=1 colls, bucket 19=1 colls, bucket 141=1 colls, bucket 161=1 colls, bucket 171=1 colls, 
  [DEBUG] First collision attr=0x00000000 hash=00000000
  Stage 2: 9 collisions
  [DEBUG] Stage 2 first 10 bucket_counts: 0 0 0 0 0 0 0 0 0 0 
  Stage 3: 0 collisions
  Stage 4: 0 collisions
  Stage 5: 0 collisions
  Stage 6: 0 collisions
  Stage 7: 0 solution candidates
GPU mining complete: 0.65 seconds

No solution candidates found (need more nonces)

═══ Batch 381/625: nonces 12160000-12191999 (32000 nonces) ═══

--- Mining batch: 32000 nonces (64000 hashes) starting at nonce 12160000 ---
  [DEBUG] idx=0 -> nonce g=12160000
  [DEBUG] idx=1 -> nonce g=12160000
  [DEBUG] idx=2 -> nonce g=12160001
  [DEBUG] idx=3 -> nonce g=12160001
  [DEBUG] idx=63998 -> nonce g=12191999
  [DEBUG] idx=63999 -> nonce g=12191999
  [DEBUG] First 10 hash bucket IDs: 238499 561957 945895 396810 331041 232449 889744 745325 976804 508951 
  [DEBUG] First hash bytes: 3a 3a 3f 01
Running GPU stages 1-7...
  Stage 1: 511 collisions in 492 buckets (max 3 per bucket)
  [DEBUG] First 5 non-empty buckets: bucket 7=1 colls, bucket 124=1 colls, bucket 148=1 colls, bucket 187=1 colls, bucket 235=1 colls, 
  [DEBUG] First collision attr=0x00000000 hash=00000000
  Stage 2: 12 collisions
  [DEBUG] Stage 2 first 10 bucket_counts: 0 0 0 0 0 0 0 0 0 0 
  Stage 3: 0 collisions
  Stage 4: 0 collisions
  Stage 5: 0 collisions
  Stage 6: 0 collisions
  Stage 7: 0 solution candidates
GPU mining complete: 0.65 seconds

No solution candidates found (need more nonces)

═══ Batch 382/625: nonces 12192000-12223999 (32000 nonces) ═══

--- Mining batch: 32000 nonces (64000 hashes) starting at nonce 12192000 ---
  [DEBUG] idx=0 -> nonce g=12192000
  [DEBUG] idx=1 -> nonce g=12192000
  [DEBUG] idx=2 -> nonce g=12192001
  [DEBUG] idx=3 -> nonce g=12192001
  [DEBUG] idx=63998 -> nonce g=12223999
  [DEBUG] idx=63999 -> nonce g=12223999
  [DEBUG] First 10 hash bucket IDs: 183311 38201 537298 898223 316688 1016295 78227 782017 932079 517623 
  [DEBUG] First hash bytes: 2c c0 f0 7d
Running GPU stages 1-7...
  Stage 1: 503 collisions in 497 buckets (max 2 per bucket)
  [DEBUG] First 5 non-empty buckets: bucket 12=1 colls, bucket 13=1 colls, bucket 16=1 colls, bucket 22=1 colls, bucket 36=1 colls, 
  [DEBUG] First collision attr=0x00000000 hash=00000000
  Stage 2: 10 collisions
  [DEBUG] Stage 2 first 10 bucket_counts: 0 0 0 0 0 0 0 0 0 0 
  Stage 3: 0 collisions
  Stage 4: 0 collisions
  Stage 5: 0 collisions
  Stage 6: 0 collisions
  Stage 7: 0 solution candidates
GPU mining complete: 0.64 seconds

No solution candidates found (need more nonces)

═══ Batch 383/625: nonces 12224000-12255999 (32000 nonces) ═══

--- Mining batch: 32000 nonces (64000 hashes) starting at nonce 12224000 ---
  [DEBUG] idx=0 -> nonce g=12224000
  [DEBUG] idx=1 -> nonce g=12224000
  [DEBUG] idx=2 -> nonce g=12224001
  [DEBUG] idx=3 -> nonce g=12224001
  [DEBUG] idx=63998 -> nonce g=12255999
  [DEBUG] idx=63999 -> nonce g=12255999
  [DEBUG] First 10 hash bucket IDs: 391493 15038 414651 125634 650743 950238 666387 859712 354054 922761 
  [DEBUG] First hash bytes: 5f 94 5b cc
Running GPU stages 1-7...
  Stage 1: 533 collisions in 519 buckets (max 3 per bucket)
  [DEBUG] First 5 non-empty buckets: bucket 68=1 colls, bucket 128=1 colls, bucket 136=1 colls, bucket 159=1 colls, bucket 195=1 colls, 
  [DEBUG] First collision attr=0x00000000 hash=00000000
  Stage 2: 10 collisions
  [DEBUG] Stage 2 first 10 bucket_counts: 0 0 0 0 0 0 0 0 0 0 
  Stage 3: 0 collisions
  Stage 4: 0 collisions
  Stage 5: 0 collisions
  Stage 6: 0 collisions
  Stage 7: 0 solution candidates
GPU mining complete: 0.65 seconds

No solution candidates found (need more nonces)

═══ Batch 384/625: nonces 12256000-12287999 (32000 nonces) ═══

--- Mining batch: 32000 nonces (64000 hashes) starting at nonce 12256000 ---
  [DEBUG] idx=0 -> nonce g=12256000
  [DEBUG] idx=1 -> nonce g=12256000
  [DEBUG] idx=2 -> nonce g=12256001
  [DEBUG] idx=3 -> nonce g=12256001
  [DEBUG] idx=63998 -> nonce g=12287999
  [DEBUG] idx=63999 -> nonce g=12287999
  [DEBUG] First 10 hash bucket IDs: 357506 755776 1042708 674809 441900 516603 543845 259918 915471 344055 
  [DEBUG] First hash bytes: 57 48 29 7e
Running GPU stages 1-7...
  Stage 1: 485 collisions in 475 buckets (max 3 per bucket)
  [DEBUG] First 5 non-empty buckets: bucket 8=1 colls, bucket 50=1 colls, bucket 57=1 colls, bucket 66=1 colls, bucket 147=1 colls, 
  [DEBUG] First collision attr=0x00000000 hash=00000000
  Stage 2: 4 collisions
  [DEBUG] Stage 2 first 10 bucket_counts: 0 0 0 0 0 0 0 0 0 0 
  Stage 3: 0 collisions
  Stage 4: 0 collisions
  Stage 5: 0 collisions
  Stage 6: 0 collisions
  Stage 7: 0 solution candidates
GPU mining complete: 0.66 seconds

No solution candidates found (need more nonces)

═══ Batch 385/625: nonces 12288000-12319999 (32000 nonces) ═══

--- Mining batch: 32000 nonces (64000 hashes) starting at nonce 12288000 ---
  [DEBUG] idx=0 -> nonce g=12288000
  [DEBUG] idx=1 -> nonce g=12288000
  [DEBUG] idx=2 -> nonce g=12288001
  [DEBUG] idx=3 -> nonce g=12288001
  [DEBUG] idx=63998 -> nonce g=12319999
  [DEBUG] idx=63999 -> nonce g=12319999
  [DEBUG] First 10 hash bucket IDs: 971839 860341 668855 929662 119567 709988 134050 122316 775793 533203 
  [DEBUG] First hash bytes: ed 43 f6 1e
Running GPU stages 1-7...
  Stage 1: 541 collisions in 521 buckets (max 4 per bucket)
  [DEBUG] First 5 non-empty buckets: bucket 12=1 colls, bucket 22=2 colls, bucket 26=1 colls, bucket 28=1 colls, bucket 39=1 colls, 
  [DEBUG] First collision attr=0x00000000 hash=00000000
  Stage 2: 8 collisions
  [DEBUG] Stage 2 first 10 bucket_counts: 0 0 0 0 0 0 0 0 0 0 
  Stage 3: 0 collisions
  Stage 4: 0 collisions
  Stage 5: 0 collisions
  Stage 6: 0 collisions
  Stage 7: 0 solution candidates
GPU mining complete: 0.66 seconds

No solution candidates found (need more nonces)

═══ Batch 386/625: nonces 12320000-12351999 (32000 nonces) ═══

--- Mining batch: 32000 nonces (64000 hashes) starting at nonce 12320000 ---
  [DEBUG] idx=0 -> nonce g=12320000
  [DEBUG] idx=1 -> nonce g=12320000
  [DEBUG] idx=2 -> nonce g=12320001
  [DEBUG] idx=3 -> nonce g=12320001
  [DEBUG] idx=63998 -> nonce g=12351999
  [DEBUG] idx=63999 -> nonce g=12351999
  [DEBUG] First 10 hash bucket IDs: 361747 773671 747621 524690 43275 138772 903619 462070 299910 671453 
  [DEBUG] First hash bytes: 58 51 35 3f
Running GPU stages 1-7...
  Stage 1: 465 collisions in 461 buckets (max 2 per bucket)
  [DEBUG] First 5 non-empty buckets: bucket 20=1 colls, bucket 157=1 colls, bucket 193=1 colls, bucket 234=1 colls, bucket 241=1 colls, 
  [DEBUG] First collision attr=0x00000000 hash=00000000
  Stage 2: 9 collisions
  [DEBUG] Stage 2 first 10 bucket_counts: 0 0 0 0 0 0 0 0 0 0 
  Stage 3: 0 collisions
  Stage 4: 0 collisions
  Stage 5: 0 collisions
  Stage 6: 0 collisions
  Stage 7: 0 solution candidates
GPU mining complete: 0.66 seconds

No solution candidates found (need more nonces)

═══ Batch 387/625: nonces 12352000-12383999 (32000 nonces) ═══

--- Mining batch: 32000 nonces (64000 hashes) starting at nonce 12352000 ---
  [DEBUG] idx=0 -> nonce g=12352000
  [DEBUG] idx=1 -> nonce g=12352000
  [DEBUG] idx=2 -> nonce g=12352001
  [DEBUG] idx=3 -> nonce g=12352001
  [DEBUG] idx=63998 -> nonce g=12383999
  [DEBUG] idx=63999 -> nonce g=12383999
  [DEBUG] First 10 hash bucket IDs: 626721 263367 484305 1028501 182002 119250 739787 992838 871744 800379 
  [DEBUG] First hash bytes: 99 02 16 89
Running GPU stages 1-7...
  Stage 1: 446 collisions in 437 buckets (max 3 per bucket)
  [DEBUG] First 5 non-empty buckets: bucket 22=1 colls, bucket 82=1 colls, bucket 183=1 colls, bucket 203=1 colls, bucket 301=1 colls, 
  [DEBUG] First collision attr=0x00000000 hash=00000000
  Stage 2: 3 collisions
  [DEBUG] Stage 2 first 10 bucket_counts: 0 0 0 0 0 0 0 0 0 0 
  Stage 3: 0 collisions
  Stage 4: 0 collisions
  Stage 5: 0 collisions
  Stage 6: 0 collisions
  Stage 7: 0 solution candidates
GPU mining complete: 0.66 seconds

No solution candidates found (need more nonces)

═══ Batch 388/625: nonces 12384000-12415999 (32000 nonces) ═══

--- Mining batch: 32000 nonces (64000 hashes) starting at nonce 12384000 ---
  [DEBUG] idx=0 -> nonce g=12384000
  [DEBUG] idx=1 -> nonce g=12384000
  [DEBUG] idx=2 -> nonce g=12384001
  [DEBUG] idx=3 -> nonce g=12384001
  [DEBUG] idx=63998 -> nonce g=12415999
  [DEBUG] idx=63999 -> nonce g=12415999
  [DEBUG] First 10 hash bucket IDs: 628784 480052 36077 982522 767702 157210 1023909 80796 338271 651396 
  [DEBUG] First hash bytes: 99 83 02 ae
Running GPU stages 1-7...
  Stage 1: 458 collisions in 451 buckets (max 3 per bucket)
  [DEBUG] First 5 non-empty buckets: bucket 117=1 colls, bucket 133=1 colls, bucket 141=1 colls, bucket 164=1 colls, bucket 167=1 colls, 
  [DEBUG] First collision attr=0x00000000 hash=00000000
  Stage 2: 10 collisions
  [DEBUG] Stage 2 first 10 bucket_counts: 0 0 0 0 0 0 0 0 0 0 
  Stage 3: 0 collisions
  Stage 4: 0 collisions
  Stage 5: 0 collisions
  Stage 6: 0 collisions
  Stage 7: 0 solution candidates
GPU mining complete: 0.66 seconds

No solution candidates found (need more nonces)

═══ Batch 389/625: nonces 12416000-12447999 (32000 nonces) ═══

--- Mining batch: 32000 nonces (64000 hashes) starting at nonce 12416000 ---
  [DEBUG] idx=0 -> nonce g=12416000
  [DEBUG] idx=1 -> nonce g=12416000
  [DEBUG] idx=2 -> nonce g=12416001
  [DEBUG] idx=3 -> nonce g=12416001
  [DEBUG] idx=63998 -> nonce g=12447999
  [DEBUG] idx=63999 -> nonce g=12447999
  [DEBUG] First 10 hash bucket IDs: 770137 646398 599073 507852 266664 1031997 399764 679154 1037429 380259 
  [DEBUG] First hash bytes: bc 05 94 74
Running GPU stages 1-7...
  Stage 1: 490 collisions in 483 buckets (max 2 per bucket)
  [DEBUG] First 5 non-empty buckets: bucket 10=1 colls, bucket 99=1 colls, bucket 109=1 colls, bucket 118=1 colls, bucket 139=1 colls, 
  [DEBUG] First collision attr=0x00000000 hash=00000000
  Stage 2: 7 collisions
  [DEBUG] Stage 2 first 10 bucket_counts: 0 0 0 0 0 0 0 0 0 0 
  Stage 3: 0 collisions
  Stage 4: 0 collisions
  Stage 5: 0 collisions
  Stage 6: 0 collisions
  Stage 7: 0 solution candidates
GPU mining complete: 0.68 seconds

No solution candidates found (need more nonces)

═══ Batch 390/625: nonces 12448000-12479999 (32000 nonces) ═══

--- Mining batch: 32000 nonces (64000 hashes) starting at nonce 12448000 ---
  [DEBUG] idx=0 -> nonce g=12448000
  [DEBUG] idx=1 -> nonce g=12448000
  [DEBUG] idx=2 -> nonce g=12448001
  [DEBUG] idx=3 -> nonce g=12448001
  [DEBUG] idx=63998 -> nonce g=12479999
  [DEBUG] idx=63999 -> nonce g=12479999
  [DEBUG] First 10 hash bucket IDs: 269225 44151 63223 161975 205337 262489 90651 620996 345768 132453 
  [DEBUG] First hash bytes: 41 ba 9b 62
Running GPU stages 1-7...
  Stage 1: 472 collisions in 465 buckets (max 3 per bucket)
  [DEBUG] First 5 non-empty buckets: bucket 31=1 colls, bucket 56=1 colls, bucket 63=1 colls, bucket 97=1 colls, bucket 183=1 colls, 
  [DEBUG] First collision attr=0x00000000 hash=00000000
  Stage 2: 8 collisions
  [DEBUG] Stage 2 first 10 bucket_counts: 0 0 0 0 0 0 0 0 0 0 
  Stage 3: 0 collisions
  Stage 4: 0 collisions
  Stage 5: 0 collisions
  Stage 6: 0 collisions
  Stage 7: 0 solution candidates
GPU mining complete: 0.66 seconds

No solution candidates found (need more nonces)

═══ Batch 391/625: nonces 12480000-12511999 (32000 nonces) ═══

--- Mining batch: 32000 nonces (64000 hashes) starting at nonce 12480000 ---
  [DEBUG] idx=0 -> nonce g=12480000
  [DEBUG] idx=1 -> nonce g=12480000
  [DEBUG] idx=2 -> nonce g=12480001
  [DEBUG] idx=3 -> nonce g=12480001
  [DEBUG] idx=63998 -> nonce g=12511999
  [DEBUG] idx=63999 -> nonce g=12511999
  [DEBUG] First 10 hash bucket IDs: 1012888 835169 306294 807343 1024082 691066 937298 769069 395792 148204 
  [DEBUG] First hash bytes: f7 49 83 58
Running GPU stages 1-7...
  Stage 1: 477 collisions in 470 buckets (max 2 per bucket)
  [DEBUG] First 5 non-empty buckets: bucket 112=1 colls, bucket 129=1 colls, bucket 165=1 colls, bucket 213=1 colls, bucket 243=1 colls, 
  [DEBUG] First collision attr=0x00000000 hash=00000000
  Stage 2: 5 collisions
  [DEBUG] Stage 2 first 10 bucket_counts: 0 0 0 0 0 0 0 0 0 0 
  Stage 3: 0 collisions
  Stage 4: 0 collisions
  Stage 5: 0 collisions
  Stage 6: 0 collisions
  Stage 7: 0 solution candidates
GPU mining complete: 0.66 seconds

No solution candidates found (need more nonces)

═══ Batch 392/625: nonces 12512000-12543999 (32000 nonces) ═══

--- Mining batch: 32000 nonces (64000 hashes) starting at nonce 12512000 ---
  [DEBUG] idx=0 -> nonce g=12512000
  [DEBUG] idx=1 -> nonce g=12512000
  [DEBUG] idx=2 -> nonce g=12512001
  [DEBUG] idx=3 -> nonce g=12512001
  [DEBUG] idx=63998 -> nonce g=12543999
  [DEBUG] idx=63999 -> nonce g=12543999
  [DEBUG] First 10 hash bucket IDs: 492487 319107 613986 673825 6882 191291 110809 572043 630389 890537 
  [DEBUG] First hash bytes: 78 3c 71 73
Running GPU stages 1-7...
  Stage 1: 491 collisions in 479 buckets (max 3 per bucket)
  [DEBUG] First 5 non-empty buckets: bucket 2=1 colls, bucket 27=1 colls, bucket 39=1 colls, bucket 82=1 colls, bucket 122=1 colls, 
  [DEBUG] First collision attr=0x00000000 hash=00000000
  Stage 2: 5 collisions
  [DEBUG] Stage 2 first 10 bucket_counts: 0 0 0 0 0 0 0 0 0 0 
  Stage 3: 0 collisions
  Stage 4: 0 collisions
  Stage 5: 0 collisions
  Stage 6: 0 collisions
  Stage 7: 0 solution candidates
GPU mining complete: 0.68 seconds

No solution candidates found (need more nonces)

═══ Batch 393/625: nonces 12544000-12575999 (32000 nonces) ═══

--- Mining batch: 32000 nonces (64000 hashes) starting at nonce 12544000 ---
  [DEBUG] idx=0 -> nonce g=12544000
  [DEBUG] idx=1 -> nonce g=12544000
  [DEBUG] idx=2 -> nonce g=12544001
  [DEBUG] idx=3 -> nonce g=12544001
  [DEBUG] idx=63998 -> nonce g=12575999
  [DEBUG] idx=63999 -> nonce g=12575999
  [DEBUG] First 10 hash bucket IDs: 852423 431103 524707 770427 554728 627738 99840 463067 994230 422046 
  [DEBUG] First hash bytes: d0 1c 7b 43
Running GPU stages 1-7...
  Stage 1: 480 collisions in 475 buckets (max 2 per bucket)
  [DEBUG] First 5 non-empty buckets: bucket 60=1 colls, bucket 82=1 colls, bucket 154=1 colls, bucket 155=1 colls, bucket 162=1 colls, 
  [DEBUG] First collision attr=0x00000000 hash=00000000
  Stage 2: 8 collisions
  [DEBUG] Stage 2 first 10 bucket_counts: 0 0 0 0 0 0 0 0 0 0 
  Stage 3: 0 collisions
  Stage 4: 0 collisions
  Stage 5: 0 collisions
  Stage 6: 0 collisions
  Stage 7: 0 solution candidates
GPU mining complete: 0.65 seconds

No solution candidates found (need more nonces)

═══ Batch 394/625: nonces 12576000-12607999 (32000 nonces) ═══

--- Mining batch: 32000 nonces (64000 hashes) starting at nonce 12576000 ---
  [DEBUG] idx=0 -> nonce g=12576000
  [DEBUG] idx=1 -> nonce g=12576000
  [DEBUG] idx=2 -> nonce g=12576001
  [DEBUG] idx=3 -> nonce g=12576001
  [DEBUG] idx=63998 -> nonce g=12607999
  [DEBUG] idx=63999 -> nonce g=12607999
  [DEBUG] First 10 hash bucket IDs: 723922 321395 929535 372307 707000 120679 702870 766890 478039 929196 
  [DEBUG] First hash bytes: b0 bd 21 f1
Running GPU stages 1-7...
  Stage 1: 445 collisions in 437 buckets (max 2 per bucket)
  [DEBUG] First 5 non-empty buckets: bucket 91=1 colls, bucket 92=1 colls, bucket 104=1 colls, bucket 191=1 colls, bucket 197=1 colls, 
  [DEBUG] First collision attr=0x00000000 hash=00000000
  Stage 2: 5 collisions
  [DEBUG] Stage 2 first 10 bucket_counts: 0 0 0 0 0 0 0 0 0 0 
  Stage 3: 0 collisions
  Stage 4: 0 collisions
  Stage 5: 0 collisions
  Stage 6: 0 collisions
  Stage 7: 0 solution candidates
GPU mining complete: 0.65 seconds

No solution candidates found (need more nonces)

═══ Batch 395/625: nonces 12608000-12639999 (32000 nonces) ═══

--- Mining batch: 32000 nonces (64000 hashes) starting at nonce 12608000 ---
  [DEBUG] idx=0 -> nonce g=12608000
  [DEBUG] idx=1 -> nonce g=12608000
  [DEBUG] idx=2 -> nonce g=12608001
  [DEBUG] idx=3 -> nonce g=12608001
  [DEBUG] idx=63998 -> nonce g=12639999
  [DEBUG] idx=63999 -> nonce g=12639999
  [DEBUG] First 10 hash bucket IDs: 61746 536141 745639 353624 544389 1003390 909740 415945 226578 25279 
  [DEBUG] First hash bytes: 0f 13 2e 61
Running GPU stages 1-7...
  Stage 1: 505 collisions in 492 buckets (max 3 per bucket)
  [DEBUG] First 5 non-empty buckets: bucket 42=1 colls, bucket 62=1 colls, bucket 88=1 colls, bucket 95=1 colls, bucket 124=1 colls, 
  [DEBUG] First collision attr=0x00000000 hash=00000000
  Stage 2: 10 collisions
  [DEBUG] Stage 2 first 10 bucket_counts: 0 0 0 0 0 0 0 0 0 0 
  Stage 3: 0 collisions
  Stage 4: 0 collisions
  Stage 5: 0 collisions
  Stage 6: 0 collisions
  Stage 7: 0 solution candidates
GPU mining complete: 0.65 seconds

No solution candidates found (need more nonces)

═══ Batch 396/625: nonces 12640000-12671999 (32000 nonces) ═══

--- Mining batch: 32000 nonces (64000 hashes) starting at nonce 12640000 ---
  [DEBUG] idx=0 -> nonce g=12640000
  [DEBUG] idx=1 -> nonce g=12640000
  [DEBUG] idx=2 -> nonce g=12640001
  [DEBUG] idx=3 -> nonce g=12640001
  [DEBUG] idx=63998 -> nonce g=12671999
  [DEBUG] idx=63999 -> nonce g=12671999
  [DEBUG] First 10 hash bucket IDs: 793291 461808 143721 630686 332753 742034 288566 905567 928462 853033 
  [DEBUG] First hash bytes: c1 ac bd c3
Running GPU stages 1-7...
  Stage 1: 475 collisions in 465 buckets (max 3 per bucket)
  [DEBUG] First 5 non-empty buckets: bucket 8=1 colls, bucket 32=1 colls, bucket 34=1 colls, bucket 97=1 colls, bucket 108=1 colls, 
  [DEBUG] First collision attr=0x00000000 hash=00000000
  Stage 2: 8 collisions
  [DEBUG] Stage 2 first 10 bucket_counts: 0 0 0 0 0 0 0 0 0 0 
  Stage 3: 0 collisions
  Stage 4: 0 collisions
  Stage 5: 0 collisions
  Stage 6: 0 collisions
  Stage 7: 0 solution candidates
GPU mining complete: 0.65 seconds

No solution candidates found (need more nonces)

═══ Batch 397/625: nonces 12672000-12703999 (32000 nonces) ═══

--- Mining batch: 32000 nonces (64000 hashes) starting at nonce 12672000 ---
  [DEBUG] idx=0 -> nonce g=12672000
  [DEBUG] idx=1 -> nonce g=12672000
  [DEBUG] idx=2 -> nonce g=12672001
  [DEBUG] idx=3 -> nonce g=12672001
  [DEBUG] idx=63998 -> nonce g=12703999
  [DEBUG] idx=63999 -> nonce g=12703999
  [DEBUG] First 10 hash bucket IDs: 321613 762114 265881 247598 1001483 432116 832947 269063 52349 648551 
  [DEBUG] First hash bytes: 4e 84 d6 ed
Running GPU stages 1-7...
  Stage 1: 499 collisions in 484 buckets (max 3 per bucket)
  [DEBUG] First 5 non-empty buckets: bucket 25=1 colls, bucket 34=1 colls, bucket 71=1 colls, bucket 124=1 colls, bucket 152=1 colls, 
  [DEBUG] First collision attr=0x00000000 hash=00000000
  Stage 2: 4 collisions
  [DEBUG] Stage 2 first 10 bucket_counts: 0 0 0 0 0 0 0 0 0 0 
  Stage 3: 0 collisions
  Stage 4: 0 collisions
  Stage 5: 0 collisions
  Stage 6: 0 collisions
  Stage 7: 0 solution candidates
GPU mining complete: 0.65 seconds

No solution candidates found (need more nonces)

═══ Batch 398/625: nonces 12704000-12735999 (32000 nonces) ═══

--- Mining batch: 32000 nonces (64000 hashes) starting at nonce 12704000 ---
  [DEBUG] idx=0 -> nonce g=12704000
  [DEBUG] idx=1 -> nonce g=12704000
  [DEBUG] idx=2 -> nonce g=12704001
  [DEBUG] idx=3 -> nonce g=12704001
  [DEBUG] idx=63998 -> nonce g=12735999
  [DEBUG] idx=63999 -> nonce g=12735999
  [DEBUG] First 10 hash bucket IDs: 389157 495587 532157 989281 126565 475417 99960 75190 938400 46988 
  [DEBUG] First hash bytes: 5f 02 5e 31
Running GPU stages 1-7...
  Stage 1: 510 collisions in 494 buckets (max 6 per bucket)
  [DEBUG] First 5 non-empty buckets: bucket 4=1 colls, bucket 12=1 colls, bucket 24=1 colls, bucket 30=1 colls, bucket 35=1 colls, 
  [DEBUG] First collision attr=0x00000000 hash=00000000
  Stage 2: 10 collisions
  [DEBUG] Stage 2 first 10 bucket_counts: 0 0 0 0 0 0 0 0 0 0 
  Stage 3: 0 collisions
  Stage 4: 0 collisions
  Stage 5: 0 collisions
  Stage 6: 0 collisions
  Stage 7: 0 solution candidates
GPU mining complete: 0.65 seconds

No solution candidates found (need more nonces)

═══ Batch 399/625: nonces 12736000-12767999 (32000 nonces) ═══

--- Mining batch: 32000 nonces (64000 hashes) starting at nonce 12736000 ---
  [DEBUG] idx=0 -> nonce g=12736000
  [DEBUG] idx=1 -> nonce g=12736000
  [DEBUG] idx=2 -> nonce g=12736001
  [DEBUG] idx=3 -> nonce g=12736001
  [DEBUG] idx=63998 -> nonce g=12767999
  [DEBUG] idx=63999 -> nonce g=12767999
  [DEBUG] First 10 hash bucket IDs: 677235 541759 547506 870933 404494 916762 895537 469003 77249 311853 
  [DEBUG] First hash bytes: a5 57 33 3d
Running GPU stages 1-7...
  Stage 1: 481 collisions in 475 buckets (max 3 per bucket)
  [DEBUG] First 5 non-empty buckets: bucket 54=1 colls, bucket 58=1 colls, bucket 183=1 colls, bucket 199=1 colls, bucket 213=1 colls, 
  [DEBUG] First collision attr=0x00000000 hash=00000000
  Stage 2: 9 collisions
  [DEBUG] Stage 2 first 10 bucket_counts: 0 0 0 0 0 0 0 0 0 0 
  Stage 3: 0 collisions
  Stage 4: 0 collisions
  Stage 5: 0 collisions
  Stage 6: 0 collisions
  Stage 7: 0 solution candidates
GPU mining complete: 0.65 seconds

No solution candidates found (need more nonces)

═══ Batch 400/625: nonces 12768000-12799999 (32000 nonces) ═══

--- Mining batch: 32000 nonces (64000 hashes) starting at nonce 12768000 ---
  [DEBUG] idx=0 -> nonce g=12768000
  [DEBUG] idx=1 -> nonce g=12768000
  [DEBUG] idx=2 -> nonce g=12768001
  [DEBUG] idx=3 -> nonce g=12768001
  [DEBUG] idx=63998 -> nonce g=12799999
  [DEBUG] idx=63999 -> nonce g=12799999
  [DEBUG] First 10 hash bucket IDs: 585489 110247 41693 259742 557897 971785 72478 631294 162110 72188 
  [DEBUG] First hash bytes: 8e f1 11 82
Running GPU stages 1-7...
  Stage 1: 502 collisions in 490 buckets (max 3 per bucket)
  [DEBUG] First 5 non-empty buckets: bucket 38=1 colls, bucket 48=1 colls, bucket 81=1 colls, bucket 88=1 colls, bucket 93=1 colls, 
  [DEBUG] First collision attr=0x00000000 hash=00000000
  Stage 2: 11 collisions
  [DEBUG] Stage 2 first 10 bucket_counts: 0 0 0 0 0 0 0 0 0 0 
  Stage 3: 0 collisions
  Stage 4: 0 collisions
  Stage 5: 0 collisions
  Stage 6: 0 collisions
  Stage 7: 0 solution candidates
GPU mining complete: 0.65 seconds

No solution candidates found (need more nonces)

═══ Batch 401/625: nonces 12800000-12831999 (32000 nonces) ═══

--- Mining batch: 32000 nonces (64000 hashes) starting at nonce 12800000 ---
  [DEBUG] idx=0 -> nonce g=12800000
  [DEBUG] idx=1 -> nonce g=12800000
  [DEBUG] idx=2 -> nonce g=12800001
  [DEBUG] idx=3 -> nonce g=12800001
  [DEBUG] idx=63998 -> nonce g=12831999
  [DEBUG] idx=63999 -> nonce g=12831999
  [DEBUG] First 10 hash bucket IDs: 160376 538684 588242 599801 356819 687734 1032570 943128 893486 307530 
  [DEBUG] First hash bytes: 27 27 82 f9
Running GPU stages 1-7...
  Stage 1: 490 collisions in 477 buckets (max 3 per bucket)
  [DEBUG] First 5 non-empty buckets: bucket 30=1 colls, bucket 39=1 colls, bucket 171=1 colls, bucket 196=1 colls, bucket 200=1 colls, 
  [DEBUG] First collision attr=0x00000000 hash=00000000
  Stage 2: 7 collisions
  [DEBUG] Stage 2 first 10 bucket_counts: 0 0 0 0 0 0 0 0 0 0 
  Stage 3: 0 collisions
  Stage 4: 0 collisions
  Stage 5: 0 collisions
  Stage 6: 0 collisions
  Stage 7: 0 solution candidates
GPU mining complete: 0.65 seconds

No solution candidates found (need more nonces)

═══ Batch 402/625: nonces 12832000-12863999 (32000 nonces) ═══

--- Mining batch: 32000 nonces (64000 hashes) starting at nonce 12832000 ---
  [DEBUG] idx=0 -> nonce g=12832000
  [DEBUG] idx=1 -> nonce g=12832000
  [DEBUG] idx=2 -> nonce g=12832001
  [DEBUG] idx=3 -> nonce g=12832001
  [DEBUG] idx=63998 -> nonce g=12863999
  [DEBUG] idx=63999 -> nonce g=12863999
  [DEBUG] First 10 hash bucket IDs: 973200 970098 96003 346281 895489 850906 872609 404294 275243 309950 
  [DEBUG] First hash bytes: ed 99 03 ad
Running GPU stages 1-7...
  Stage 1: 484 collisions in 479 buckets (max 3 per bucket)
  [DEBUG] First 5 non-empty buckets: bucket 40=1 colls, bucket 51=1 colls, bucket 69=1 colls, bucket 123=1 colls, bucket 136=1 colls, 
  [DEBUG] First collision attr=0x00000000 hash=00000000
  Stage 2: 1 collisions
  [DEBUG] Stage 2 first 10 bucket_counts: 0 0 0 0 0 0 0 0 0 0 
  Stage 3: 0 collisions
  Stage 4: 0 collisions
  Stage 5: 0 collisions
  Stage 6: 0 collisions
  Stage 7: 0 solution candidates
GPU mining complete: 0.66 seconds

No solution candidates found (need more nonces)

═══ Batch 403/625: nonces 12864000-12895999 (32000 nonces) ═══

--- Mining batch: 32000 nonces (64000 hashes) starting at nonce 12864000 ---
  [DEBUG] idx=0 -> nonce g=12864000
  [DEBUG] idx=1 -> nonce g=12864000
  [DEBUG] idx=2 -> nonce g=12864001
  [DEBUG] idx=3 -> nonce g=12864001
  [DEBUG] idx=63998 -> nonce g=12895999
  [DEBUG] idx=63999 -> nonce g=12895999
  [DEBUG] First 10 hash bucket IDs: 612255 593687 845956 296069 696909 88406 216849 674279 197174 427772 
  [DEBUG] First hash bytes: 95 79 fc 35
Running GPU stages 1-7...
  Stage 1: 454 collisions in 441 buckets (max 3 per bucket)
  [DEBUG] First 5 non-empty buckets: bucket 93=1 colls, bucket 143=1 colls, bucket 146=1 colls, bucket 157=1 colls, bucket 220=1 colls, 
  [DEBUG] First collision attr=0x00000000 hash=00000000
  Stage 2: 8 collisions
  [DEBUG] Stage 2 first 10 bucket_counts: 0 0 0 0 0 0 0 0 0 0 
  Stage 3: 0 collisions
  Stage 4: 0 collisions
  Stage 5: 0 collisions
  Stage 6: 0 collisions
  Stage 7: 0 solution candidates
GPU mining complete: 0.65 seconds

No solution candidates found (need more nonces)

═══ Batch 404/625: nonces 12896000-12927999 (32000 nonces) ═══

--- Mining batch: 32000 nonces (64000 hashes) starting at nonce 12896000 ---
  [DEBUG] idx=0 -> nonce g=12896000
  [DEBUG] idx=1 -> nonce g=12896000
  [DEBUG] idx=2 -> nonce g=12896001
  [DEBUG] idx=3 -> nonce g=12896001
  [DEBUG] idx=63998 -> nonce g=12927999
  [DEBUG] idx=63999 -> nonce g=12927999
  [DEBUG] First 10 hash bucket IDs: 322013 631084 799831 64787 445663 774245 178403 181608 685627 767252 
  [DEBUG] First hash bytes: 4e 9d d5 2c
Running GPU stages 1-7...
  Stage 1: 476 collisions in 464 buckets (max 3 per bucket)
  [DEBUG] First 5 non-empty buckets: bucket 1=1 colls, bucket 18=1 colls, bucket 36=1 colls, bucket 85=1 colls, bucket 91=1 colls, 
  [DEBUG] First collision attr=0x00000000 hash=00000000
  Stage 2: 9 collisions
  [DEBUG] Stage 2 first 10 bucket_counts: 0 0 0 0 0 0 0 0 0 0 
  Stage 3: 0 collisions
  Stage 4: 0 collisions
  Stage 5: 0 collisions
  Stage 6: 0 collisions
  Stage 7: 0 solution candidates
GPU mining complete: 0.62 seconds

No solution candidates found (need more nonces)

═══ Batch 405/625: nonces 12928000-12959999 (32000 nonces) ═══

--- Mining batch: 32000 nonces (64000 hashes) starting at nonce 12928000 ---
  [DEBUG] idx=0 -> nonce g=12928000
  [DEBUG] idx=1 -> nonce g=12928000
  [DEBUG] idx=2 -> nonce g=12928001
  [DEBUG] idx=3 -> nonce g=12928001
  [DEBUG] idx=63998 -> nonce g=12959999
  [DEBUG] idx=63999 -> nonce g=12959999
  [DEBUG] First 10 hash bucket IDs: 842484 253035 50111 217862 236668 476936 888839 1016144 666783 892584 
  [DEBUG] First hash bytes: cd af 46 2f
Running GPU stages 1-7...
  Stage 1: 521 collisions in 501 buckets (max 3 per bucket)
  [DEBUG] First 5 non-empty buckets: bucket 3=1 colls, bucket 91=1 colls, bucket 143=1 colls, bucket 151=1 colls, bucket 250=1 colls, 
  [DEBUG] First collision attr=0x00000000 hash=00000000
  Stage 2: 11 collisions
  [DEBUG] Stage 2 first 10 bucket_counts: 0 0 0 0 0 0 0 0 0 0 
  Stage 3: 0 collisions
  Stage 4: 0 collisions
  Stage 5: 0 collisions
  Stage 6: 0 collisions
  Stage 7: 0 solution candidates
GPU mining complete: 0.68 seconds

No solution candidates found (need more nonces)

═══ Batch 406/625: nonces 12960000-12991999 (32000 nonces) ═══

--- Mining batch: 32000 nonces (64000 hashes) starting at nonce 12960000 ---
  [DEBUG] idx=0 -> nonce g=12960000
  [DEBUG] idx=1 -> nonce g=12960000
  [DEBUG] idx=2 -> nonce g=12960001
  [DEBUG] idx=3 -> nonce g=12960001
  [DEBUG] idx=63998 -> nonce g=12991999
  [DEBUG] idx=63999 -> nonce g=12991999
  [DEBUG] First 10 hash bucket IDs: 345022 374844 948932 962190 997022 841026 813346 669259 521223 434502 
  [DEBUG] First hash bytes: 54 3b e0 36
Running GPU stages 1-7...
  Stage 1: 510 collisions in 500 buckets (max 3 per bucket)
  [DEBUG] First 5 non-empty buckets: bucket 6=1 colls, bucket 28=1 colls, bucket 31=1 colls, bucket 33=1 colls, bucket 36=1 colls, 
  [DEBUG] First collision attr=0x00000000 hash=00000000
  Stage 2: 7 collisions
  [DEBUG] Stage 2 first 10 bucket_counts: 0 0 0 0 0 0 0 0 0 0 
  Stage 3: 0 collisions
  Stage 4: 0 collisions
  Stage 5: 0 collisions
  Stage 6: 0 collisions
  Stage 7: 0 solution candidates
GPU mining complete: 0.66 seconds

No solution candidates found (need more nonces)

═══ Batch 407/625: nonces 12992000-13023999 (32000 nonces) ═══

--- Mining batch: 32000 nonces (64000 hashes) starting at nonce 12992000 ---
  [DEBUG] idx=0 -> nonce g=12992000
  [DEBUG] idx=1 -> nonce g=12992000
  [DEBUG] idx=2 -> nonce g=12992001
  [DEBUG] idx=3 -> nonce g=12992001
  [DEBUG] idx=63998 -> nonce g=13023999
  [DEBUG] idx=63999 -> nonce g=13023999
  [DEBUG] First 10 hash bucket IDs: 512746 615440 805339 611832 619147 99871 405617 220403 48519 230640 
  [DEBUG] First hash bytes: 7d 2e a3 2e
Running GPU stages 1-7...
  Stage 1: 492 collisions in 476 buckets (max 3 per bucket)
  [DEBUG] First 5 non-empty buckets: bucket 34=1 colls, bucket 90=1 colls, bucket 95=1 colls, bucket 191=1 colls, bucket 225=2 colls, 
  [DEBUG] First collision attr=0x00000000 hash=00000000
  Stage 2: 3 collisions
  [DEBUG] Stage 2 first 10 bucket_counts: 0 0 0 0 0 0 0 0 0 0 
  Stage 3: 0 collisions
  Stage 4: 0 collisions
  Stage 5: 0 collisions
  Stage 6: 0 collisions
  Stage 7: 0 solution candidates
GPU mining complete: 0.66 seconds

No solution candidates found (need more nonces)

═══ Batch 408/625: nonces 13024000-13055999 (32000 nonces) ═══

--- Mining batch: 32000 nonces (64000 hashes) starting at nonce 13024000 ---
  [DEBUG] idx=0 -> nonce g=13024000
  [DEBUG] idx=1 -> nonce g=13024000
  [DEBUG] idx=2 -> nonce g=13024001
  [DEBUG] idx=3 -> nonce g=13024001
  [DEBUG] idx=63998 -> nonce g=13055999
  [DEBUG] idx=63999 -> nonce g=13055999
  [DEBUG] First 10 hash bucket IDs: 738428 782993 888174 304053 696277 507204 89612 188689 828642 979204 
  [DEBUG] First hash bytes: b4 47 cf 74
Running GPU stages 1-7...
  Stage 1: 498 collisions in 488 buckets (max 3 per bucket)
  [DEBUG] First 5 non-empty buckets: bucket 113=1 colls, bucket 200=1 colls, bucket 234=1 colls, bucket 242=1 colls, bucket 252=1 colls, 
  [DEBUG] First collision attr=0x00000000 hash=00000000
  Stage 2: 7 collisions
  [DEBUG] Stage 2 first 10 bucket_counts: 0 0 0 0 0 0 0 0 0 0 
  Stage 3: 0 collisions
  Stage 4: 0 collisions
  Stage 5: 0 collisions
  Stage 6: 0 collisions
  Stage 7: 0 solution candidates
GPU mining complete: 0.71 seconds

No solution candidates found (need more nonces)

═══ Batch 409/625: nonces 13056000-13087999 (32000 nonces) ═══

--- Mining batch: 32000 nonces (64000 hashes) starting at nonce 13056000 ---
  [DEBUG] idx=0 -> nonce g=13056000
  [DEBUG] idx=1 -> nonce g=13056000
  [DEBUG] idx=2 -> nonce g=13056001
  [DEBUG] idx=3 -> nonce g=13056001
  [DEBUG] idx=63998 -> nonce g=13087999
  [DEBUG] idx=63999 -> nonce g=13087999
  [DEBUG] First 10 hash bucket IDs: 546311 792376 125569 645420 225742 848521 545551 171953 599088 626086 
  [DEBUG] First hash bytes: 85 60 75 eb
Running GPU stages 1-7...
  Stage 1: 508 collisions in 489 buckets (max 4 per bucket)
  [DEBUG] First 5 non-empty buckets: bucket 40=1 colls, bucket 90=2 colls, bucket 121=1 colls, bucket 180=1 colls, bucket 186=1 colls, 
  [DEBUG] First collision attr=0x00000000 hash=00000000
  Stage 2: 9 collisions
  [DEBUG] Stage 2 first 10 bucket_counts: 0 0 0 0 0 0 0 0 0 0 
  Stage 3: 0 collisions
  Stage 4: 0 collisions
  Stage 5: 0 collisions
  Stage 6: 0 collisions
  Stage 7: 0 solution candidates
GPU mining complete: 0.66 seconds

No solution candidates found (need more nonces)

═══ Batch 410/625: nonces 13088000-13119999 (32000 nonces) ═══

--- Mining batch: 32000 nonces (64000 hashes) starting at nonce 13088000 ---
  [DEBUG] idx=0 -> nonce g=13088000
  [DEBUG] idx=1 -> nonce g=13088000
  [DEBUG] idx=2 -> nonce g=13088001
  [DEBUG] idx=3 -> nonce g=13088001
  [DEBUG] idx=63998 -> nonce g=13119999
  [DEBUG] idx=63999 -> nonce g=13119999
  [DEBUG] First 10 hash bucket IDs: 933469 788137 709580 278860 713321 463475 828096 481223 20566 184753 
  [DEBUG] First hash bytes: e3 e5 de ed
Running GPU stages 1-7...
  Stage 1: 463 collisions in 453 buckets (max 3 per bucket)
  [DEBUG] First 5 non-empty buckets: bucket 20=1 colls, bucket 49=1 colls, bucket 62=1 colls, bucket 65=1 colls, bucket 155=1 colls, 
  [DEBUG] First collision attr=0x00000000 hash=00000000
  Stage 2: 7 collisions
  [DEBUG] Stage 2 first 10 bucket_counts: 0 0 0 0 0 0 0 0 0 0 
  Stage 3: 0 collisions
  Stage 4: 0 collisions
  Stage 5: 0 collisions
  Stage 6: 0 collisions
  Stage 7: 0 solution candidates
GPU mining complete: 0.65 seconds

No solution candidates found (need more nonces)

═══ Batch 411/625: nonces 13120000-13151999 (32000 nonces) ═══

--- Mining batch: 32000 nonces (64000 hashes) starting at nonce 13120000 ---
  [DEBUG] idx=0 -> nonce g=13120000
  [DEBUG] idx=1 -> nonce g=13120000
  [DEBUG] idx=2 -> nonce g=13120001
  [DEBUG] idx=3 -> nonce g=13120001
  [DEBUG] idx=63998 -> nonce g=13151999
  [DEBUG] idx=63999 -> nonce g=13151999
  [DEBUG] First 10 hash bucket IDs: 141641 104631 447284 601923 480005 103664 926339 340182 285299 833772 
  [DEBUG] First hash bytes: 22 94 91 83
Running GPU stages 1-7...
  Stage 1: 497 collisions in 480 buckets (max 3 per bucket)
  [DEBUG] First 5 non-empty buckets: bucket 21=1 colls, bucket 34=1 colls, bucket 103=1 colls, bucket 207=1 colls, bucket 338=1 colls, 
  [DEBUG] First collision attr=0x00000000 hash=00000000
  Stage 2: 7 collisions
  [DEBUG] Stage 2 first 10 bucket_counts: 0 0 0 0 0 0 0 0 0 0 
  Stage 3: 0 collisions
  Stage 4: 0 collisions
  Stage 5: 0 collisions
  Stage 6: 0 collisions
  Stage 7: 0 solution candidates
GPU mining complete: 0.65 seconds

No solution candidates found (need more nonces)

═══ Batch 412/625: nonces 13152000-13183999 (32000 nonces) ═══

--- Mining batch: 32000 nonces (64000 hashes) starting at nonce 13152000 ---
  [DEBUG] idx=0 -> nonce g=13152000
  [DEBUG] idx=1 -> nonce g=13152000
  [DEBUG] idx=2 -> nonce g=13152001
  [DEBUG] idx=3 -> nonce g=13152001
  [DEBUG] idx=63998 -> nonce g=13183999
  [DEBUG] idx=63999 -> nonce g=13183999
  [DEBUG] First 10 hash bucket IDs: 942435 186708 858429 692708 1043185 752023 913267 784701 738805 234900 
  [DEBUG] First hash bytes: e6 16 3b 04
Running GPU stages 1-7...
  Stage 1: 477 collisions in 464 buckets (max 3 per bucket)
  [DEBUG] First 5 non-empty buckets: bucket 47=1 colls, bucket 65=1 colls, bucket 105=1 colls, bucket 117=1 colls, bucket 128=1 colls, 
  [DEBUG] First collision attr=0x00000000 hash=00000000
  Stage 2: 5 collisions
  [DEBUG] Stage 2 first 10 bucket_counts: 0 0 0 0 0 0 0 0 0 0 
  Stage 3: 0 collisions
  Stage 4: 0 collisions
  Stage 5: 0 collisions
  Stage 6: 0 collisions
  Stage 7: 0 solution candidates
GPU mining complete: 0.65 seconds

No solution candidates found (need more nonces)

═══ Batch 413/625: nonces 13184000-13215999 (32000 nonces) ═══

--- Mining batch: 32000 nonces (64000 hashes) starting at nonce 13184000 ---
  [DEBUG] idx=0 -> nonce g=13184000
  [DEBUG] idx=1 -> nonce g=13184000
  [DEBUG] idx=2 -> nonce g=13184001
  [DEBUG] idx=3 -> nonce g=13184001
  [DEBUG] idx=63998 -> nonce g=13215999
  [DEBUG] idx=63999 -> nonce g=13215999
  [DEBUG] First 10 hash bucket IDs: 283057 396078 477570 531632 932712 517771 979774 102380 662622 771765 
  [DEBUG] First hash bytes: 45 1b 1e b5
Running GPU stages 1-7...
  Stage 1: 482 collisions in 468 buckets (max 3 per bucket)
  [DEBUG] First 5 non-empty buckets: bucket 61=1 colls, bucket 137=1 colls, bucket 146=1 colls, bucket 231=1 colls, bucket 242=1 colls, 
  [DEBUG] First collision attr=0x00000000 hash=00000000
  Stage 2: 7 collisions
  [DEBUG] Stage 2 first 10 bucket_counts: 0 0 0 0 0 0 0 0 0 0 
  Stage 3: 0 collisions
  Stage 4: 0 collisions
  Stage 5: 0 collisions
  Stage 6: 0 collisions
  Stage 7: 0 solution candidates
GPU mining complete: 0.65 seconds

No solution candidates found (need more nonces)

═══ Batch 414/625: nonces 13216000-13247999 (32000 nonces) ═══

--- Mining batch: 32000 nonces (64000 hashes) starting at nonce 13216000 ---
  [DEBUG] idx=0 -> nonce g=13216000
  [DEBUG] idx=1 -> nonce g=13216000
  [DEBUG] idx=2 -> nonce g=13216001
  [DEBUG] idx=3 -> nonce g=13216001
  [DEBUG] idx=63998 -> nonce g=13247999
  [DEBUG] idx=63999 -> nonce g=13247999
  [DEBUG] First 10 hash bucket IDs: 515052 648835 1018577 328452 701040 164731 408096 738123 706283 752029 
  [DEBUG] First hash bytes: 7d be c2 11
Running GPU stages 1-7...
  Stage 1: 466 collisions in 454 buckets (max 3 per bucket)
  [DEBUG] First 5 non-empty buckets: bucket 60=1 colls, bucket 93=1 colls, bucket 99=1 colls, bucket 131=1 colls, bucket 187=1 colls, 
  [DEBUG] First collision attr=0x00000000 hash=00000000
  Stage 2: 9 collisions
  [DEBUG] Stage 2 first 10 bucket_counts: 0 0 0 0 0 0 0 0 0 0 
  Stage 3: 0 collisions
  Stage 4: 0 collisions
  Stage 5: 0 collisions
  Stage 6: 0 collisions
  Stage 7: 0 solution candidates
GPU mining complete: 0.65 seconds

No solution candidates found (need more nonces)

═══ Batch 415/625: nonces 13248000-13279999 (32000 nonces) ═══

--- Mining batch: 32000 nonces (64000 hashes) starting at nonce 13248000 ---
  [DEBUG] idx=0 -> nonce g=13248000
  [DEBUG] idx=1 -> nonce g=13248000
  [DEBUG] idx=2 -> nonce g=13248001
  [DEBUG] idx=3 -> nonce g=13248001
  [DEBUG] idx=63998 -> nonce g=13279999
  [DEBUG] idx=63999 -> nonce g=13279999
  [DEBUG] First 10 hash bucket IDs: 518399 185573 546844 585837 673725 478687 915123 10125 383061 837839 
  [DEBUG] First hash bytes: 7e 8f f3 7f
Running GPU stages 1-7...
  Stage 1: 520 collisions in 504 buckets (max 4 per bucket)
  [DEBUG] First 5 non-empty buckets: bucket 6=1 colls, bucket 10=1 colls, bucket 37=1 colls, bucket 59=1 colls, bucket 86=1 colls, 
  [DEBUG] First collision attr=0x00000000 hash=00000000
  Stage 2: 7 collisions
  [DEBUG] Stage 2 first 10 bucket_counts: 0 0 0 0 0 0 0 0 0 0 
  Stage 3: 0 collisions
  Stage 4: 0 collisions
  Stage 5: 0 collisions
  Stage 6: 0 collisions
  Stage 7: 0 solution candidates
GPU mining complete: 0.66 seconds

No solution candidates found (need more nonces)

═══ Batch 416/625: nonces 13280000-13311999 (32000 nonces) ═══

--- Mining batch: 32000 nonces (64000 hashes) starting at nonce 13280000 ---
  [DEBUG] idx=0 -> nonce g=13280000
  [DEBUG] idx=1 -> nonce g=13280000
  [DEBUG] idx=2 -> nonce g=13280001
  [DEBUG] idx=3 -> nonce g=13280001
  [DEBUG] idx=63998 -> nonce g=13311999
  [DEBUG] idx=63999 -> nonce g=13311999
  [DEBUG] First 10 hash bucket IDs: 271800 401813 13125 697695 690148 240379 835989 651245 612308 522790 
  [DEBUG] First hash bytes: 42 5b 89 07
Running GPU stages 1-7...
  Stage 1: 477 collisions in 463 buckets (max 3 per bucket)
  [DEBUG] First 5 non-empty buckets: bucket 90=1 colls, bucket 125=1 colls, bucket 151=1 colls, bucket 156=1 colls, bucket 162=1 colls, 
  [DEBUG] First collision attr=0x00000000 hash=00000000
  Stage 2: 8 collisions
  [DEBUG] Stage 2 first 10 bucket_counts: 0 0 0 0 0 0 0 0 0 0 
  Stage 3: 0 collisions
  Stage 4: 0 collisions
  Stage 5: 0 collisions
  Stage 6: 0 collisions
  Stage 7: 0 solution candidates
GPU mining complete: 0.67 seconds

No solution candidates found (need more nonces)

═══ Batch 417/625: nonces 13312000-13343999 (32000 nonces) ═══

--- Mining batch: 32000 nonces (64000 hashes) starting at nonce 13312000 ---
  [DEBUG] idx=0 -> nonce g=13312000
  [DEBUG] idx=1 -> nonce g=13312000
  [DEBUG] idx=2 -> nonce g=13312001
  [DEBUG] idx=3 -> nonce g=13312001
  [DEBUG] idx=63998 -> nonce g=13343999
  [DEBUG] idx=63999 -> nonce g=13343999
  [DEBUG] First 10 hash bucket IDs: 50383 620689 274223 223116 939823 157350 387931 9170 363805 443779 
  [DEBUG] First hash bytes: 0c 4c fb 60
Running GPU stages 1-7...
  Stage 1: 512 collisions in 496 buckets (max 3 per bucket)
  [DEBUG] First 5 non-empty buckets: bucket 43=1 colls, bucket 57=1 colls, bucket 73=1 colls, bucket 81=1 colls, bucket 83=1 colls, 
  [DEBUG] First collision attr=0x00000000 hash=00000000
  Stage 2: 10 collisions
  [DEBUG] Stage 2 first 10 bucket_counts: 0 0 0 0 0 0 0 0 0 0 
  Stage 3: 0 collisions
  Stage 4: 0 collisions
  Stage 5: 0 collisions
  Stage 6: 0 collisions
  Stage 7: 0 solution candidates
GPU mining complete: 0.62 seconds

No solution candidates found (need more nonces)

═══ Batch 418/625: nonces 13344000-13375999 (32000 nonces) ═══

--- Mining batch: 32000 nonces (64000 hashes) starting at nonce 13344000 ---
  [DEBUG] idx=0 -> nonce g=13344000
  [DEBUG] idx=1 -> nonce g=13344000
  [DEBUG] idx=2 -> nonce g=13344001
  [DEBUG] idx=3 -> nonce g=13344001
  [DEBUG] idx=63998 -> nonce g=13375999
  [DEBUG] idx=63999 -> nonce g=13375999
  [DEBUG] First 10 hash bucket IDs: 673830 78776 388634 93956 634758 383318 827742 177109 613191 489549 
  [DEBUG] First hash bytes: a4 82 62 be
Running GPU stages 1-7...
  Stage 1: 501 collisions in 484 buckets (max 4 per bucket)
  [DEBUG] First 5 non-empty buckets: bucket 26=1 colls, bucket 61=1 colls, bucket 84=1 colls, bucket 130=1 colls, bucket 169=1 colls, 
  [DEBUG] First collision attr=0x00000000 hash=00000000
  Stage 2: 6 collisions
  [DEBUG] Stage 2 first 10 bucket_counts: 0 0 0 0 0 0 0 0 0 0 
  Stage 3: 0 collisions
  Stage 4: 0 collisions
  Stage 5: 0 collisions
  Stage 6: 0 collisions
  Stage 7: 0 solution candidates
GPU mining complete: 0.63 seconds

No solution candidates found (need more nonces)

═══ Batch 419/625: nonces 13376000-13407999 (32000 nonces) ═══

--- Mining batch: 32000 nonces (64000 hashes) starting at nonce 13376000 ---
  [DEBUG] idx=0 -> nonce g=13376000
  [DEBUG] idx=1 -> nonce g=13376000
  [DEBUG] idx=2 -> nonce g=13376001
  [DEBUG] idx=3 -> nonce g=13376001
  [DEBUG] idx=63998 -> nonce g=13407999
  [DEBUG] idx=63999 -> nonce g=13407999
  [DEBUG] First 10 hash bucket IDs: 1026269 581274 905863 850790 657128 982231 564440 634251 33178 700567 
  [DEBUG] First hash bytes: fa 8d dc cd
Running GPU stages 1-7...
  Stage 1: 523 collisions in 506 buckets (max 3 per bucket)
  [DEBUG] First 5 non-empty buckets: bucket 6=1 colls, bucket 70=1 colls, bucket 112=1 colls, bucket 123=1 colls, bucket 184=1 colls, 
  [DEBUG] First collision attr=0x00000000 hash=00000000
  Stage 2: 8 collisions
  [DEBUG] Stage 2 first 10 bucket_counts: 0 0 0 0 0 0 0 0 0 0 
  Stage 3: 0 collisions
  Stage 4: 0 collisions
  Stage 5: 0 collisions
  Stage 6: 0 collisions
  Stage 7: 0 solution candidates
GPU mining complete: 0.65 seconds

No solution candidates found (need more nonces)

═══ Batch 420/625: nonces 13408000-13439999 (32000 nonces) ═══

--- Mining batch: 32000 nonces (64000 hashes) starting at nonce 13408000 ---
  [DEBUG] idx=0 -> nonce g=13408000
  [DEBUG] idx=1 -> nonce g=13408000
  [DEBUG] idx=2 -> nonce g=13408001
  [DEBUG] idx=3 -> nonce g=13408001
  [DEBUG] idx=63998 -> nonce g=13439999
  [DEBUG] idx=63999 -> nonce g=13439999
  [DEBUG] First 10 hash bucket IDs: 524329 294928 1019907 899794 527830 865786 862867 718398 462404 651806 
  [DEBUG] First hash bytes: 80 02 95 b7
Running GPU stages 1-7...
  Stage 1: 539 collisions in 522 buckets (max 3 per bucket)
  [DEBUG] First 5 non-empty buckets: bucket 80=1 colls, bucket 96=1 colls, bucket 108=1 colls, bucket 136=1 colls, bucket 144=1 colls, 
  [DEBUG] First collision attr=0x00000000 hash=00000000
  Stage 2: 6 collisions
  [DEBUG] Stage 2 first 10 bucket_counts: 0 0 0 0 0 0 0 0 0 0 
  Stage 3: 0 collisions
  Stage 4: 0 collisions
  Stage 5: 0 collisions
  Stage 6: 0 collisions
  Stage 7: 0 solution candidates
GPU mining complete: 0.66 seconds

No solution candidates found (need more nonces)

═══ Batch 421/625: nonces 13440000-13471999 (32000 nonces) ═══

--- Mining batch: 32000 nonces (64000 hashes) starting at nonce 13440000 ---
  [DEBUG] idx=0 -> nonce g=13440000
  [DEBUG] idx=1 -> nonce g=13440000
  [DEBUG] idx=2 -> nonce g=13440001
  [DEBUG] idx=3 -> nonce g=13440001
  [DEBUG] idx=63998 -> nonce g=13471999
  [DEBUG] idx=63999 -> nonce g=13471999
  [DEBUG] First 10 hash bucket IDs: 494864 741101 534969 319299 235449 527104 666214 340446 866204 973994 
  [DEBUG] First hash bytes: 78 d1 08 38
Running GPU stages 1-7...
  Stage 1: 486 collisions in 476 buckets (max 3 per bucket)
  [DEBUG] First 5 non-empty buckets: bucket 1=1 colls, bucket 71=1 colls, bucket 72=1 colls, bucket 80=1 colls, bucket 101=1 colls, 
  [DEBUG] First collision attr=0x00000000 hash=00000000
  Stage 2: 7 collisions
  [DEBUG] Stage 2 first 10 bucket_counts: 0 0 0 0 0 0 0 0 0 0 
  Stage 3: 0 collisions
  Stage 4: 0 collisions
  Stage 5: 0 collisions
  Stage 6: 0 collisions
  Stage 7: 0 solution candidates
GPU mining complete: 0.62 seconds

No solution candidates found (need more nonces)

═══ Batch 422/625: nonces 13472000-13503999 (32000 nonces) ═══

--- Mining batch: 32000 nonces (64000 hashes) starting at nonce 13472000 ---
  [DEBUG] idx=0 -> nonce g=13472000
  [DEBUG] idx=1 -> nonce g=13472000
  [DEBUG] idx=2 -> nonce g=13472001
  [DEBUG] idx=3 -> nonce g=13472001
  [DEBUG] idx=63998 -> nonce g=13503999
  [DEBUG] idx=63999 -> nonce g=13503999
  [DEBUG] First 10 hash bucket IDs: 832236 312039 32795 186560 786628 713645 30807 890549 324339 328523 
  [DEBUG] First hash bytes: cb 2e c3 f1
Running GPU stages 1-7...
  Stage 1: 490 collisions in 486 buckets (max 3 per bucket)
  [DEBUG] First 5 non-empty buckets: bucket 37=1 colls, bucket 95=1 colls, bucket 204=1 colls, bucket 214=1 colls, bucket 288=1 colls, 
  [DEBUG] First collision attr=0x00000000 hash=00000000
  Stage 2: 6 collisions
  [DEBUG] Stage 2 first 10 bucket_counts: 0 0 0 0 0 0 0 0 0 0 
  Stage 3: 0 collisions
  Stage 4: 0 collisions
  Stage 5: 0 collisions
  Stage 6: 0 collisions
  Stage 7: 0 solution candidates
GPU mining complete: 0.66 seconds

No solution candidates found (need more nonces)

═══ Batch 423/625: nonces 13504000-13535999 (32000 nonces) ═══

--- Mining batch: 32000 nonces (64000 hashes) starting at nonce 13504000 ---
  [DEBUG] idx=0 -> nonce g=13504000
  [DEBUG] idx=1 -> nonce g=13504000
  [DEBUG] idx=2 -> nonce g=13504001
  [DEBUG] idx=3 -> nonce g=13504001
  [DEBUG] idx=63998 -> nonce g=13535999
  [DEBUG] idx=63999 -> nonce g=13535999
  [DEBUG] First 10 hash bucket IDs: 738734 984117 574522 730350 763052 752369 881445 81005 986341 34835 
  [DEBUG] First hash bytes: b4 5a e5 97
Running GPU stages 1-7...
  Stage 1: 487 collisions in 472 buckets (max 3 per bucket)
  [DEBUG] First 5 non-empty buckets: bucket 8=1 colls, bucket 19=1 colls, bucket 29=1 colls, bucket 125=1 colls, bucket 128=1 colls, 
  [DEBUG] First collision attr=0x00000000 hash=00000000
  Stage 2: 7 collisions
  [DEBUG] Stage 2 first 10 bucket_counts: 0 0 0 0 0 0 0 0 0 0 
  Stage 3: 0 collisions
  Stage 4: 0 collisions
  Stage 5: 0 collisions
  Stage 6: 0 collisions
  Stage 7: 0 solution candidates
GPU mining complete: 0.66 seconds

No solution candidates found (need more nonces)

═══ Batch 424/625: nonces 13536000-13567999 (32000 nonces) ═══

--- Mining batch: 32000 nonces (64000 hashes) starting at nonce 13536000 ---
  [DEBUG] idx=0 -> nonce g=13536000
  [DEBUG] idx=1 -> nonce g=13536000
  [DEBUG] idx=2 -> nonce g=13536001
  [DEBUG] idx=3 -> nonce g=13536001
  [DEBUG] idx=63998 -> nonce g=13567999
  [DEBUG] idx=63999 -> nonce g=13567999
  [DEBUG] First 10 hash bucket IDs: 465968 482844 955092 297265 597963 782193 991835 576060 741834 260044 
  [DEBUG] First hash bytes: 71 c3 09 f9
Running GPU stages 1-7...
  Stage 1: 432 collisions in 425 buckets (max 3 per bucket)
  [DEBUG] First 5 non-empty buckets: bucket 21=1 colls, bucket 72=1 colls, bucket 83=1 colls, bucket 220=1 colls, bucket 230=1 colls, 
  [DEBUG] First collision attr=0x00000000 hash=00000000
  Stage 2: 8 collisions
  [DEBUG] Stage 2 first 10 bucket_counts: 0 0 0 0 0 0 0 0 0 0 
  Stage 3: 0 collisions
  Stage 4: 0 collisions
  Stage 5: 0 collisions
  Stage 6: 0 collisions
  Stage 7: 0 solution candidates
GPU mining complete: 0.66 seconds

No solution candidates found (need more nonces)

═══ Batch 425/625: nonces 13568000-13599999 (32000 nonces) ═══

--- Mining batch: 32000 nonces (64000 hashes) starting at nonce 13568000 ---
  [DEBUG] idx=0 -> nonce g=13568000
  [DEBUG] idx=1 -> nonce g=13568000
  [DEBUG] idx=2 -> nonce g=13568001
  [DEBUG] idx=3 -> nonce g=13568001
  [DEBUG] idx=63998 -> nonce g=13599999
  [DEBUG] idx=63999 -> nonce g=13599999
  [DEBUG] First 10 hash bucket IDs: 433489 1001842 996500 34513 694532 248429 761826 865732 791097 11211 
  [DEBUG] First hash bytes: 69 d5 1d ed
Running GPU stages 1-7...
  Stage 1: 496 collisions in 478 buckets (max 3 per bucket)
  [DEBUG] First 5 non-empty buckets: bucket 94=1 colls, bucket 126=1 colls, bucket 150=1 colls, bucket 157=1 colls, bucket 186=1 colls, 
  [DEBUG] First collision attr=0x00000000 hash=00000000
  Stage 2: 9 collisions
  [DEBUG] Stage 2 first 10 bucket_counts: 0 0 0 0 0 0 0 0 0 0 
  Stage 3: 0 collisions
  Stage 4: 0 collisions
  Stage 5: 0 collisions
  Stage 6: 0 collisions
  Stage 7: 0 solution candidates
GPU mining complete: 0.65 seconds

No solution candidates found (need more nonces)

═══ Batch 426/625: nonces 13600000-13631999 (32000 nonces) ═══

--- Mining batch: 32000 nonces (64000 hashes) starting at nonce 13600000 ---
  [DEBUG] idx=0 -> nonce g=13600000
  [DEBUG] idx=1 -> nonce g=13600000
  [DEBUG] idx=2 -> nonce g=13600001
  [DEBUG] idx=3 -> nonce g=13600001
  [DEBUG] idx=63998 -> nonce g=13631999
  [DEBUG] idx=63999 -> nonce g=13631999
  [DEBUG] First 10 hash bucket IDs: 913007 208279 452180 549560 312081 913357 485572 236619 665723 815917 
  [DEBUG] First hash bytes: de e6 f7 29
Running GPU stages 1-7...
  Stage 1: 511 collisions in 504 buckets (max 3 per bucket)
  [DEBUG] First 5 non-empty buckets: bucket 17=1 colls, bucket 83=1 colls, bucket 220=1 colls, bucket 265=1 colls, bucket 269=1 colls, 
  [DEBUG] First collision attr=0x00000000 hash=00000000
  Stage 2: 9 collisions
  [DEBUG] Stage 2 first 10 bucket_counts: 0 0 0 0 0 0 0 0 0 0 
  Stage 3: 0 collisions
  Stage 4: 0 collisions
  Stage 5: 0 collisions
  Stage 6: 0 collisions
  Stage 7: 0 solution candidates
GPU mining complete: 0.65 seconds

No solution candidates found (need more nonces)

═══ Batch 427/625: nonces 13632000-13663999 (32000 nonces) ═══

--- Mining batch: 32000 nonces (64000 hashes) starting at nonce 13632000 ---
  [DEBUG] idx=0 -> nonce g=13632000
  [DEBUG] idx=1 -> nonce g=13632000
  [DEBUG] idx=2 -> nonce g=13632001
  [DEBUG] idx=3 -> nonce g=13632001
  [DEBUG] idx=63998 -> nonce g=13663999
  [DEBUG] idx=63999 -> nonce g=13663999
  [DEBUG] First 10 hash bucket IDs: 961373 978356 665116 518389 344817 722926 781503 402033 778029 684440 
  [DEBUG] First hash bytes: ea b5 d0 2e
Running GPU stages 1-7...
  Stage 1: 490 collisions in 479 buckets (max 3 per bucket)
  [DEBUG] First 5 non-empty buckets: bucket 8=1 colls, bucket 23=1 colls, bucket 78=1 colls, bucket 117=3 colls, bucket 214=1 colls, 
  [DEBUG] First collision attr=0x00000000 hash=00000000
  Stage 2: 8 collisions
  [DEBUG] Stage 2 first 10 bucket_counts: 0 0 0 0 0 0 0 0 0 0 
  Stage 3: 0 collisions
  Stage 4: 0 collisions
  Stage 5: 0 collisions
  Stage 6: 0 collisions
  Stage 7: 0 solution candidates
GPU mining complete: 0.66 seconds

No solution candidates found (need more nonces)

═══ Batch 428/625: nonces 13664000-13695999 (32000 nonces) ═══

--- Mining batch: 32000 nonces (64000 hashes) starting at nonce 13664000 ---
  [DEBUG] idx=0 -> nonce g=13664000
  [DEBUG] idx=1 -> nonce g=13664000
  [DEBUG] idx=2 -> nonce g=13664001
  [DEBUG] idx=3 -> nonce g=13664001
  [DEBUG] idx=63998 -> nonce g=13695999
  [DEBUG] idx=63999 -> nonce g=13695999
  [DEBUG] First 10 hash bucket IDs: 838869 523092 319662 599843 576971 27311 211154 846632 253176 528677 
  [DEBUG] First hash bytes: cc cd 5e e1
Running GPU stages 1-7...
  Stage 1: 468 collisions in 445 buckets (max 3 per bucket)
  [DEBUG] First 5 non-empty buckets: bucket 1=1 colls, bucket 26=1 colls, bucket 37=1 colls, bucket 56=1 colls, bucket 72=1 colls, 
  [DEBUG] First collision attr=0x00000000 hash=00000000
  Stage 2: 7 collisions
  [DEBUG] Stage 2 first 10 bucket_counts: 0 0 0 0 0 0 0 0 0 0 
  Stage 3: 0 collisions
  Stage 4: 0 collisions
  Stage 5: 0 collisions
  Stage 6: 0 collisions
  Stage 7: 0 solution candidates
GPU mining complete: 0.68 seconds

No solution candidates found (need more nonces)

═══ Batch 429/625: nonces 13696000-13727999 (32000 nonces) ═══

--- Mining batch: 32000 nonces (64000 hashes) starting at nonce 13696000 ---
  [DEBUG] idx=0 -> nonce g=13696000
  [DEBUG] idx=1 -> nonce g=13696000
  [DEBUG] idx=2 -> nonce g=13696001
  [DEBUG] idx=3 -> nonce g=13696001
  [DEBUG] idx=63998 -> nonce g=13727999
  [DEBUG] idx=63999 -> nonce g=13727999
  [DEBUG] First 10 hash bucket IDs: 996859 740282 634153 181576 537577 829815 394629 743745 925685 433824 
  [DEBUG] First hash bytes: f3 5f b8 6b
Running GPU stages 1-7...
  Stage 1: 493 collisions in 477 buckets (max 3 per bucket)
  [DEBUG] First 5 non-empty buckets: bucket 19=1 colls, bucket 37=1 colls, bucket 44=1 colls, bucket 54=1 colls, bucket 55=1 colls, 
  [DEBUG] First collision attr=0x00000000 hash=00000000
  Stage 2: 7 collisions
  [DEBUG] Stage 2 first 10 bucket_counts: 0 0 0 0 0 0 0 0 0 0 
  Stage 3: 0 collisions
  Stage 4: 0 collisions
  Stage 5: 0 collisions
  Stage 6: 0 collisions
  Stage 7: 0 solution candidates
GPU mining complete: 0.69 seconds

No solution candidates found (need more nonces)

═══ Batch 430/625: nonces 13728000-13759999 (32000 nonces) ═══

--- Mining batch: 32000 nonces (64000 hashes) starting at nonce 13728000 ---
  [DEBUG] idx=0 -> nonce g=13728000
  [DEBUG] idx=1 -> nonce g=13728000
  [DEBUG] idx=2 -> nonce g=13728001
  [DEBUG] idx=3 -> nonce g=13728001
  [DEBUG] idx=63998 -> nonce g=13759999
  [DEBUG] idx=63999 -> nonce g=13759999
  [DEBUG] First 10 hash bucket IDs: 394933 989995 593275 487887 93516 493661 99504 624818 566913 952599 
  [DEBUG] First hash bytes: 60 6b 5c 99
Running GPU stages 1-7...
  Stage 1: 439 collisions in 428 buckets (max 3 per bucket)
  [DEBUG] First 5 non-empty buckets: bucket 17=1 colls, bucket 26=1 colls, bucket 90=1 colls, bucket 95=1 colls, bucket 213=1 colls, 
  [DEBUG] First collision attr=0x00000000 hash=00000000
  Stage 2: 6 collisions
  [DEBUG] Stage 2 first 10 bucket_counts: 0 0 0 0 0 0 0 0 0 0 
  Stage 3: 0 collisions
  Stage 4: 0 collisions
  Stage 5: 0 collisions
  Stage 6: 0 collisions
  Stage 7: 0 solution candidates
GPU mining complete: 0.66 seconds

No solution candidates found (need more nonces)

═══ Batch 431/625: nonces 13760000-13791999 (32000 nonces) ═══

--- Mining batch: 32000 nonces (64000 hashes) starting at nonce 13760000 ---
  [DEBUG] idx=0 -> nonce g=13760000
  [DEBUG] idx=1 -> nonce g=13760000
  [DEBUG] idx=2 -> nonce g=13760001
  [DEBUG] idx=3 -> nonce g=13760001
  [DEBUG] idx=63998 -> nonce g=13791999
  [DEBUG] idx=63999 -> nonce g=13791999
  [DEBUG] First 10 hash bucket IDs: 835292 668750 246242 662273 495705 254777 843383 451275 1029181 1001096 
  [DEBUG] First hash bytes: cb ed c8 f0
Running GPU stages 1-7...
  Stage 1: 473 collisions in 461 buckets (max 3 per bucket)
  [DEBUG] First 5 non-empty buckets: bucket 26=1 colls, bucket 39=3 colls, bucket 90=1 colls, bucket 177=1 colls, bucket 185=1 colls, 
  [DEBUG] First collision attr=0x00000000 hash=00000000
  Stage 2: 12 collisions
  [DEBUG] Stage 2 first 10 bucket_counts: 0 0 0 0 0 0 0 0 0 0 
  Stage 3: 0 collisions
  Stage 4: 0 collisions
  Stage 5: 0 collisions
  Stage 6: 0 collisions
  Stage 7: 0 solution candidates
GPU mining complete: 0.66 seconds

No solution candidates found (need more nonces)

═══ Batch 432/625: nonces 13792000-13823999 (32000 nonces) ═══

--- Mining batch: 32000 nonces (64000 hashes) starting at nonce 13792000 ---
  [DEBUG] idx=0 -> nonce g=13792000
  [DEBUG] idx=1 -> nonce g=13792000
  [DEBUG] idx=2 -> nonce g=13792001
  [DEBUG] idx=3 -> nonce g=13792001
  [DEBUG] idx=63998 -> nonce g=13823999
  [DEBUG] idx=63999 -> nonce g=13823999
  [DEBUG] First 10 hash bucket IDs: 965937 10927 553249 801990 965425 553560 979283 208263 634375 993967 
  [DEBUG] First hash bytes: eb d3 11 d6
Running GPU stages 1-7...
  Stage 1: 474 collisions in 455 buckets (max 3 per bucket)
  [DEBUG] First 5 non-empty buckets: bucket 42=1 colls, bucket 52=1 colls, bucket 133=1 colls, bucket 203=1 colls, bucket 333=1 colls, 
  [DEBUG] First collision attr=0x00000000 hash=00000000
  Stage 2: 8 collisions
  [DEBUG] Stage 2 first 10 bucket_counts: 0 0 0 0 0 0 0 0 0 0 
  Stage 3: 0 collisions
  Stage 4: 0 collisions
  Stage 5: 0 collisions
  Stage 6: 0 collisions
  Stage 7: 0 solution candidates
GPU mining complete: 0.62 seconds

No solution candidates found (need more nonces)

═══ Batch 433/625: nonces 13824000-13855999 (32000 nonces) ═══

--- Mining batch: 32000 nonces (64000 hashes) starting at nonce 13824000 ---
  [DEBUG] idx=0 -> nonce g=13824000
  [DEBUG] idx=1 -> nonce g=13824000
  [DEBUG] idx=2 -> nonce g=13824001
  [DEBUG] idx=3 -> nonce g=13824001
  [DEBUG] idx=63998 -> nonce g=13855999
  [DEBUG] idx=63999 -> nonce g=13855999
  [DEBUG] First 10 hash bucket IDs: 806551 755511 991576 464896 1027778 646831 805929 937098 45047 788563 
  [DEBUG] First hash bytes: c4 e9 7b db
Running GPU stages 1-7...
  Stage 1: 449 collisions in 439 buckets (max 3 per bucket)
  [DEBUG] First 5 non-empty buckets: bucket 46=1 colls, bucket 156=1 colls, bucket 255=1 colls, bucket 322=1 colls, bucket 460=1 colls, 
  [DEBUG] First collision attr=0x00000000 hash=00000000
  Stage 2: 4 collisions
  [DEBUG] Stage 2 first 10 bucket_counts: 0 0 0 0 0 0 0 0 0 0 
  Stage 3: 0 collisions
  Stage 4: 0 collisions
  Stage 5: 0 collisions
  Stage 6: 0 collisions
  Stage 7: 0 solution candidates
GPU mining complete: 0.66 seconds

No solution candidates found (need more nonces)

═══ Batch 434/625: nonces 13856000-13887999 (32000 nonces) ═══

--- Mining batch: 32000 nonces (64000 hashes) starting at nonce 13856000 ---
  [DEBUG] idx=0 -> nonce g=13856000
  [DEBUG] idx=1 -> nonce g=13856000
  [DEBUG] idx=2 -> nonce g=13856001
  [DEBUG] idx=3 -> nonce g=13856001
  [DEBUG] idx=63998 -> nonce g=13887999
  [DEBUG] idx=63999 -> nonce g=13887999
  [DEBUG] First 10 hash bucket IDs: 628688 769193 164632 433782 181254 263519 610643 507829 574937 711614 
  [DEBUG] First hash bytes: 99 7d 0d 3b
Running GPU stages 1-7...
  Stage 1: 477 collisions in 469 buckets (max 2 per bucket)
  [DEBUG] First 5 non-empty buckets: bucket 7=1 colls, bucket 43=1 colls, bucket 60=1 colls, bucket 96=1 colls, bucket 164=1 colls, 
  [DEBUG] First collision attr=0x00000000 hash=00000000
  Stage 2: 7 collisions
  [DEBUG] Stage 2 first 10 bucket_counts: 0 0 0 0 0 0 0 0 0 0 
  Stage 3: 0 collisions
  Stage 4: 0 collisions
  Stage 5: 0 collisions
  Stage 6: 0 collisions
  Stage 7: 0 solution candidates
GPU mining complete: 0.65 seconds

No solution candidates found (need more nonces)

═══ Batch 435/625: nonces 13888000-13919999 (32000 nonces) ═══

--- Mining batch: 32000 nonces (64000 hashes) starting at nonce 13888000 ---
  [DEBUG] idx=0 -> nonce g=13888000
  [DEBUG] idx=1 -> nonce g=13888000
  [DEBUG] idx=2 -> nonce g=13888001
  [DEBUG] idx=3 -> nonce g=13888001
  [DEBUG] idx=63998 -> nonce g=13919999
  [DEBUG] idx=63999 -> nonce g=13919999
  [DEBUG] First 10 hash bucket IDs: 894344 875401 914727 759875 1037941 726090 625915 246756 137524 147045 
  [DEBUG] First hash bytes: da 58 85 2c
Running GPU stages 1-7...
  Stage 1: 478 collisions in 464 buckets (max 3 per bucket)
  [DEBUG] First 5 non-empty buckets: bucket 47=1 colls, bucket 61=1 colls, bucket 104=1 colls, bucket 109=1 colls, bucket 180=1 colls, 
  [DEBUG] First collision attr=0x00000000 hash=00000000
  Stage 2: 2 collisions
  [DEBUG] Stage 2 first 10 bucket_counts: 0 0 0 0 0 0 0 0 0 0 
  Stage 3: 0 collisions
  Stage 4: 0 collisions
  Stage 5: 0 collisions
  Stage 6: 0 collisions
  Stage 7: 0 solution candidates
GPU mining complete: 0.66 seconds

No solution candidates found (need more nonces)

═══ Batch 436/625: nonces 13920000-13951999 (32000 nonces) ═══

--- Mining batch: 32000 nonces (64000 hashes) starting at nonce 13920000 ---
  [DEBUG] idx=0 -> nonce g=13920000
  [DEBUG] idx=1 -> nonce g=13920000
  [DEBUG] idx=2 -> nonce g=13920001
  [DEBUG] idx=3 -> nonce g=13920001
  [DEBUG] idx=63998 -> nonce g=13951999
  [DEBUG] idx=63999 -> nonce g=13951999
  [DEBUG] First 10 hash bucket IDs: 172160 684766 114384 976443 596650 256421 980176 589730 461196 177091 
  [DEBUG] First hash bytes: 2a 08 08 8b
Running GPU stages 1-7...
  Stage 1: 469 collisions in 458 buckets (max 3 per bucket)
  [DEBUG] First 5 non-empty buckets: bucket 24=1 colls, bucket 42=1 colls, bucket 52=1 colls, bucket 63=2 colls, bucket 96=1 colls, 
  [DEBUG] First collision attr=0x00000000 hash=00000000
  Stage 2: 6 collisions
  [DEBUG] Stage 2 first 10 bucket_counts: 0 0 0 0 0 0 0 0 0 0 
  Stage 3: 0 collisions
  Stage 4: 0 collisions
  Stage 5: 0 collisions
  Stage 6: 0 collisions
  Stage 7: 0 solution candidates
GPU mining complete: 0.65 seconds

No solution candidates found (need more nonces)

═══ Batch 437/625: nonces 13952000-13983999 (32000 nonces) ═══

--- Mining batch: 32000 nonces (64000 hashes) starting at nonce 13952000 ---
  [DEBUG] idx=0 -> nonce g=13952000
  [DEBUG] idx=1 -> nonce g=13952000
  [DEBUG] idx=2 -> nonce g=13952001
  [DEBUG] idx=3 -> nonce g=13952001
  [DEBUG] idx=63998 -> nonce g=13983999
  [DEBUG] idx=63999 -> nonce g=13983999
  [DEBUG] First 10 hash bucket IDs: 837176 695517 927846 417624 342211 355351 480299 851618 521544 236449 
  [DEBUG] First hash bytes: cc 63 87 32
Running GPU stages 1-7...
  Stage 1: 444 collisions in 436 buckets (max 3 per bucket)
  [DEBUG] First 5 non-empty buckets: bucket 24=1 colls, bucket 44=1 colls, bucket 62=1 colls, bucket 66=1 colls, bucket 95=1 colls, 
  [DEBUG] First collision attr=0x00000000 hash=00000000
  Stage 2: 2 collisions
  [DEBUG] Stage 2 first 10 bucket_counts: 0 0 0 0 0 0 0 0 0 0 
  Stage 3: 0 collisions
  Stage 4: 0 collisions
  Stage 5: 0 collisions
  Stage 6: 0 collisions
  Stage 7: 0 solution candidates
GPU mining complete: 0.65 seconds

No solution candidates found (need more nonces)

═══ Batch 438/625: nonces 13984000-14015999 (32000 nonces) ═══

--- Mining batch: 32000 nonces (64000 hashes) starting at nonce 13984000 ---
  [DEBUG] idx=0 -> nonce g=13984000
  [DEBUG] idx=1 -> nonce g=13984000
  [DEBUG] idx=2 -> nonce g=13984001
  [DEBUG] idx=3 -> nonce g=13984001
  [DEBUG] idx=63998 -> nonce g=14015999
  [DEBUG] idx=63999 -> nonce g=14015999
  [DEBUG] First 10 hash bucket IDs: 885549 586219 472661 81219 228389 719692 878055 224204 972484 770111 
  [DEBUG] First hash bytes: d8 32 d8 65
Running GPU stages 1-7...
  Stage 1: 471 collisions in 459 buckets (max 3 per bucket)
  [DEBUG] First 5 non-empty buckets: bucket 29=1 colls, bucket 56=1 colls, bucket 145=1 colls, bucket 290=1 colls, bucket 299=1 colls, 
  [DEBUG] First collision attr=0x00000000 hash=00000000
  Stage 2: 7 collisions
  [DEBUG] Stage 2 first 10 bucket_counts: 0 0 0 0 0 0 0 0 0 0 
  Stage 3: 0 collisions
  Stage 4: 0 collisions
  Stage 5: 0 collisions
  Stage 6: 0 collisions
  Stage 7: 0 solution candidates
GPU mining complete: 0.62 seconds

No solution candidates found (need more nonces)

═══ Batch 439/625: nonces 14016000-14047999 (32000 nonces) ═══

--- Mining batch: 32000 nonces (64000 hashes) starting at nonce 14016000 ---
  [DEBUG] idx=0 -> nonce g=14016000
  [DEBUG] idx=1 -> nonce g=14016000
  [DEBUG] idx=2 -> nonce g=14016001
  [DEBUG] idx=3 -> nonce g=14016001
  [DEBUG] idx=63998 -> nonce g=14047999
  [DEBUG] idx=63999 -> nonce g=14047999
  [DEBUG] First 10 hash bucket IDs: 732837 1030437 773414 201856 468855 120477 56946 602418 480217 337097 
  [DEBUG] First hash bytes: b2 ea 56 85
Running GPU stages 1-7...
  Stage 1: 483 collisions in 471 buckets (max 3 per bucket)
  [DEBUG] First 5 non-empty buckets: bucket 132=1 colls, bucket 198=1 colls, bucket 209=1 colls, bucket 247=1 colls, bucket 272=1 colls, 
  [DEBUG] First collision attr=0x00000000 hash=00000000
  Stage 2: 11 collisions
  [DEBUG] Stage 2 first 10 bucket_counts: 0 0 0 0 0 0 0 0 0 0 
  Stage 3: 0 collisions
  Stage 4: 0 collisions
  Stage 5: 0 collisions
  Stage 6: 0 collisions
  Stage 7: 0 solution candidates
GPU mining complete: 0.62 seconds

No solution candidates found (need more nonces)

═══ Batch 440/625: nonces 14048000-14079999 (32000 nonces) ═══

--- Mining batch: 32000 nonces (64000 hashes) starting at nonce 14048000 ---
  [DEBUG] idx=0 -> nonce g=14048000
  [DEBUG] idx=1 -> nonce g=14048000
  [DEBUG] idx=2 -> nonce g=14048001
  [DEBUG] idx=3 -> nonce g=14048001
  [DEBUG] idx=63998 -> nonce g=14079999
  [DEBUG] idx=63999 -> nonce g=14079999
  [DEBUG] First 10 hash bucket IDs: 212821 395239 679934 227206 457108 969123 484068 84986 153202 62307 
  [DEBUG] First hash bytes: 33 f5 50 29
Running GPU stages 1-7...
  Stage 1: 523 collisions in 506 buckets (max 3 per bucket)
  [DEBUG] First 5 non-empty buckets: bucket 2=1 colls, bucket 98=1 colls, bucket 111=1 colls, bucket 190=1 colls, bucket 205=1 colls, 
  [DEBUG] First collision attr=0x00000000 hash=00000000
  Stage 2: 9 collisions
  [DEBUG] Stage 2 first 10 bucket_counts: 0 0 0 0 0 0 0 0 0 0 
  Stage 3: 0 collisions
  Stage 4: 0 collisions
  Stage 5: 0 collisions
  Stage 6: 0 collisions
  Stage 7: 0 solution candidates
GPU mining complete: 0.67 seconds

No solution candidates found (need more nonces)

═══ Batch 441/625: nonces 14080000-14111999 (32000 nonces) ═══

--- Mining batch: 32000 nonces (64000 hashes) starting at nonce 14080000 ---
  [DEBUG] idx=0 -> nonce g=14080000
  [DEBUG] idx=1 -> nonce g=14080000
  [DEBUG] idx=2 -> nonce g=14080001
  [DEBUG] idx=3 -> nonce g=14080001
  [DEBUG] idx=63998 -> nonce g=14111999
  [DEBUG] idx=63999 -> nonce g=14111999
  [DEBUG] First 10 hash bucket IDs: 304472 108828 639276 813789 866287 296490 597461 515208 535893 1016392 
  [DEBUG] First hash bytes: 4a 55 86 68
Running GPU stages 1-7...
  Stage 1: 431 collisions in 423 buckets (max 3 per bucket)
  [DEBUG] First 5 non-empty buckets: bucket 48=1 colls, bucket 82=1 colls, bucket 87=1 colls, bucket 130=1 colls, bucket 206=1 colls, 
  [DEBUG] First collision attr=0x00000000 hash=00000000
  Stage 2: 4 collisions
  [DEBUG] Stage 2 first 10 bucket_counts: 0 0 0 0 0 0 0 0 0 0 
  Stage 3: 0 collisions
  Stage 4: 0 collisions
  Stage 5: 0 collisions
  Stage 6: 0 collisions
  Stage 7: 0 solution candidates
GPU mining complete: 0.65 seconds

No solution candidates found (need more nonces)

═══ Batch 442/625: nonces 14112000-14143999 (32000 nonces) ═══

--- Mining batch: 32000 nonces (64000 hashes) starting at nonce 14112000 ---
  [DEBUG] idx=0 -> nonce g=14112000
  [DEBUG] idx=1 -> nonce g=14112000
  [DEBUG] idx=2 -> nonce g=14112001
  [DEBUG] idx=3 -> nonce g=14112001
  [DEBUG] idx=6399